peth_time,r_squared,r_squared_adj,n_trials,Intercept_beta,Intercept_se,Intercept_tstat,Intercept_pvalue,C(Q_diff_bin)[T.1]_beta,C(Q_diff_bin)[T.1]_se,C(Q_diff_bin)[T.1]_tstat,C(Q_diff_bin)[T.1]_pvalue,C(Q_diff_bin)[T.2]_beta,C(Q_diff_bin)[T.2]_se,C(Q_diff_bin)[T.2]_tstat,C(Q_diff_bin)[T.2]_pvalue,C(Q_diff_bin)[T.3]_beta,C(Q_diff_bin)[T.3]_se,C(Q_diff_bin)[T.3]_tstat,C(Q_diff_bin)[T.3]_pvalue,C(Q_diff_bin)[T.4]_beta,C(Q_diff_bin)[T.4]_se,C(Q_diff_bin)[T.4]_tstat,C(Q_diff_bin)[T.4]_pvalue,Reward_beta,Reward_se,Reward_tstat,Reward_pvalue,Q_chosen_beta,Q_chosen_se,Q_chosen_tstat,Q_chosen_pvalue,Port_beta,Port_se,Port_tstat,Port_pvalue
-2.16,0.03845187416876694,0.03783020271030013,10835,0.3497270830109147,0.04439035536345775,7.878447472371688,3.6321971828738225e-15,0.15575108289034803,0.05433901674758498,2.866284526527988,0.004161214092812418,-0.0205231133514937,0.0718249562684929,-0.28573791642524776,0.7750843280202442,0.0721513981560064,0.06746177786038977,1.0695152194969078,0.2848614175295622,0.03777040504335907,0.06904427689909075,0.5470461382130353,0.5843583093939153,0.004860043429190454,0.01906611165112304,0.25490480272647437,0.7988014681861696,0.32871627918007235,0.026489023451333665,12.409528036546858,4.019375800779233e-35,-0.005796115313362603,0.02515625537573072,-0.23040453464923702,0.8177817908529876
-2.106,0.03560106324456214,0.03497754864612401,10835,0.3216972148142154,0.041036619600743646,7.839271800262655,4.956870047035187e-15,0.09825616898874215,0.05023364966311429,1.955983084002156,0.050492824229253594,-0.050710021382692684,0.06639850895756835,-0.763722291039678,0.44504939579528024,0.021021377023112527,0.06236497304379865,0.33707024948682823,0.7360704774715185,0.0004716978857835414,0.06382791269674798,0.007390150576043736,0.9941037027795575,0.009606135024342027,0.01762564783918183,0.545008904750019,0.5857586191050368,0.2888363814190098,0.024487751225852877,11.795137036269447,6.482180282943054e-32,-1.4303325105653624e-05,0.02325567511186988,-0.0006150466514882251,0.9995092751347214
-2.052,0.031569672124856396,0.030943551103786215,10835,0.25407698268382456,0.037690327471683355,6.741172065292135,1.6510760359686783e-11,0.08752360967837612,0.04613739446185484,1.8970210758376982,0.0578517419208859,-0.005132714727358557,0.06098410567416476,-0.08416479459061699,0.9329269647409575,0.0003146114059440287,0.05727948061152874,0.005492567365925212,0.9956176885271819,-0.012690129483571982,0.05862312624139372,-0.21646968179959492,0.8286257336001553,-0.005281818470266755,0.016188381144028072,-0.3262721839370102,0.7442247378502393,0.2684239817316266,0.022490920834297594,11.934770644085534,1.248721711952646e-32,0.0033800768130690267,0.021359313195611473,0.15824838477313513,0.8742640297981915
-1.998,0.027353061451391936,0.026724214257354717,10835,0.20401641242398527,0.03420034718436838,5.965331618540793,2.517734915572127e-09,0.06394506175570358,0.04186524805238357,1.5274019558105285,0.12669030182564758,-0.0021635009422580564,0.05533721054431296,-0.039096675112049006,0.9688140326592205,-0.01932806683880952,0.0519756196049598,-0.3718679447347104,0.7099984501472236,-0.03934560865404435,0.05319484878434717,-0.739650728467189,0.45952798859126975,-0.010127136178453079,0.01468939891526804,-0.6894180106938901,0.49057502719364865,0.2337530839793727,0.020408347515871755,11.45379770692266,3.358308722373903e-30,0.009011606984172185,0.019381522420000012,0.4649586750147659,0.6419704011642668
-1.944,0.02576439322899582,0.025134518910403636,10835,0.15968161735123407,0.03113231986619918,5.129126837881515,2.961247099191521e-07,0.034321098110682714,0.03810962171285479,0.9005887901297596,0.36782702797764233,0.0032616606810209237,0.050373048258298775,0.0647501152659265,0.948374155699548,-0.0384243749855443,0.047313017206008966,-0.8121311481412823,0.4167342369041066,-0.057967833347066205,0.048422872395439326,-1.1971167855074591,0.23128724816376453,-0.0022216644304324214,0.013371649802471726,-0.16614736874291688,0.868044079658494,0.20969187935227393,0.018577565876146087,11.28737105551174,2.2103139598468786e-29,0.012845971982011851,0.017642854682748295,0.7281118737872405,0.46656085210094145
-1.89,0.023660661546444195,0.023029427098381405,10835,0.1105498979817582,0.028399473394728047,3.8926742212860956,9.974004016591963e-05,0.03427046479548771,0.034764296158103905,0.9857948695302127,0.32425581252009594,0.000524710134556824,0.045951218861017065,0.011418851285400055,0.990889483235633,-0.043283753989911536,0.04315980238996576,-1.0028719223231337,0.31594507376678704,-0.0747777412587629,0.044172232657279355,-1.6928675948744445,0.09050944218611293,0.005557048813478197,0.012197864291546552,0.45557555656110893,0.6487043597811624,0.18180063715949785,0.016946796451594796,10.727728847087752,1.0272969075383309e-26,0.019625848032128346,0.01609413575098714,1.2194409402147977,0.22270344338023818
-1.836,0.02195210316260887,0.021319764077186942,10835,0.06901547862634562,0.026380190454303495,2.6161857605196657,0.008904161509081594,0.024576216310543103,0.032292456304166425,0.7610513142467964,0.44664299294438536,-0.04983085075834643,0.04268395713936164,-1.1674374659230968,0.24305945755481048,-0.06509108686515387,0.04009101828024592,-1.6235827788197201,0.10449399472905808,-0.08269820318209065,0.04103146188996412,-2.015482738681504,0.04387875437533281,0.012956436634783271,0.011330561615500941,1.1434946540565145,0.25285855523651357,0.14540755279468506,0.015741831257560415,9.237016355695554,3.0077223885150964e-20,0.011531211147502435,0.01494979714614251,0.77132893742828,0.44052881725666115
-1.782,0.01829307018323023,0.01765836541656185,10835,0.008700299751814043,0.024514820076053656,0.35489959644095415,0.7226717234246745,0.01624233095888875,0.030009023531568958,0.5412482329457373,0.5883476323581387,-0.048631881706673305,0.03966573066324224,-1.2260427551316957,0.22020925142395353,-0.04385705032755902,0.03725614117564778,-1.1771764048453275,0.23915098136019225,-0.06952504302037152,0.03813008505121806,-1.823364488355647,0.06827576395272007,0.02091166096299797,0.010529365959119992,1.9860323066162757,0.0470549126174947,0.11463038976218184,0.014628710191276744,7.835987470073552,5.087439599002943e-15,0.0012689046782210875,0.013892681625859792,0.09133619501213881,0.9272271483978125
-1.728,0.014611064154690045,0.013973978853967894,10835,-0.03503241520797182,0.02324409053639473,-1.5071536205350504,0.13180046069335655,-0.010489515604660627,0.02845350109495383,-0.368654654119908,0.7123923603553722,-0.029481012062052843,0.037609651299430294,-0.7838682636895231,0.4331345611176064,-0.06236876149814803,0.03532496326046317,-1.7655718716048359,0.07749588408739466,-0.09124379533562886,0.03615360611831251,-2.5237813079291165,0.01162419859042675,0.017390239521658597,0.009983574624873055,1.7418850637258316,0.08155695586098657,0.10183593002853963,0.013870428706464908,7.341945384937859,2.256247984420699e-13,-0.00472122111523382,0.013172552297058342,-0.35841354118504054,0.7200408472992982
-1.674,0.009204154320343272,0.008563573280372938,10835,-0.05649970816561926,0.022224779565846755,-2.542194310554308,0.011029702180891023,-0.04045316235409545,0.027205744562119237,-1.4869345796336582,0.13706120979698883,-0.038374520309563294,0.03596037489053109,-1.0671334886352335,0.28593535521690727,-0.07126247712913489,0.033775876083693854,-2.109863174312705,0.03489302740905067,-0.11683821189157689,0.034568180898789935,-3.379935213648076,0.0007275897048886658,0.017535213615399625,0.009545770137556862,1.8369616450755617,0.06624295150944488,0.07319846761311309,0.013262176035767124,5.51934067348391,3.4811241891335054e-08,0.00012116329473294026,0.012594903236300938,0.00962002585170518,0.9923246255280566
-1.6199999999999999,0.00590799229516048,0.005265280181561582,10835,-0.09505788071658933,0.021256261268596838,-4.471994369820063,7.82824643900952e-06,-0.04727631817228296,0.02602016423630978,-1.8169108289605387,0.06925840316170934,-0.04209118219048201,0.03439328258465431,-1.2238198574643286,0.2210468231302543,-0.07417203824625318,0.03230398054044296,-2.296064974203211,0.021691178791832792,-0.10676988253771012,0.03306175805198823,-3.2294072919479646,0.0012441712506326516,0.018691739941070793,0.009129781622927316,2.047337024374258,0.040649087067388685,0.05180563227591476,0.012684232838898324,4.08425428119264,4.453690356345777e-05,0.007133527194782759,0.012046038659250411,0.5921886353323937,0.5537366447361882
-1.566,0.003450733436843656,0.0028064326272063678,10835,-0.1376532561996483,0.020611782650171794,-6.678377049473738,2.5344255993959463e-11,-0.04686557204203718,0.0252312465952294,-1.8574417980163649,0.06327545670369064,-0.05818019580004327,0.03335049641623217,-1.7445076401239452,0.08109898538678095,-0.0475105969518879,0.03132454090685642,-1.516721253574338,0.12936627085385266,-0.0790485376343222,0.03205934300435577,-2.4656942478073303,0.013690190479071551,0.020985987157872282,0.00885297146461602,2.3705020672155195,0.017781357957163228,0.02246211074500279,0.012299653596457802,1.8262392976231208,0.06784174889887754,-0.0023105108068795853,0.011680809127372304,-0.1978040032745021,0.8432021273199475
-1.512,0.0014973830906920282,0.0008518193779030181,10835,-0.1408446756447855,0.020271623774465067,-6.947873402336866,3.9213473853491985e-12,-0.05559173631125154,0.02481485211736308,-2.240260632959957,0.025094210341590796,-0.062021009319616974,0.032800108923905676,-1.8908781511519388,0.05866728537511278,-0.05443283957236553,0.030807588016475696,-1.766864693959657,0.07727906012498825,-0.09430420084278793,0.03153026358132163,-2.990910640488691,0.0027877285626888805,0.00825829223000592,0.008706869748370608,0.9484800472123022,0.34290629505584336,0.006094026439785427,0.012096670845767949,0.5037771563336731,0.6144282319650343,0.00465163798180419,0.011488039245817264,0.40491139369129747,0.685550642464176
-1.458,0.0016652649541075704,0.0010198097822851082,10835,-0.15611321596652858,0.01963660697609808,-7.950111552191857,2.048680497584552e-15,-0.06542488225610253,0.02403751685705861,-2.7217820644768693,0.006503480352233349,-0.0816599513298427,0.03177263227049701,-2.570134908389991,0.010179140942134355,-0.051823172032316546,0.029842527884870736,-1.7365543640352712,0.08249430393856866,-0.06691737655050276,0.03054256534590456,-2.190954682183423,0.028476310730212943,0.00785251563677103,0.008434123538549311,0.9310410976173205,0.35185306461648613,-0.02942513098872814,0.011717737748111764,-2.5111614222181924,0.012047910380321254,-0.004728579305955372,0.011128171778733433,-0.42491969031175053,0.6709036642780725
-1.404,0.00273299509383762,0.002088230243524114,10835,-0.18075973054349265,0.019449501870186563,-9.293797432445954,1.7740711794750138e-20,-0.03156660217384653,0.023808478197637234,-1.325855517173677,0.18491553098963698,-0.0701145719874331,0.03146989047130047,-2.227989069468651,0.0259017064563628,-0.0294149456727853,0.02955817685888326,-0.9951542618212965,0.31968348290982623,-0.016534467549076344,0.030251544095094222,-0.5465660693914026,0.5846881484481788,0.005736078306373804,0.008353759981857873,0.6866462908715391,0.49232035533310026,-0.053331790166505424,0.011606086658640321,-4.595156984012505,4.373111609327588e-06,-0.011412380477976825,0.011022138299436528,-1.0354053059341712,0.3005027937108287
-1.35,0.006877908696850565,0.006235823665066809,10835,-0.18411928961075952,0.019301781780701032,-9.538978924466546,1.751765308286968e-21,-0.030752007164977745,0.02362765143130959,-1.30152619080149,0.19310609835664092,-0.05217806837319106,0.031230874836476106,-1.6707206777393786,0.09480576524439681,-0.03381719761660666,0.029333680799304672,-1.1528453537071375,0.2489993164552177,0.002597607015835261,0.03002178187132988,0.08652407864957265,0.9310514158409189,0.005486846599525037,0.00829031269254954,0.6618383169619209,0.5080889319737607,-0.0769192566199466,0.011517937760471409,-6.678214296653608,2.537229554717902e-11,-0.01124261808163458,0.010938424522765958,-1.0278096318382515,0.3040623454452716
-1.296,0.010024202270195404,0.00938415141731741,10835,-0.16763073498525885,0.019465953075935342,-8.611483564731863,8.211692436811638e-18,-0.03988992633864267,0.02382861640868289,-1.6740345160832424,0.0941527001372674,-0.03649888125714429,0.03149650902670052,-1.1588230691281725,0.24655387008761498,-0.0277263518662772,0.029583178406599492,-0.9372337037352259,0.34865926178909257,0.0073464226382311554,0.03027713212194696,0.24263931632104482,0.8082894172391384,0.00037941455182371813,0.008360825942989153,0.04538003235695519,0.9638052333682677,-0.08575011259627385,0.011615903574303964,-7.382130201731817,1.67211365838747e-13,-0.010845493414824912,0.011031461287046483,-0.9831420455203028,0.32555950178971316
-1.242,0.015499070097265588,0.014862558920640478,10835,-0.15374848630161786,0.01948159073785247,-7.891988306831978,3.2609507530815444e-15,-0.0463518655678494,0.023847758746378782,-1.9436570983798553,0.051962691203198734,-0.016438093512740653,0.031521811243232535,-0.5214831529158963,0.6020409051293938,-0.019695771140135696,0.029606943579594203,-0.6652416210132032,0.5059101335898,0.006544488674265423,0.030301454771554524,0.21597935556576178,0.829007908314113,-0.005797489124279716,0.008367542478723847,-0.6928544598394324,0.48841575206904997,-0.09700860581725612,0.011625235024567322,-8.344657601523775,8.009815065548028e-17,-0.009693066897549884,0.011040323234950385,-0.8779694843412295,0.3799797613018183
-1.188,0.01962251254235914,0.018988667302476947,10835,-0.12329291262338372,0.019753472615391447,-6.241581671433141,4.493772092610308e-10,-0.045260728872499004,0.024180574146841133,-1.871780570537516,0.06126390766962574,-0.02020755728198213,0.03196172445871691,-0.6322423969358427,0.5272418476575331,-0.019016312969440816,0.030020133216771536,-0.6334519847772312,0.5264519069418784,-0.0027258432414341872,0.030724336892748328,-0.08871935140372553,0.9293065938799185,-0.013765607068848098,0.008484318525922208,-1.6224764578074156,0.10473048498861369,-0.10675299617878367,0.01178747489336664,-9.056477077958277,1.5784175555899528e-19,-0.0006281706899769367,0.011194400170974058,-0.05611472525394612,0.9552514488070971
-1.134,0.022469405649547247,0.021837401016643,10835,-0.07993483023736446,0.020175221678218915,-3.9620298360172055,7.479192124482794e-05,-0.06502391402116602,0.024696844611463854,-2.6328834733398705,0.008478362657676134,-0.03616859653293456,0.03264412737587845,-1.1079664074482332,0.2679009363727327,-0.031734952459242315,0.03066108193989701,-1.0350238951596797,0.3006808687258594,-0.018294763627211826,0.03138032080721284,-0.5830011662279352,0.5599046573447108,-0.011619001256633338,0.008665464062036669,-1.3408400488943337,0.18000051990786978,-0.11940103689579087,0.012039144895202476,-9.91773401974516,4.372141396491802e-23,-0.0016429348210942561,0.011433407654516232,-0.14369598904708797,0.8857432128668787
-1.08,0.02613790489322898,0.025508272061812276,10835,-0.06248469010121926,0.020421140645063257,-3.0598041112030008,0.0022202354874753566,-0.06497278099190844,0.024997878355133858,-2.5991318170633817,0.009358664106743879,-0.04330463579676974,0.03304203180567105,-1.3105924009593535,0.19002330759973932,-0.014673395582953084,0.031034814715340538,-0.4728043559319209,0.6363622967953761,0.009278587108621643,0.031762820498925516,0.2921210069784427,0.7701997026999188,-0.012821210817867024,0.008771088773544223,-1.4617581863427231,0.14383650826852112,-0.1352201735934024,0.01218589193578215,-11.09645270990361,1.8579121768209382e-28,-0.0018263285426353111,0.011572771268098943,-0.15781254984877288,0.8746074521904423
-1.026,0.029376251868770353,0.028748712731712978,10835,-0.03063216282703206,0.020851532387316227,-1.46906051114331,0.1418454308754135,-0.056826187324966713,0.025524728476040044,-2.2263189744920977,0.026013321204919847,-0.03528510543459892,0.03373841884318252,-1.0458434818361069,0.29565664997016855,-0.009139413413119116,0.03168889806004648,-0.28841057823472044,0.7730379923183043,-0.0031341998916730217,0.03243224714315686,-0.09663838209663901,0.9230153632756486,-0.009332811486275343,0.008955946428868865,-1.0420798695480893,0.29739791856964526,-0.14541194631998205,0.012442719277227232,-11.686508638518928,2.304424141946181e-31,0.0031002303739752963,0.011816676604991881,0.2623606008364165,0.7930484364631364
-0.972,0.028983274032936213,0.02835548082320405,10835,-0.04058149942652686,0.021571678166693732,-1.881239795668004,0.05996611633333868,-0.028070471986174374,0.02640627162310191,-1.0630229207222317,0.28779526574843284,0.033079292864116025,0.03490363679846181,0.9477319814872075,0.3432870671566336,0.0455232223311689,0.032783332069364096,1.3886087672494458,0.1649803151190626,0.04844806203450688,0.03355235407160878,1.443954183694744,0.14878079827607638,-0.017319240675227263,0.009265256406729493,-1.8692672835959554,0.06161261190708612,-0.13463941740721574,0.012872451327852199,-10.459500989985928,1.7529887029507902e-25,-0.0034643444622066196,0.01222478712777198,-0.2833868946753604,0.7768856915536313
-0.918,0.024889612147737772,0.024259172255342243,10835,-0.03225907818470892,0.022097614240759275,-1.4598443901336062,0.14436185906135135,-0.008655094044365213,0.027050079245338986,-0.3199655707425174,0.7490006042126462,0.058872055247192114,0.03575461749484248,1.646558105556136,0.09967793007144746,0.07536967457376047,0.03358261791213036,2.244306110112286,0.024832829863697843,0.07234687628006335,0.0343703893324595,2.1049187304881283,0.03532136461809963,-0.009446191813052285,0.009491151329790679,-0.9952630070708834,0.3196306068678623,-0.12608808107919062,0.013186292766735858,-9.562056850221333,1.4045447915971289e-21,-0.0023119922694083846,0.012522837956204715,-0.1846220702922102,0.8535289317753729
-0.864,0.02107352367232751,0.02044061655731,10835,-0.024143650281942142,0.022846772467045102,-1.0567641585597134,0.2906428137982641,0.012278090892141727,0.027967137040245664,0.4390185121370534,0.6606568834575641,0.07393572287333111,0.03696677847892543,2.000058590863726,0.04551887106756736,0.11167746473963168,0.03472114328391826,3.216410929399239,0.0013018630465216074,0.10347205237292607,0.03553562190591825,2.911783917750808,0.003601046714586211,-0.005161102948734391,0.009812922450336407,-0.5259496317080808,0.5989339755946268,-0.12062792637771101,0.01363333739303729,-8.84801152499293,1.029348725778078e-18,-0.008365443854215011,0.012947389990153732,-0.6461104408360904,0.518221528188386
-0.8099999999999999,0.017957582190713306,0.017322660520383004,10835,0.0006933007728529757,0.023740372219484523,0.02920344998988518,0.976702867967165,0.054733873735186296,0.02906100825429357,1.8834127589878005,0.059671231978094146,0.11134416577640031,0.0384126502818201,2.898632741024307,0.003755461490460463,0.14217568807937223,0.0360791821529829,3.940657176665454,8.176931738672074e-05,0.12675218752220677,0.03692551726132187,3.4326448733319452,0.0005999605154311203,-0.009821337001224156,0.010196732683706406,-0.9631847088546213,0.3354763485617842,-0.10579780337445198,0.014166574502870375,-7.4681288234509795,8.760217544305274e-14,-0.010848181262061602,0.013453797821134088,-0.8063285479896676,0.4200711440684024
-0.756,0.009875490893155647,0.009235343893640668,10835,0.06391652492180595,0.024905972647436835,2.5663131420962126,0.010291924349514503,0.06430466863955424,0.030487840291498498,2.109190681423424,0.03495102357516654,0.10963043265833326,0.040298627518964035,2.7204507797875386,0.006529706895009971,0.11461152707527136,0.037850591201202086,3.0279983333954226,0.002467590036864914,0.1287862674691677,0.03873847951499844,3.3245049646129066,0.0008886984189446043,-0.012851243236222932,0.010697369989219621,-1.2013460550746489,0.2296432708032098,-0.07466363508573073,0.014862122371728625,-5.023753217626518,5.147993168288832e-07,-0.008094401857231516,0.01411434991159488,-0.5734874016820285,0.5663266381754961
-0.702,0.0029521685520089713,0.0023075454043099963,10835,0.14506814177591285,0.02593785073692687,5.5929129690527555,2.287091587170123e-08,0.08133421015638882,0.031750980456229476,2.5616283021090527,0.01043169442420319,0.09976538707532688,0.04196823791169923,2.377164065959412,0.017463596795728953,0.09714459761497889,0.03941877712542392,2.4644244367571604,0.013738766122420486,0.13060980631247948,0.04034345149491424,3.23744750319502,0.001209672089514612,-0.014436898479476526,0.011140572182657345,-1.2958848291428522,0.19504279106213587,-0.026770118657415742,0.015477874209883986,-1.7295733441431294,0.08373503287924183,-0.009816656214627881,0.014699120826882508,-0.6678396844438937,0.5042501668700929
-0.648,0.0016189902952218338,0.0009735052053599924,10835,0.25806684931964313,0.027372219041027063,9.428057291695556,5.029086132407728e-21,0.07659783455105842,0.033506815989883885,2.2860374012912548,0.02227129768102172,0.06728776501107853,0.04428908981458168,1.519285343021992,0.128719886825831,0.06608887392028492,0.04159864333980546,1.5887266654449985,0.11215131494921206,0.09198536243021196,0.0425744523858217,2.1605765259553937,0.030749931488619493,-0.006953889289899722,0.011756648039921581,-0.5914857080255084,0.554207377270176,0.0359520891211941,0.016333803731827787,2.201084922499616,0.027751040067993952,0.001805957511762688,0.015511985131873008,0.11642336531459956,0.9073191777536481
-0.594,0.008016688532095584,0.0073753397577096536,10835,0.3201641288432271,0.02933902153856579,10.912570087668916,1.3969376879258924e-27,0.10204982201765876,0.035914413608282944,2.841472594560837,0.00449895939474524,0.0746430831146669,0.04747143657026392,1.5723788557396068,0.11589193495595473,0.0629287527908693,0.04458767084584437,1.4113487337886892,0.15817054616797396,0.10213210093988603,0.04563359564191906,2.2380901505396036,0.025235425781416434,-6.64230445754776e-05,0.012601409828980168,-0.005271080416948332,0.9957944029038779,0.10113589312569325,0.01750745231055335,5.776733892042611,7.826321638727647e-09,0.008457098044273375,0.016626582784822617,0.5086492007241162,0.6110084997290894
-0.54,0.01464491278842428,0.0140078493719209,10835,0.36091556525587076,0.0322431882619189,11.193544581387853,6.320164118973726e-29,0.11881709330353345,0.03946945530429904,3.0103555366418195,0.002615433730481115,0.0902853391596505,0.05217046738885842,1.7305832912459573,0.08355460664736704,0.041252758032306484,0.04900124782120839,0.8418715821855407,0.3998784331034936,0.08982588776585776,0.05015070504026785,1.791119141669758,0.07330210058674429,-2.271205586683008e-07,0.013848779140344328,-1.6400041936307016e-05,0.9999869149618856,0.16004033876113094,0.019240453540473924,8.317908848898625,1.0026216043300019e-16,0.02239916684814564,0.018272389833407583,1.2258476889100205,0.22028265969131108
-0.486,0.020164733484506425,0.01953123880771601,10835,0.36240997556488563,0.03589675854158696,10.095896963650018,7.345083074821795e-24,0.1309043536586006,0.04394185510803642,2.9790356674008467,0.00289798498767835,0.06744984815358582,0.058082056143046366,1.1612854749402837,0.24555142590382675,0.029887235843272894,0.05455372300610381,0.5478496094561488,0.5838064652935091,0.11504346919764559,0.05583342859573975,2.0604765297616656,0.039376843947322424,0.0036064489977791635,0.015418024944010945,0.23391121825756747,0.8150583264149462,0.19762487642087193,0.021420645792300137,9.225906554689875,3.333788092515244e-20,0.004665678199138875,0.020342887945800935,0.22935181138339497,0.8185998190627024
-0.432,0.02495218865195281,0.02432178921725825,10835,0.3537463736136131,0.039099170516229236,9.047413767173923,1.7139794838254053e-19,0.13304365135251606,0.047861984075194985,2.77973539800385,0.005449707871153448,0.042792271370103975,0.06326365692432165,0.6764115994953263,0.49879380383389904,-0.0027045911349525076,0.05942055507991538,-0.04551608666925228,0.963696792301828,0.10644226950120672,0.060814425420653254,1.7502799502740636,0.08009834269072773,0.008994389625597224,0.016793493641242545,0.5355877590299747,0.5922544916936893,0.2342569726649543,0.023331618687258356,10.040322354183017,1.2855055676893296e-23,0.004656797818770865,0.022157712197438197,0.21016600347888212,0.8335420669339786
-0.378,0.02590261955385409,0.025272834602979022,10835,0.32159721374397604,0.04156433918514039,7.7373349378052865,1.105499599186386e-14,0.14468677239752048,0.050879640511796914,2.8437066563780755,0.004467561538108861,0.03750132949114798,0.06725237542835866,0.557620890746033,0.5771148164003763,-0.0007081517758903214,0.06316696935771995,-0.011210792334835589,0.9910554757996614,0.11555915345389815,0.0646487220102088,1.7874932382367898,0.07388576489787625,0.005574513765593648,0.01785230879817193,0.3122573012048994,0.7548510007487537,0.2510847068006142,0.024802656937518357,10.123298783397864,5.567609447034474e-24,-0.014910122838543803,0.023554736665289823,-0.632998918664003,0.5267477181886249
-0.324,0.027369266273581272,0.026740429556477152,10835,0.35992620455725627,0.04363464781259862,8.248633198623752,1.7876762113284514e-16,0.12807204764083932,0.053413941808982096,2.3977269473735547,0.016513988206180743,-0.006690555481333411,0.07060219827640642,-0.09476412413024306,0.9245039370390679,-0.07456217819111631,0.0663132992211436,-1.1243925286006975,0.2608714675282707,0.06603470720715414,0.06786885757728005,0.9729750811255748,0.3305874235366538,0.00725341181993896,0.018741527528686887,0.387023512829275,0.6987464077492015,0.26313458565922004,0.026038070651493356,10.105763563711989,6.648233751213753e-24,-0.02635675276754192,0.024727991803990313,-1.0658670941199833,0.2865074934647806
-0.27,0.03611183162068432,0.03548864725025336,10835,0.43446894762929295,0.045964346329806276,9.452303411689224,3.997728590277854e-21,0.10388230788203243,0.05626576684410184,1.8462790735593089,0.06487897129374676,-0.028439264981871222,0.07437172192061135,-0.3823935260263158,0.7021769974204876,-0.14527553161543943,0.06985383415407459,-2.0797073399723396,0.03757585560821998,-0.0075619377955984364,0.071492445363331,-0.10577254361867176,0.9157647810644449,0.012549019227583186,0.01974215686987712,0.6356458066003249,0.5250207408179015,0.32858016351874253,0.027428269899766374,11.97961682306259,7.328779340037353e-33,-0.019703983078444468,0.026048244601416266,-0.7564418785200269,0.4494007660195447
-0.216,0.047472757843735613,0.04685691867359665,10835,0.39497154146840874,0.04824709083556274,8.186432272456866,2.992771049677319e-16,0.09480088927379704,0.05906011464585136,1.6051592490509374,0.10848792786354007,-0.026256923031803006,0.07806527253437984,-0.33634575502493114,0.7366166683871916,-0.12755471759888187,0.07332301121964366,-1.7396273758695446,0.08195288626187651,0.011584794757458043,0.0750430013896311,0.15437541866574045,0.8773166117582332,0.012844339012066743,0.020722618982905592,0.6198221866966833,0.5353879036703948,0.39848008662639844,0.028790450316014255,13.840703505938214,3.3746770153887214e-43,-0.049312867824344304,0.027341888305643703,-1.8035648186802635,0.07132734242405826
-0.162,0.05090819822306558,0.05029458017444277,10835,0.3138985503477027,0.04982031567829968,6.300613435984872,3.0798660529630593e-10,0.09585029529165606,0.060985926916946,1.571678912451233,0.1160542557162964,-0.04695035238696617,0.0806107985750005,-0.5824325427477739,0.5602874952042263,-0.16349415985802918,0.07571390320498995,-2.1593677374600606,0.03084353865244552,-0.009634450944834594,0.07748997823352172,-0.12433157376558386,0.901055057092202,0.019429568157282088,0.02139833514373261,0.9079943849263826,0.36390139758251305,0.4173073598927421,0.02972923959607901,14.03693352277267,2.26642092607978e-44,-0.06297650096646444,0.028233443364919335,-2.230563950435961,0.025730435128175973
-0.108,0.050661055976430225,0.05004727814248122,10835,0.24984401386014982,0.05082134461746526,4.916123643338009,8.95697679504007e-07,0.06860066349156936,0.0622113040927934,1.1027041546861915,0.2701801717681298,-0.04928405081808576,0.08223049409647973,-0.5993403220982908,0.5489585050517998,-0.1850027160265198,0.0772352064559525,-2.395315873623352,0.016622934272914898,-0.004509820541810018,0.07904696777987366,-0.05705241666408707,0.9545044934425782,0.026384320163742758,0.02182828731158229,1.2087214991779496,0.22679625566000333,0.42155942877383784,0.030326582843906425,13.900657088325483,1.4844125614406786e-43,-0.06706037309913038,0.02880073189924083,-2.328426004371717,0.019907811400861192
-0.054,0.050043605824849235,0.04942942878973078,10835,0.12303394622172606,0.05145331934509164,2.3911760754743767,0.016811466863469616,0.05123319282834206,0.06298491550066264,0.8134200454361656,0.4159951575174705,-0.05369109217250643,0.08325304858614088,-0.6449144275714171,0.518996305898539,-0.1894091097955927,0.07819564343239553,-2.4222463232155302,0.015441198718724384,-0.010473662259695699,0.08002993441148083,-0.13087180861406755,0.8958791477795659,0.03597093612103918,0.022099726920906337,1.627664280639173,0.10362518837504192,0.42567915062645456,0.03070370064897194,13.864099168147266,2.450311064586207e-43,-0.04987100286841783,0.029158875408320836,-1.7103198312712202,0.08723539571237555
0.0,0.04793138255274032,0.04731572617194291,10833,0.010392758354524348,0.05184259466675123,0.2004675580250162,0.841118693895649,0.025775548863277622,0.06345812049361804,0.4061820404193953,0.6846168780656245,-0.09650685661831385,0.08388218857041659,-1.1505047527139713,0.2499614518424893,-0.20473666069037177,0.0788149321778924,-2.5976887251296836,0.009398059993423892,-0.03371200361619704,0.08064857324053246,-0.4180111595483753,0.6759472495307215,0.04405026620247853,0.02226797231323887,1.9781893736363927,0.04793266081593189,0.41435986415063664,0.03093990134295328,13.39241064661666,1.4079156644658563e-40,-0.018184060948773353,0.029393433233751376,-0.6186436543211726,0.5361641537959725
0.054,0.04399927037775653,0.043380098920747345,10816,-0.014660464444194587,0.05252944716656341,-0.2790904004321298,0.7801807898308144,-0.024055123519633726,0.06425545369281609,-0.3743670324799706,0.7081386112774688,-0.11217448120385884,0.08499027161153794,-1.319850837947322,0.18691277834798253,-0.21643776413101565,0.07984708009660395,-2.710653462457936,0.006725679105078098,-0.04302125875948526,0.08168289660173972,-0.526686253172968,0.5984222920752438,0.04585404060330566,0.022544076361064074,2.0339729101743234,0.0419786975418252,0.405915220808537,0.03133489369949479,12.954095989643696,4.2769307890592593e-38,0.03457477010290534,0.029787117350395836,1.1607289720650287,0.24577777251318036
0.108,0.04363563550764227,0.043015654904618894,10806,-0.0008711961150814075,0.053134307198803375,-0.016396113189578343,0.9869186834810746,-0.09491060895588209,0.06490273093026828,-1.4623515466221964,0.14367400268636144,-0.16402093020060815,0.08596700103332808,-1.907952216886335,0.056423888560872264,-0.21473888099688462,0.08073840912361477,-2.6596867999728366,0.007832882506238193,-0.05225834831783778,0.08255186740912447,-0.6330365376091015,0.5267231890917983,0.04023353859438715,0.022759831844403836,1.7677432271662292,0.07713207604764441,0.40169109642978623,0.03166882454536246,12.684117651869379,1.320692161813531e-36,0.06029523963196427,0.030109910827726825,2.0025047558905813,0.04525542976935102
0.162,0.03941801100247533,0.0387917584251275,10745,0.08197434304557968,0.053493930395476584,1.5324045632756755,0.12545209420489767,-0.15873088205148825,0.06501405473378614,-2.4414856557008413,0.01464300247612515,-0.17812752050743963,0.08672084686556221,-2.0540334526896324,0.03999661229767538,-0.22571143583635098,0.08131278821262024,-2.7758417931279253,0.005515430969184177,-0.07818406805593538,0.08297316359205402,-0.9422813916115731,0.3460697929466373,0.028150881858744252,0.02281218682871923,1.234028200369809,0.21721940591179703,0.38565588172809945,0.031865166563598106,12.1027417496277,1.6871017164815982e-33,0.04891528528665043,0.030364442052558102,1.610939703814827,0.107222259289051
0.216,0.03233789843290913,0.03166929368402249,10139,0.12285774722259923,0.05673237334383596,2.1655668533026016,0.03036755983167936,-0.24289759158308238,0.0669473671499703,-3.628187364545077,0.00028682196883722565,-0.1674701662668781,0.09354815184023958,-1.7902028310819187,0.07345116137531653,-0.26404828910988415,0.08708055770815587,-3.0322301103631273,0.002433679819444734,-0.11844039848096265,0.08869111171239147,-1.3354257962741802,0.1817670287903004,-0.017917608766751955,0.024284068676944538,-0.7378338862862407,0.46063248787896593,0.38491901051984484,0.034280888667730464,11.228384837122954,4.392151525382814e-29,0.04515497561971882,0.03342693910470109,1.35085583152806,0.1767717883336511
0.27,0.024284623307597286,0.023535801069153317,9129,0.09150732559122327,0.06388211628339052,1.4324404217493865,0.15205208695596936,-0.2711747134997896,0.07080984495689727,-3.8296188003921863,0.00012920146385422381,-0.10008278114995368,0.10822235489062698,-0.9247884251927486,0.3551004382071036,-0.26100631985183465,0.10018671315034682,-2.605198949486957,0.009197000201367858,-0.11507419240805596,0.10213158122171319,-1.1267248683660953,0.2598884664803277,-0.09605480365663317,0.029280391460167653,-3.2805163751756474,0.001040061558464677,0.37733461800436346,0.03998376474756997,9.437195831522997,4.775067929814419e-21,0.04099650070149741,0.04042874034027499,1.014043483829666,0.3105889018340034
0.324,0.0205671859685157,0.01977099160105311,8619,0.014350439306139613,0.06986567281433384,0.20540043097095081,0.8372641387828679,-0.32598427875099933,0.0737978896509299,-4.417257462143319,1.0118287296948808e-05,0.029608959039197944,0.11875033437413439,0.24933790035413342,0.8031053636782197,-0.2016497464629287,0.11131650227524988,-1.8114991249393892,0.0700984496319688,-0.09767166079035562,0.11353511457418282,-0.8602771147646823,0.3896602555337756,-0.21675633842777445,0.03499275287973168,-6.19432084045388,6.121988660000214e-10,0.36916033302872553,0.04464431411772076,8.268921593359051,1.5532578670551646e-16,0.024206442788719224,0.046324826927728054,0.5225371446391802,0.6013098339230376
0.378,0.02307011784819102,0.022248872600795444,8335,-0.07365623553786732,0.07565843944580031,-0.9735362780068004,0.33031511788761214,-0.36054278265268386,0.07647361552599777,-4.714603594622967,2.461168039469865e-06,0.17482878809896832,0.12786626452051014,1.3672784510798408,0.17157494866377876,-0.22571864391049798,0.1196672951880507,-1.8862183151695147,0.05930030962487401,-0.12596572988840765,0.12172425391181776,-1.034844953575666,0.30077137702963147,-0.3622899774853602,0.04120439805560024,-8.792507464773411,1.7561585002447423e-18,0.3910586402897759,0.0481481481345252,8.12198714677798,5.243106806995678e-16,0.0507223606196883,0.050372893747214376,1.0069375977133188,0.3139940213736552
0.432,0.02598208276097813,0.025146118388654215,8164,-0.16857944466398994,0.08073966405991805,-2.0879383959151077,0.0368343399464365,-0.40380478363463024,0.07845962269898815,-5.146657219903224,2.7135440429679674e-07,0.1523536456296506,0.1344070259600738,1.1335244161633924,0.2570274114299965,-0.3430569007554699,0.12645985654364256,-2.7127731292109885,0.006686278268021263,-0.21419518011483815,0.12790116181436184,-1.6746929979082212,0.09403282027391395,-0.47140328290657874,0.04732909187806501,-9.960116794995042,3.0911098113452305e-23,0.3836372205166006,0.0505575948821183,7.588122445521813,3.6037806380161676e-14,0.1018989628321011,0.05342082918689473,1.9074762481803464,0.05649403268397651
0.486,0.027678972171729654,0.026829359489817572,8019,-0.28293117135158424,0.08581566741722214,-3.296964061073112,0.0009816154370008328,-0.43561087326187736,0.08086775251742087,-5.3867068108271745,7.379768905818058e-08,0.16318642041959813,0.14085580012402238,1.1585353267377974,0.24668017870153214,-0.43421446202869857,0.13237472680839088,-3.2801915629802445,0.0010417983291929102,-0.2875487483363653,0.1339263325976175,-2.1470665459070495,0.031817907888308065,-0.587044104076601,0.056170002874332145,-10.451203027174154,2.1065591055671458e-25,0.3810532887704989,0.05302784747898919,7.1859090437619715,7.276003612133154e-13,0.15407761805698889,0.056194459871614554,2.74186491709333,0.006122707712163561
0.54,0.033464670943774255,0.032609870273730746,7923,-0.3220115256360732,0.09175175651715972,-3.509595214952092,0.00045128514954780844,-0.46775641333685203,0.08317283510061751,-5.623908488522584,1.9304089911123878e-08,0.0741507697790949,0.14694517149451625,0.5046152182132918,0.6138431667089689,-0.5716032472069857,0.13759828635217275,-4.154145101371459,3.299391773194699e-05,-0.39048167199434,0.13887060022258826,-2.811838296719808,0.004938046531449013,-0.7972809921836361,0.0653859891840351,-12.193453094968293,6.775516666335116e-34,0.3661253425373103,0.0551190222837412,6.64244987243376,3.289067808883512e-11,0.21681885128114461,0.05835709736664043,3.7153810087389325,0.00020429506934050063
0.594,0.03746643415228301,0.03660888865642775,7865,-0.43457046903552493,0.09689700055976755,-4.484870187157911,7.399484994344727e-06,-0.49169824911787746,0.08510947728437321,-5.777244377556026,7.883079645244707e-09,0.04705604557528921,0.1516092604812638,0.31037711961601777,0.7562824239545989,-0.6336184512628857,0.14166094736235524,-4.472781405606091,7.829425853485715e-06,-0.39765673718465944,0.14284222386215942,-2.7838878899588693,0.005384001585652796,-0.9728300901458543,0.07391701107201953,-13.16111238856773,3.8052038538891026e-39,0.3636360523959168,0.056747227344899225,6.4079968204579165,1.5594325153144302e-10,0.23873485511748693,0.06006276466794426,3.974756347586189,7.108221101419195e-05
0.648,0.03801683615181173,0.037153296507423716,7806,-0.5647706559710225,0.10370440253529725,-5.445966055093899,5.309424119307811e-08,-0.502536472398519,0.0875037299628223,-5.743029155580357,9.648976378456996e-09,0.03627166894187469,0.15710129925964658,0.23088077000513718,0.8174134874615558,-0.6777658024406252,0.14672831273975084,-4.61918896077518,3.914219214008085e-06,-0.4356251231114181,0.14808215038859804,-2.9417800995477723,0.0032729172179546597,-1.0929150029717525,0.08538694999055858,-12.799555471797486,3.892666139248708e-37,0.39143528027009056,0.059008673954183945,6.633521040889892,3.496561278187758e-11,0.26597046125135604,0.06240557067697378,4.261966654036112,2.050210014934156e-05
0.702,0.03766473787576852,0.036795082978418936,7754,-0.6857589313414472,0.1102571747657231,-6.219630902012164,5.241903742780496e-10,-0.5136367291859707,0.08966823716996944,-5.728190331347246,1.0530617988150104e-08,0.0568096779284949,0.16094863880410515,0.3529677439374897,0.7241222270856381,-0.7149282359516667,0.15069811500246055,-4.744108683376654,2.1317562258062864e-06,-0.41086931580682634,0.15218508673255948,-2.699800122523584,0.006953183207777513,-1.221378161007838,0.09998788743981583,-12.215261190941787,5.2883676782016965e-34,0.4185145794265584,0.06060329932477363,6.905805196904132,5.386906430521654e-12,0.267469181006838,0.06416688607533248,4.168336619807713,3.1017078025178974e-05
0.756,0.037498877561132016,0.03662455782883611,7714,-0.7728328843348476,0.11862961554316363,-6.514670732062272,7.742687648102321e-11,-0.5325061246468258,0.09176106770683869,-5.803181435814305,6.764537185113233e-09,0.02695096570502566,0.1653897910147577,0.16295422794639622,0.8705587465922395,-0.7766871617148488,0.15482409788928028,-5.016577989495426,5.377574540590455e-07,-0.4630494665880411,0.1562296653337379,-2.963902313935542,0.0030469416455920196,-1.3164126030884846,0.11502505859149204,-11.444572332396575,4.376981753755654e-30,0.4629632793989176,0.06215013271744867,7.449111677744504,1.0416309682852933e-13,0.28153958215636155,0.06588072200317417,4.273474448910818,1.947667161842374e-05
0.8099999999999999,0.03616438453386861,0.03528370977753614,7669,-0.9126681078503234,0.1285968100601799,-7.0971286723459075,1.3876999803305597e-12,-0.5285198518379022,0.09377808145444515,-5.635856946963058,1.8037191601011317e-08,0.12812089636934224,0.17028914478232884,0.7523726573006874,0.45185010059960573,-0.7925618422152163,0.15911934057983584,-4.98092714139649,6.466434132572244e-07,-0.4452767370655533,0.1606347019983873,-2.7719834601493747,0.005585039465111857,-1.3622532085222774,0.1360932653334406,-10.009703310333807,1.92422296874619e-23,0.5313741263343731,0.06407194425437338,8.293397875125398,1.2888377628124266e-16,0.27794441513732393,0.06784391300305115,4.096821701967927,4.231773628120956e-05
0.864,0.034111058037166186,0.03322142348535817,7608,-1.0882633276466258,0.13919283571221086,-7.8183860690694775,6.070379894747003e-15,-0.5047776104653898,0.09630788350044922,-5.241290661974056,1.6374652533436172e-07,0.13294126377678936,0.1751627983220039,0.7589583236298943,0.4479010250634764,-0.7735075370718816,0.16387615389597537,-4.720073779391268,2.399776587826215e-06,-0.4213385505521785,0.16549018641806537,-2.546003238450543,0.010915984948305747,-1.2802323111397844,0.1565784360882684,-8.176300281975452,3.402315389796008e-16,0.5791755448192694,0.06604920283854132,8.76884988657738,2.200654371100675e-18,0.2737685674130038,0.06991099437091187,3.915958711165346,9.083351421819537e-05
0.918,0.03537844181504579,0.03446891178981748,7432,-1.2575975369259593,0.16442634566259226,-7.648394372922371,2.2911284135041766e-14,-0.5193194424999327,0.09908742337852577,-5.2410227735569475,1.6408654585297792e-07,0.11049091497985761,0.18273764348729035,0.6046423324242024,0.5454351510776976,-0.7341494301789077,0.16996696299132663,-4.319365465254393,1.585154141054556e-05,-0.3778192617252284,0.17156528466964854,-2.202189460721759,0.027682562154566506,-1.1699718332178108,0.20463718332887232,-5.717298362817815,1.1242793420772329e-08,0.6561870714287139,0.06879643225505282,9.538097397202158,1.929683407700789e-21,0.24307469647355306,0.07271122671400618,3.3430146548019963,0.0008328348601740222
0.972,0.03945572323579383,0.03855003763000864,7432,-1.2293910595036328,0.16704085954704037,-7.359822398168539,2.0391618149693108e-13,-0.5407397888652985,0.10066299475763404,-5.371783247331712,8.032650107389794e-08,0.050430886014481174,0.18564332204010117,0.27165472724942674,0.7858950684570135,-0.7444620179563,0.17266957723995918,-4.311483411589755,1.6425916110052496e-05,-0.32467711029063107,0.1742933135451339,-1.8628202292255736,0.06252702856416524,-1.276744959341997,0.2078910825439384,-6.141412819244679,8.600560477974716e-10,0.6816235272393224,0.06989035200742892,9.752755676017628,2.4438452342464424e-22,0.21403548258374722,0.07386739491219214,2.8975637063981488,0.0037717334888814646
1.026,0.042168898202687655,0.04124954845463058,7301,-1.2405451167333095,0.1822942975328684,-6.805177855383183,1.0893115991717078e-11,-0.5376949805798371,0.10322407822145005,-5.209007334764493,1.9505064053642007e-07,0.07164440376015897,0.19392988352307508,0.36943457325200857,0.7118145577996345,-0.8026177868765126,0.17854820742653935,-4.49524416091792,7.056370201673209e-06,-0.3474142709614858,0.1800320015791167,-1.929736201976355,0.05367827189141249,-1.2839292649908036,0.23362665629709087,-5.495645425657668,4.024339507547539e-08,0.7412862512067652,0.0727545275148818,10.188867642019067,3.2285502168608494e-24,0.2283510542308223,0.0765042777360399,2.984814195863585,0.0028469189789046183
1.08,0.04626673814750659,0.04533327438450785,7160,-1.281218215156873,0.1916855622766624,-6.683957831459801,2.5007696166608387e-11,-0.5721227854776196,0.10588994888260661,-5.402994255025049,6.764954042107797e-08,0.0750781241061617,0.19901145011452198,0.37725529894364207,0.7059950817736078,-0.679793759972626,0.18364472952544536,-3.7016785710609543,0.00021578806115151605,-0.22532676135369195,0.18536611590046465,-1.2155768612785998,0.22418627585231132,-1.3218611073307773,0.24936988429434456,-5.300804911031334,1.1874023964347868e-07,0.7880731820394544,0.07485303807516429,10.528272496409622,9.865244459864299e-26,0.1635998566291183,0.07893287152992481,2.072645444896741,0.038241025582854034
1.134,0.048286350977102765,0.04733341212097908,6999,-1.316122366458059,0.232465330505444,-5.661585594705432,1.5592799349265934e-08,-0.5898943302865526,0.10834998309162851,-5.444341692122792,5.376428235212604e-08,0.0192534039704652,0.20505832113830322,0.09389233201358158,0.9251973757669403,-0.7259713073536842,0.18813001806291305,-3.8588807614471725,0.00011493259872802486,-0.24350252129641953,0.1898717323292273,-1.2824579957705307,0.19972455162172348,-1.216933266998321,0.32275339225478833,-3.7704739785899704,0.0001642811601108575,0.81586493725191,0.07697083863195693,10.599662830140678,4.711607832324964e-26,0.17652370306345058,0.08095656301038762,2.1804742753320774,0.02925555434171647
1.188,0.05091441025431476,0.04993913146273821,6820,-1.2720835775883248,0.2559394178852734,-4.97025267971245,6.849844068063835e-07,-0.5668309250377406,0.11177784702405655,-5.071048871747804,4.060765595127056e-07,0.10833618861938676,0.21543752897101187,0.5028659079819092,0.6150748088366478,-0.6350308602461483,0.19714012267256284,-3.2212157101114016,0.0012824788931623328,-0.1754374163318762,0.19895472600072714,-0.8817956721029839,0.3779184252318908,-1.363126744337,0.36178531463755476,-3.7677779865183676,0.00016609706593097458,0.8866614584036292,0.080900097132133,10.959955424471955,1.0134818701635706e-27,0.13482413013469255,0.08518354120691587,1.5827485946750763,0.11352520054898065
1.242,0.05260693163698493,0.05160500514075572,6627,-1.283566660007181,0.2606708389261338,-4.924089956878164,8.680828231667308e-07,-0.5665262775921849,0.11512490578561253,-4.920970607760403,8.819837958258813e-07,0.11585968990026235,0.2218318599349321,0.52228606807988,0.6014886465162973,-0.5871966476363708,0.203472830547356,-2.885872507188165,0.003915922401898178,-0.15743404231193348,0.20534352799965236,-0.7666861665696131,0.44329547355682664,-1.3632697001188245,0.36748101547709255,-3.709769056637991,0.00020914787063381937,0.9257129636133292,0.08319080019144261,11.127588164593137,1.6468139963767774e-28,0.11874157421792494,0.0880571485883177,1.3484603592271902,0.17755649927907294
1.296,0.0540092086034899,0.05297711141836281,6424,-1.3596493504013236,0.27169092894172936,-5.004397296948155,5.753006051417381e-07,-0.5451744698343439,0.11787694457988522,-4.62494571586795,3.820459342269631e-06,0.16979154857007678,0.22811940473195022,0.744309975600668,0.456716226433725,-0.5347508742282434,0.2097733439746301,-2.5491841055502076,0.010820599439993686,-0.15370693068287847,0.21165271063079552,-0.726222358432267,0.46772895870927,-1.26849948595065,0.38529333288848694,-3.2922954478368407,0.0009991072456092811,0.978367987700423,0.08570598840593177,11.415398222427005,6.796906178742258e-30,0.12616453858635002,0.09096781976701598,1.3869139538517994,0.16551618239671584
1.35,0.05841693251813673,0.0572998000651922,5908,-1.4210081941854478,0.28723603374425133,-4.947179417783921,7.738432139626387e-07,-0.5209273619772262,0.12471967741158616,-4.1767856747906675,2.999210847205504e-05,0.14680083121270734,0.24411836378241644,0.6013510370057676,0.5476293064290864,-0.49021248753251556,0.22624290126834634,-2.1667530109644204,0.03029358727774889,-0.05420751351894437,0.22901904712256704,-0.23669434573244663,0.8129021388158582,-1.211942492923937,0.40737126013743447,-2.9750318972307106,0.0029414528360790304,1.0271734544579003,0.09256904770009079,11.09629492771473,2.48933532917363e-28,0.10668715185847806,0.09904088813238525,1.0772031013683183,0.2814335816949422
1.404,0.059954413029149944,0.058839104705625256,5908,-1.3647737283751091,0.2911897580872266,-4.686887812744732,2.8362452506940834e-06,-0.5372905020499544,0.1264364091816302,-4.249491942452417,2.1755673358109513e-05,0.15101825657892454,0.24747858535654244,0.6102275732720571,0.5417345696378768,-0.5610913629460775,0.2293570720585141,-2.4463660872115187,0.014459432267632896,-0.13936317286192196,0.23217143079048697,-0.600259783847756,0.5483561705851622,-1.2074910337881002,0.41297861255362867,-2.9238585173252707,0.0034703701627388076,1.07075576710585,0.09384323496875274,11.410047484641623,7.643103435848329e-30,0.1434242760251584,0.10040415848970939,1.4284694795769661,0.15320970743305765
1.458,0.06264093880993771,0.06146229440032214,5575,-1.4102198527687153,0.30748204424348485,-4.586348631310676,4.609477634035198e-06,-0.5736061997428066,0.13195934740502271,-4.346840227863795,1.4057343402011365e-05,0.17874401315775204,0.2600384054795865,0.6873754391321392,0.4918748054221308,-0.5370515931855564,0.24172835061929648,-2.221715375170748,0.02634260475599721,-0.11710210722514452,0.24474428495871042,-0.47846717746606515,0.6323365196953901,-1.1392638516081264,0.4380046726202681,-2.601031273919356,0.00931898617521799,1.1261569102095805,0.09868097577664914,11.412097431611159,7.792071375563696e-30,0.12513526198400696,0.10611609591836883,1.1792297945098626,0.23835707906504788
1.512,,,5247,,,,,,,,,,,,,,,,,,,,,,,,,,,,,,,,
1.566,,,4903,,,,,,,,,,,,,,,,,,,,,,,,,,,,,,,,
1.6199999999999999,,,4511,,,,,,,,,,,,,,,,,,,,,,,,,,,,,,,,
1.674,,,4126,,,,,,,,,,,,,,,,,,,,,,,,,,,,,,,,
1.728,,,3726,,,,,,,,,,,,,,,,,,,,,,,,,,,,,,,,
1.782,,,3282,,,,,,,,,,,,,,,,,,,,,,,,,,,,,,,,
1.836,,,2544,,,,,,,,,,,,,,,,,,,,,,,,,,,,,,,,
1.89,,,2544,,,,,,,,,,,,,,,,,,,,,,,,,,,,,,,,
1.944,,,2208,,,,,,,,,,,,,,,,,,,,,,,,,,,,,,,,
1.998,,,1891,,,,,,,,,,,,,,,,,,,,,,,,,,,,,,,,
2.052,,,1634,,,,,,,,,,,,,,,,,,,,,,,,,,,,,,,,
2.106,,,1408,,,,,,,,,,,,,,,,,,,,,,,,,,,,,,,,
2.16,,,1223,,,,,,,,,,,,,,,,,,,,,,,,,,,,,,,,
2.214,,,1044,,,,,,,,,,,,,,,,,,,,,,,,,,,,,,,,
2.268,,,891,,,,,,,,,,,,,,,,,,,,,,,,,,,,,,,,
2.322,,,775,,,,,,,,,,,,,,,,,,,,,,,,,,,,,,,,
2.376,,,678,,,,,,,,,,,,,,,,,,,,,,,,,,,,,,,,
2.43,,,502,,,,,,,,,,,,,,,,,,,,,,,,,,,,,,,,
2.484,,,502,,,,,,,,,,,,,,,,,,,,,,,,,,,,,,,,
2.538,,,444,,,,,,,,,,,,,,,,,,,,,,,,,,,,,,,,
2.592,,,388,,,,,,,,,,,,,,,,,,,,,,,,,,,,,,,,
2.646,,,337,,,,,,,,,,,,,,,,,,,,,,,,,,,,,,,,
2.7,,,262,,,,,,,,,,,,,,,,,,,,,,,,,,,,,,,,
2.754,,,262,,,,,,,,,,,,,,,,,,,,,,,,,,,,,,,,
2.808,,,231,,,,,,,,,,,,,,,,,,,,,,,,,,,,,,,,
2.862,,,208,,,,,,,,,,,,,,,,,,,,,,,,,,,,,,,,
2.916,,,182,,,,,,,,,,,,,,,,,,,,,,,,,,,,,,,,
2.9699999999999998,,,165,,,,,,,,,,,,,,,,,,,,,,,,,,,,,,,,
3.024,,,146,,,,,,,,,,,,,,,,,,,,,,,,,,,,,,,,
3.078,,,135,,,,,,,,,,,,,,,,,,,,,,,,,,,,,,,,
3.132,,,116,,,,,,,,,,,,,,,,,,,,,,,,,,,,,,,,
3.186,,,105,,,,,,,,,,,,,,,,,,,,,,,,,,,,,,,,
3.2399999999999998,,,103,,,,,,,,,,,,,,,,,,,,,,,,,,,,,,,,
3.294,,,93,,,,,,,,,,,,,,,,,,,,,,,,,,,,,,,,
3.348,,,86,,,,,,,,,,,,,,,,,,,,,,,,,,,,,,,,
3.402,,,76,,,,,,,,,,,,,,,,,,,,,,,,,,,,,,,,
3.456,,,76,,,,,,,,,,,,,,,,,,,,,,,,,,,,,,,,
3.51,,,70,,,,,,,,,,,,,,,,,,,,,,,,,,,,,,,,
3.564,,,66,,,,,,,,,,,,,,,,,,,,,,,,,,,,,,,,
3.618,,,62,,,,,,,,,,,,,,,,,,,,,,,,,,,,,,,,
3.672,,,51,,,,,,,,,,,,,,,,,,,,,,,,,,,,,,,,
3.726,,,51,,,,,,,,,,,,,,,,,,,,,,,,,,,,,,,,
3.78,,,40,,,,,,,,,,,,,,,,,,,,,,,,,,,,,,,,
3.834,,,38,,,,,,,,,,,,,,,,,,,,,,,,,,,,,,,,
3.888,,,35,,,,,,,,,,,,,,,,,,,,,,,,,,,,,,,,
3.942,,,28,,,,,,,,,,,,,,,,,,,,,,,,,,,,,,,,
3.996,,,28,,,,,,,,,,,,,,,,,,,,,,,,,,,,,,,,
4.05,,,27,,,,,,,,,,,,,,,,,,,,,,,,,,,,,,,,
4.104,,,24,,,,,,,,,,,,,,,,,,,,,,,,,,,,,,,,
4.158,,,20,,,,,,,,,,,,,,,,,,,,,,,,,,,,,,,,
4.212,,,20,,,,,,,,,,,,,,,,,,,,,,,,,,,,,,,,
4.266,,,18,,,,,,,,,,,,,,,,,,,,,,,,,,,,,,,,
4.32,,,17,,,,,,,,,,,,,,,,,,,,,,,,,,,,,,,,
4.374,,,14,,,,,,,,,,,,,,,,,,,,,,,,,,,,,,,,
4.428,,,14,,,,,,,,,,,,,,,,,,,,,,,,,,,,,,,,
4.482,,,12,,,,,,,,,,,,,,,,,,,,,,,,,,,,,,,,
4.536,,,12,,,,,,,,,,,,,,,,,,,,,,,,,,,,,,,,
4.59,,,12,,,,,,,,,,,,,,,,,,,,,,,,,,,,,,,,
4.644,,,11,,,,,,,,,,,,,,,,,,,,,,,,,,,,,,,,
4.6979999999999995,,,9,,,,,,,,,,,,,,,,,,,,,,,,,,,,,,,,
4.752,,,8,,,,,,,,,,,,,,,,,,,,,,,,,,,,,,,,
4.806,,,8,,,,,,,,,,,,,,,,,,,,,,,,,,,,,,,,
4.86,,,6,,,,,,,,,,,,,,,,,,,,,,,,,,,,,,,,
4.914,,,6,,,,,,,,,,,,,,,,,,,,,,,,,,,,,,,,
4.968,,,6,,,,,,,,,,,,,,,,,,,,,,,,,,,,,,,,
5.022,,,6,,,,,,,,,,,,,,,,,,,,,,,,,,,,,,,,
5.076,,,6,,,,,,,,,,,,,,,,,,,,,,,,,,,,,,,,
5.13,,,6,,,,,,,,,,,,,,,,,,,,,,,,,,,,,,,,
5.184,,,5,,,,,,,,,,,,,,,,,,,,,,,,,,,,,,,,
5.2379999999999995,,,4,,,,,,,,,,,,,,,,,,,,,,,,,,,,,,,,
5.292,,,4,,,,,,,,,,,,,,,,,,,,,,,,,,,,,,,,
5.346,,,4,,,,,,,,,,,,,,,,,,,,,,,,,,,,,,,,
5.4,,,4,,,,,,,,,,,,,,,,,,,,,,,,,,,,,,,,
