mouse,date,alpha,beta,kappa,nll,n_trials,group,frac_forced_trials,reward_probs_observed,cohort,cohort_family,condition,age_days,age_bin
WCL23,060223,0.6967064169042213,1.6202963405853839,0.38035159917413175,172.16495426070034,361,non_boundary,0.0,"[0.1, 0.1, 0.9]",FP1_none,FP1,90/10,52.0,
WCL23,060823,0.6349665772322591,1.2341967023526688,1.4311461219855086,121.26633397905113,322,non_boundary,0.0,"[0.1, 0.1, 0.9]",FP1_none,FP1,90/10,58.0,
WCL23,061223,0.906177679201394,1.42046414619097,1.1892430242134993,126.64611062464202,338,non_boundary,0.0,"[0.1, 0.1, 0.9]",FP1_none,FP1,90/10,62.0,
WCL23,061523,0.7885818560149064,1.0590808834875614,1.4565565370335338,141.18695352994615,368,non_boundary,0.0,"[0.1, 0.1, 0.9]",FP1_none,FP1,90/10,65.0,
WCL23,062023,0.9999,1.8294465657879824,1.054217479452926,150.7314241716822,472,fast_learner,0.0,"[0.1, 0.1, 0.9]",FP1_none,FP1,90/10,70.0,
WCL23,062223,0.8833633058345256,1.5428522067008708,1.423505282214544,124.95120134525693,406,non_boundary,0.0,"[0.1, 0.1, 0.9]",FP1_none,FP1,90/10,72.0,
WCL23,063023,0.9189430754962209,2.228693429978894,0.6453501205490627,167.58333254707662,506,non_boundary,0.0,"[0.1, 0.1, 0.9]",FP1_none,FP1,90/10,80.0,
WCL24,060523,0.8175923658926328,1.3221187181094674,0.9438940600735124,165.3968069329421,370,non_boundary,0.0,"[0.1, 0.1, 0.9]",FP1_none,FP1,90/10,55.0,
WCL24,060723,0.854230375784181,1.3947202327207038,1.1674178449684316,118.50558929949992,307,non_boundary,0.0,"[0.1, 0.1, 0.9]",FP1_none,FP1,90/10,57.0,
WCL24,060923,0.8970137862068829,1.541272278931609,0.7816772935954484,156.37624486133606,382,non_boundary,0.0,"[0.1, 0.1, 0.9]",FP1_none,FP1,90/10,59.0,
WCL24,061323,0.7001748581095635,1.627430966517607,0.9576284214966472,123.30617399840372,318,non_boundary,0.0,"[0.1, 0.1, 0.9]",FP1_none,FP1,90/10,63.0,
WCL24,061623,0.8015021640960813,2.4917181329532996,0.6221603938205199,142.3625617903019,395,non_boundary,0.0,"[0.1, 0.1, 0.9]",FP1_none,FP1,90/10,66.0,
WCL24,062123,0.9999,1.7119694344146739,0.7939591427534541,143.40991717761457,381,fast_learner,0.0,"[0.1, 0.1, 0.9]",FP1_none,FP1,90/10,71.0,
WCL24,062323,0.7825043459585355,1.6005687284374728,0.7676914394688094,156.8629153445758,367,non_boundary,0.0,"[0.1, 0.1, 0.9]",FP1_none,FP1,90/10,73.0,
WCL24,063023,0.8379011165366623,2.1674493073083374,0.964372206136935,153.91525220821825,496,non_boundary,0.0,"[0.1, 0.1, 0.9]",FP1_none,FP1,90/10,80.0,
WCL25,060223,0.8664999502969826,1.4032891281991238,0.5997078602548978,182.2356873294299,377,non_boundary,0.0,"[0.1, 0.1, 0.9]",FP1_none,FP1,90/10,52.0,
WCL25,060623,0.7498490768162689,1.4128097777727147,1.075975778389067,221.94280891006792,540,non_boundary,0.0,"[0.1, 0.1, 0.9]",FP1_none,FP1,90/10,56.0,
WCL26,060523,0.5786741802202214,1.627836726301012,1.329359960450443,127.87564405250527,361,non_boundary,0.0,"[0.1, 0.1, 0.9]",FP1_none,FP1,90/10,55.0,
WCL26,060723,0.8730947069449019,2.1394275051368705,0.9109421612795794,123.31036030007664,413,non_boundary,0.0,"[0.1, 0.1, 0.9]",FP1_none,FP1,90/10,57.0,
WCL27,060923,0.8752606174335014,1.2183002438867367,0.9197203651941986,218.60127891221265,499,non_boundary,0.0,"[0.1, 0.1, 0.9]",FP1_none,FP1,90/10,51.0,
WCL27,061323,0.9491278861326868,1.5432313023919182,0.9042346293831302,148.56368674403495,391,non_boundary,0.0,"[0.1, 0.1, 0.9]",FP1_none,FP1,90/10,55.0,
WCL27,061623,0.7067017063899471,1.937135867534338,1.1288694872302725,150.99107333975755,447,non_boundary,0.0,"[0.1, 0.1, 0.9]",FP1_none,FP1,90/10,58.0,
WCL27,062123,0.8761093316526656,1.3388728321711105,1.4083944026586104,154.45390474925017,448,non_boundary,0.0,"[0.1, 0.1, 0.9]",FP1_none,FP1,90/10,63.0,
WCL27,062323,0.8636939032037824,2.437480041516824,1.6781362882990625,76.2682708378464,427,non_boundary,0.0,"[0.1, 0.1, 0.9]",FP1_none,FP1,90/10,65.0,
WCL27,062723,0.74084662863398,2.321189616213769,1.2371763272422065,126.75439668309193,481,non_boundary,0.0,"[0.1, 0.1, 0.9]",FP1_none,FP1,90/10,69.0,
WCL27,062923,0.8085495298920519,1.9277021584059708,1.4000206303449452,135.35051262034474,488,non_boundary,0.0,"[0.1, 0.1, 0.9]",FP1_none,FP1,90/10,71.0,
WCL28,061523,0.9999,1.5853526301602434,0.8712823956208086,155.1356143905237,378,fast_learner,0.0,"[0.1, 0.1, 0.9]",FP1_none,FP1,90/10,57.0,
WCL28,062223,0.8692529667716793,1.9929786281304835,1.454037010950588,66.1856781582444,252,non_boundary,0.0,"[0.1, 0.1, 0.9]",FP1_none,FP1,90/10,64.0,
WCL28,062623,0.7258481614762374,1.9364102941952097,1.4857335432304033,104.0142857743722,392,non_boundary,0.0,"[0.1, 0.1, 0.9]",FP1_none,FP1,90/10,68.0,
WCL28,062823,0.8654817398357351,1.2598150624622872,1.3473999447831364,153.56249222602946,415,non_boundary,0.0,"[0.1, 0.1, 0.9]",FP1_none,FP1,90/10,70.0,
WCL28,063023,0.8587456381134724,2.866006704910952,1.0378701614058157,114.74381527870399,482,non_boundary,0.0,"[0.1, 0.1, 0.9]",FP1_none,FP1,90/10,72.0,
WCL29,061223,0.9999,1.0440266006376226,1.5401233070480038,163.16713770680792,456,fast_learner,0.0,"[0.1, 0.1, 0.9]",FP1_none,FP1,90/10,54.0,
WCL29,061523,0.884874105977075,1.3514412796385085,1.6370154789188975,148.12148202122683,489,non_boundary,0.0,"[0.1, 0.1, 0.9]",FP1_none,FP1,90/10,57.0,
WCL29,062023,0.8907162204687477,2.150646383724899,1.187969895097704,156.69992481551364,592,non_boundary,0.0,"[0.1, 0.1, 0.9]",FP1_none,FP1,90/10,62.0,
WCL29,062223,0.9177484883045313,2.054998367590057,1.3470792136351224,154.0149742310944,604,non_boundary,0.0,"[0.1, 0.1, 0.9]",FP1_none,FP1,90/10,64.0,
WCL29,062623,0.8200576365588004,2.334023380623834,1.545189731639146,123.42472957420394,580,non_boundary,0.0,"[0.1, 0.1, 0.9]",FP1_none,FP1,90/10,68.0,
WCL29,062823,0.915202270912869,1.393918797337298,1.9728045861187677,123.10950336499378,516,non_boundary,0.0,"[0.1, 0.1, 0.9]",FP1_none,FP1,90/10,70.0,
WCL29,063023,0.7826570496360675,2.159772346805706,1.1522627079246082,142.05599160631064,524,non_boundary,0.0,"[0.1, 0.1, 0.9]",FP1_none,FP1,90/10,72.0,
WCL23,062723,0.8269659199998577,1.7494554356525542,1.0942758904124952,128.54389658871352,376,non_boundary,0.0,"[0.1, 0.1, 0.9]",FP1_dcz,FP1,90/10,77.0,
WCL23,062923,0.9999,2.1394336815619233,1.0638499107128654,111.86149110259625,404,fast_learner,0.0,"[0.1, 0.1, 0.9]",FP1_dcz,FP1,90/10,79.0,
WCL24,062623,0.7495138158178244,1.704283802730303,0.9854539041881166,152.25761241119548,400,non_boundary,0.0,"[0.1, 0.1, 0.9]",FP1_dcz,FP1,90/10,76.0,
WCL24,062823,0.7582376033571256,1.5687265807125292,1.0490227074935352,152.96923843410272,391,non_boundary,0.0,"[0.1, 0.1, 0.9]",FP1_dcz,FP1,90/10,78.0,
WCL27,070423,0.7615211498842659,1.9329875867729462,1.2592705723074293,157.91712244189694,537,non_boundary,0.0,"[0.1, 0.1, 0.9]",FP1_dcz,FP1,90/10,76.0,
WCL27,070623,0.7915426208980968,2.7235316581709985,1.1060380587158087,108.16569574114389,474,non_boundary,0.0,"[0.1, 0.1, 0.9]",FP1_dcz,FP1,90/10,78.0,
WCL28,070523,0.7616046523873958,1.9604661665417435,0.8135477102440138,187.8688082603462,497,non_boundary,0.0,"[0.1, 0.1, 0.9]",FP1_dcz,FP1,90/10,77.0,
WCL28,070723,0.8937931250093065,2.190799313603941,1.2222650426219925,126.52801907685563,498,non_boundary,0.0,"[0.1, 0.1, 0.9]",FP1_dcz,FP1,90/10,79.0,
WCL29,070423,0.8416907061809885,3.380814424453952,0.2398397163060622,137.57354994223653,532,non_boundary,0.0,"[0.1, 0.1, 0.9]",FP1_dcz,FP1,90/10,76.0,
WCL29,070623,0.7994257270221825,1.9871749621547599,1.0566624590284859,137.18103097674174,436,non_boundary,0.0,"[0.1, 0.1, 0.9]",FP1_dcz,FP1,90/10,78.0,
WCL23,080823,0.567884554682345,1.2738356244461424,0.8043878551388135,156.11512534460644,316,non_boundary,0.0,"[0.1, 0.1, 0.9]",FP1_retrained_none,FP1,90/10,119.0,
WCL23,081023,0.4225197418124801,2.496488630031802,1.932060159383528,122.33237419814961,631,non_boundary,0.0,"[0.1, 0.1, 0.9]",FP1_retrained_none,FP1,90/10,121.0,
WCL23,081223,0.9401044392834209,1.9663230529231879,1.7150442939815866,108.58920897687013,459,non_boundary,0.0,"[0.1, 0.1, 0.9]",FP1_retrained_none,FP1,90/10,123.0,
WCL23,081423,0.8187669131613929,2.3036445416064217,1.3505897295642253,118.610885565057,495,non_boundary,0.0,"[0.1, 0.1, 0.9]",FP1_retrained_none,FP1,90/10,125.0,
WCL23,081623,0.7888522269609924,1.9569016729751765,1.4349043241758077,136.10297634164903,478,non_boundary,0.0,"[0.1, 0.1, 0.9]",FP1_retrained_none,FP1,90/10,127.0,
WCL23,081823,0.7601006768765664,1.0769424811836354,1.4896282047767404,132.25978761551724,350,non_boundary,0.0,"[0.1, 0.1, 0.9]",FP1_retrained_none,FP1,90/10,129.0,
WCL23,091223,0.8197995181269858,1.4349913795915534,1.5654891909914155,148.6276795741161,449,non_boundary,0.0,"[0.1, 0.1, 0.9]",FP1_retrained_none,FP1,90/10,154.0,
WCL23,091423,0.6759748046375601,2.148629409677306,1.534463743797472,136.52519047021318,576,non_boundary,0.0,"[0.1, 0.1, 0.9]",FP1_retrained_none,FP1,90/10,156.0,
WCL23,091823,0.7962941380740026,2.788273229173704,1.0667903558830238,126.29342719609085,543,non_boundary,0.0,"[0.1, 0.1, 0.9]",FP1_retrained_none,FP1,90/10,160.0,
WCL23,092223,0.8550460587032718,1.904922753357449,1.315995239994741,154.7305909341304,564,non_boundary,0.0,"[0.1, 0.1, 0.9]",FP1_retrained_none,FP1,90/10,164.0,
WCL24,080923,0.6350356858049078,1.4103444444112792,1.4108248531521301,191.4531258893578,548,non_boundary,0.0,"[0.1, 0.1, 0.9]",FP1_retrained_none,FP1,90/10,120.0,
WCL24,081123,0.7996278762166961,2.071411918230388,1.2602206149575417,154.39614138180463,552,non_boundary,0.0,"[0.1, 0.1, 0.9]",FP1_retrained_none,FP1,90/10,122.0,
WCL24,081323,0.8863608688739464,3.5964362902222993,0.8595817078573644,122.64916983375174,626,non_boundary,0.0,"[0.1, 0.1, 0.9]",FP1_retrained_none,FP1,90/10,124.0,
WCL24,081523,0.8091912176572504,2.2238099633713073,0.9944993994632647,140.52260798226817,483,non_boundary,0.0,"[0.1, 0.1, 0.9]",FP1_retrained_none,FP1,90/10,126.0,
WCL24,081723,0.8451056990029595,2.8615061558410386,0.45945479395411765,163.37678092764895,551,non_boundary,0.0,"[0.1, 0.1, 0.9]",FP1_retrained_none,FP1,90/10,128.0,
WCL24,091123,0.9560947824353183,1.8995496202806643,0.594865176559887,189.10249002318938,486,non_boundary,0.0,"[0.1, 0.1, 0.9]",FP1_retrained_none,FP1,90/10,153.0,
WCL24,091323,0.9710425560677942,1.111038833122503,1.416850081165245,178.31255477552259,485,non_boundary,0.0,"[0.1, 0.1, 0.9]",FP1_retrained_none,FP1,90/10,155.0,
WCL24,091523,0.9874598941533262,2.2893075067744095,0.7164535449802717,141.5318463759102,478,non_boundary,0.0,"[0.1, 0.1, 0.9]",FP1_retrained_none,FP1,90/10,157.0,
WCL24,091923,0.8993817506997885,3.1405925673518422,0.19161520243241698,131.6331612516555,494,non_boundary,0.0,"[0.1, 0.1, 0.9]",FP1_retrained_none,FP1,90/10,161.0,
WCL24,092123,0.9452490821059955,1.8545021382508475,1.152507813187485,163.48422502953395,512,non_boundary,0.0,"[0.1, 0.1, 0.9]",FP1_retrained_none,FP1,90/10,163.0,
WCL27,081523,0.8715700823488405,1.3417638376163412,0.90686436368491,220.62117140640757,501,non_boundary,0.0,"[0.1, 0.1, 0.9]",FP1_retrained_none,FP1,90/10,118.0,
WCL27,081723,0.8283973116220544,1.9188261445905446,1.1027769281586435,184.0074432723916,588,non_boundary,0.0,"[0.1, 0.1, 0.9]",FP1_retrained_none,FP1,90/10,120.0,
WCL27,091223,0.8607388110921109,1.7940902978735636,1.5923585035908534,124.05577383678737,480,non_boundary,0.0,"[0.1, 0.1, 0.9]",FP1_retrained_none,FP1,90/10,146.0,
WCL27,091423,0.706189981346155,2.2357964687816807,1.141002219871722,146.97130115132856,541,non_boundary,0.0,"[0.1, 0.1, 0.9]",FP1_retrained_none,FP1,90/10,148.0,
WCL27,091823,0.886565937634572,2.711459137019446,0.8989210579707295,135.25594636000503,542,non_boundary,0.0,"[0.1, 0.1, 0.9]",FP1_retrained_none,FP1,90/10,152.0,
WCL27,092023,0.7471099478494044,2.284592333979501,1.1887920972670993,142.62833985550432,556,non_boundary,0.0,"[0.1, 0.1, 0.9]",FP1_retrained_none,FP1,90/10,154.0,
WCL27,092223,0.7781339795288681,2.324037723426037,1.2510105549651362,170.3799307499009,674,non_boundary,0.0,"[0.1, 0.1, 0.9]",FP1_retrained_none,FP1,90/10,156.0,
WCL28,081623,0.7123851040022408,1.661226678576367,1.2216907651861726,150.60080754941725,432,non_boundary,0.0,"[0.1, 0.1, 0.9]",FP1_retrained_none,FP1,90/10,119.0,
WCL28,081823,0.9494913312375284,1.608190512316687,1.182765850696117,132.6032212594286,408,non_boundary,0.0,"[0.1, 0.1, 0.9]",FP1_retrained_none,FP1,90/10,121.0,
WCL28,091523,0.7552935198069758,2.5845845590035657,0.9039559873311639,148.55700544740168,549,non_boundary,0.0,"[0.1, 0.1, 0.9]",FP1_retrained_none,FP1,90/10,149.0,
WCL28,091923,0.7455210675377382,3.2591105005066883,0.6111765701307526,131.9840577189459,541,non_boundary,0.0,"[0.1, 0.1, 0.9]",FP1_retrained_none,FP1,90/10,153.0,
WCL28,092123,0.9505773548038009,1.9606402435369905,1.1024556142563775,158.4195187529611,552,non_boundary,0.0,"[0.1, 0.1, 0.9]",FP1_retrained_none,FP1,90/10,155.0,
WCL29,081523,0.9689599013889565,1.3045172060177215,0.7123582556721916,182.7672446941877,397,non_boundary,0.0,"[0.1, 0.1, 0.9]",FP1_retrained_none,FP1,90/10,118.0,
WCL29,081723,0.7986134284836981,2.1231159286747134,0.9420307785025059,163.57650187284338,530,non_boundary,0.0,"[0.1, 0.1, 0.9]",FP1_retrained_none,FP1,90/10,120.0,
WCL29,091223,0.901586342358176,2.154649118916954,0.7983263135019618,140.45488734193535,450,non_boundary,0.0,"[0.1, 0.1, 0.9]",FP1_retrained_none,FP1,90/10,146.0,
WCL29,091423,0.7460532784065672,1.7285696490607483,1.435578916597436,143.94116983652444,499,non_boundary,0.0,"[0.1, 0.1, 0.9]",FP1_retrained_none,FP1,90/10,148.0,
WCL29,091823,0.9182355408027469,2.2057178684710013,1.1631327067612207,137.62355989749057,496,non_boundary,0.0,"[0.1, 0.1, 0.9]",FP1_retrained_none,FP1,90/10,152.0,
WCL29,092023,0.7318074307836829,3.248318823162462,0.598803669095599,124.25871952774834,540,non_boundary,0.0,"[0.1, 0.1, 0.9]",FP1_retrained_none,FP1,90/10,154.0,
WCL29,092223,0.9999,1.623982100366321,1.1155136543716229,190.12214157581565,546,fast_learner,0.0,"[0.1, 0.1, 0.9]",FP1_retrained_none,FP1,90/10,156.0,
WCL30,072723,0.5150969834402489,0.8246856287195833,1.4987014894058728,191.2911711027666,450,non_boundary,0.0,"[0.1, 0.1, 0.9]",FP2_none,FP2,90/10,149.0,
WCL30,073123,0.9999,1.5286481254632978,1.087760150483254,152.77014476005948,416,fast_learner,0.0,"[0.1, 0.1, 0.9]",FP2_none,FP2,90/10,153.0,
WCL30,080223,0.719949125939366,0.9965285120142309,1.5973983796076365,166.03198743396013,461,non_boundary,0.0,"[0.1, 0.1, 0.9]",FP2_none,FP2,90/10,155.0,
WCL30,080423,0.8598782393315507,1.6708681020473723,1.0722785271238162,121.86941556296415,351,non_boundary,0.0,"[0.1, 0.1, 0.9]",FP2_none,FP2,90/10,157.0,
WCL30,080823,0.9999,1.549021900838052,0.9925593107302605,129.5326400750633,353,fast_learner,0.0,"[0.1, 0.1, 0.9]",FP2_none,FP2,90/10,161.0,
WCL30,081023,0.6876577941082657,2.212987377104462,0.9841828688087758,143.6610220190001,478,non_boundary,0.0,"[0.1, 0.1, 0.9]",FP2_none,FP2,90/10,163.0,
WCL31,080123,0.8290546370099616,2.557965981024028,0.8007943940807783,133.86493378501373,465,non_boundary,0.0,"[0.1, 0.1, 0.9]",FP2_none,FP2,90/10,154.0,
WCL31,080323,0.7217216061894955,3.4717383417965033,0.808472454160125,108.32327893200456,453,non_boundary,0.0,"[0.1, 0.1, 0.9]",FP2_none,FP2,90/10,156.0,
WCL31,080723,0.9722685069383644,1.3935970947155036,1.0997355343073425,152.95568585014772,393,non_boundary,0.0,"[0.1, 0.1, 0.9]",FP2_none,FP2,90/10,160.0,
WCL31,080923,0.8739921481762296,2.0209946785575434,0.8585030445999369,148.61786243126397,453,non_boundary,0.0,"[0.1, 0.1, 0.9]",FP2_none,FP2,90/10,162.0,
WCL31,081123,0.9999,1.9301899031171512,1.273971763071631,129.52516072600898,452,fast_learner,0.0,"[0.1, 0.1, 0.9]",FP2_none,FP2,90/10,164.0,
WCL31,081323,0.8899542536596821,1.3387327325188392,1.1370192619078476,187.720885318706,480,non_boundary,0.0,"[0.1, 0.1, 0.9]",FP2_none,FP2,90/10,166.0,
WCL31,081423,0.7732646873198314,2.96101312740717,0.7685122264624022,129.6463043268292,513,non_boundary,0.0,"[0.1, 0.1, 0.9]",FP2_none,FP2,90/10,167.0,
WCL32,080123,0.7927891364727099,1.9331845920046957,0.5412000730994799,199.4104298636467,499,non_boundary,0.0,"[0.1, 0.1, 0.9]",FP2_none,FP2,90/10,154.0,
WCL32,080323,0.8565410772020063,1.8112512813879986,0.5639265765423446,158.70469700140174,381,non_boundary,0.0,"[0.1, 0.1, 0.9]",FP2_none,FP2,90/10,156.0,
WCL32,080723,0.8271619319382072,1.7467984848430742,0.797595514072108,144.67580248244428,367,non_boundary,0.0,"[0.1, 0.1, 0.9]",FP2_none,FP2,90/10,160.0,
WCL32,080923,0.8318189571309176,1.8056559984419815,0.8486656375948033,116.69882363686204,327,non_boundary,0.0,"[0.1, 0.1, 0.9]",FP2_none,FP2,90/10,162.0,
WCL32,081123,0.9998277239383763,1.6329032233113951,1.1670615528365007,114.28132691699696,362,fast_learner,0.0,"[0.1, 0.1, 0.9]",FP2_none,FP2,90/10,164.0,
WCL32,081323,0.6695273184651543,2.5518462520280245,1.2095340008916478,102.55130949619809,393,non_boundary,0.0,"[0.1, 0.1, 0.9]",FP2_none,FP2,90/10,166.0,
WCL33,072523,0.33235443171943535,3.0948777523553437,1.3603917410963318,83.5515291930565,323,non_boundary,0.0,"[0.1, 0.1, 0.9]",FP2_none,FP2,90/10,147.0,
WCL33,073123,0.32718617348159507,1.8531688128226007,1.6971691632406043,132.8427509391732,458,non_boundary,0.0,"[0.1, 0.1, 0.9]",FP2_none,FP2,90/10,153.0,
WCL33,080223,0.9028814347964544,2.742537536526307,1.4702211229855562,90.3696410148367,397,non_boundary,0.0,"[0.1, 0.1, 0.9]",FP2_none,FP2,90/10,155.0,
WCL33,080423,0.769316522668258,1.9401131861728846,1.2607650719129186,139.61307476574075,497,non_boundary,0.0,"[0.1, 0.1, 0.9]",FP2_none,FP2,90/10,157.0,
WCL33,080823,0.8566284814335661,2.0880913026522623,1.3748525251236303,126.30395514238568,522,non_boundary,0.0,"[0.1, 0.1, 0.9]",FP2_none,FP2,90/10,161.0,
WCL33,081023,0.7780573263216136,2.3975113515064197,1.566136184245203,107.72099439631364,529,non_boundary,0.0,"[0.1, 0.1, 0.9]",FP2_none,FP2,90/10,163.0,
WCL33,081223,0.7370547654189311,2.567934602837851,1.527147209597988,119.43154308848499,547,non_boundary,0.0,"[0.1, 0.1, 0.9]",FP2_none,FP2,90/10,165.0,
WCL30,081423,0.7868141026714248,2.7368232281242104,0.4996662511499815,139.06588900931038,455,non_boundary,0.0,"[0.1, 0.1, 0.9]",FP2_dcz,FP2,90/10,167.0,
WCL30,081623,0.7636514032590143,2.513660465765915,0.5899132903990592,142.46104560577626,433,non_boundary,0.0,"[0.1, 0.1, 0.9]",FP2_dcz,FP2,90/10,169.0,
WCL31,081523,0.8936169972560365,2.108880215527198,0.8452849439653679,150.6731211812809,475,non_boundary,0.0,"[0.1, 0.1, 0.9]",FP2_dcz,FP2,90/10,168.0,
WCL31,081723,0.9001008994187835,2.1679189139355706,1.1084551724344152,161.36024541657014,591,non_boundary,0.0,"[0.1, 0.1, 0.9]",FP2_dcz,FP2,90/10,170.0,
WCL32,081623,0.8114177254684577,1.9885391845394063,0.7784002898965483,150.5342217951316,414,non_boundary,0.0,"[0.1, 0.1, 0.9]",FP2_dcz,FP2,90/10,169.0,
WCL32,081823,0.736897600644945,3.3530264782855936,0.9109039253610717,77.67224831596766,337,non_boundary,0.0,"[0.1, 0.1, 0.9]",FP2_dcz,FP2,90/10,171.0,
WCL33,081523,0.6566960447828297,3.3414394517244848,1.3016682107558428,96.01715103494722,552,non_boundary,0.0,"[0.1, 0.1, 0.9]",FP2_dcz,FP2,90/10,168.0,
WCL33,081723,0.6847274394296478,2.4289314079529785,1.6143343972320086,118.23919917508717,619,non_boundary,0.0,"[0.1, 0.1, 0.9]",FP2_dcz,FP2,90/10,170.0,
SM1N,062324,0.5948447601185148,0.9879059114642859,0.8983876951623772,155.52016491385035,309,non_boundary,1.0,"[0.0, 1.0]",SM,SM,80/20,,P70
SM1L,062424,0.9999,0.5966533292572909,1.4783125635673906,135.46497248632957,313,fast_learner,1.0,"[0.0, 1.0]",SM,SM,80/20,,P70
SM2N,062424,0.9999,1.2289390743067898,0.7394893439143875,138.7281333721142,313,fast_learner,1.0,"[0.0, 1.0]",SM,SM,80/20,,P70
SM2R,062424,0.5128469763182858,0.8768284822242336,1.478365420872054,146.29098233584048,333,non_boundary,0.0,"[0.2, 0.2, 0.8]",SM,SM,80/20,,P70
SM1N,062524,0.9999,0.9605122063494304,0.7080949749264058,177.62289909234337,330,fast_learner,0.0,"[0.2, 0.2, 0.8]",SM,SM,80/20,,P70
SM1L,062624,0.0005870219734597211,50.0,2.272890540818278,157.37541195167609,519,fast_learner,0.0,"[0.2, 0.2, 0.8]",SM,SM,80/20,,P70
SM2N,062624,0.046820658195590295,6.439581975581795,1.288115206681503,40.42480476583917,115,non_boundary,0.0,"[0.2, 0.2, 0.8]",SM,SM,80/20,,P70
SM2R,062624,0.4922522470205528,1.5018711029639478,1.2817641948222391,152.02003803465163,361,non_boundary,0.0,"[0.2, 0.2, 0.8]",SM,SM,80/20,,P70
SM1N,062724,0.7113420738644516,1.4105772434475552,1.1616146635787834,151.2172059524988,361,non_boundary,0.0,"[0.2, 0.2, 0.8]",SM,SM,80/20,,P70
SM1L,062824,0.00026464667994563127,50.0,2.107395306970734,184.57982944934272,541,fast_learner,0.0,"[0.2, 0.2, 0.8]",SM,SM,80/20,,P80
SM2N,062824,0.9999,1.895327146693076,1.804026720313733,102.09448313005755,388,fast_learner,0.0,"[0.2, 0.2, 0.8]",SM,SM,80/20,,P80
SM2R,062824,0.8452165797802651,1.7151250378233462,1.3134186896985218,152.05060124053628,437,non_boundary,0.0,"[0.2, 0.2, 0.8]",SM,SM,80/20,,P80
SM1L,070224,0.8634575426890916,1.4165117935118574,1.4562969676376354,158.59216998418097,426,non_boundary,0.0,"[0.2, 0.2, 0.8]",SM,SM,80/20,,P80
SM2N,070224,0.003932986624680586,50.0,1.8217060715311868,109.29389178993104,480,fast_learner,0.0,"[0.2, 0.2, 0.8]",SM,SM,80/20,,P80
SM2R,070224,0.9999,0.886651093693208,1.3698672974330384,204.29531933986044,479,fast_learner,0.0,"[0.2, 0.2, 0.8]",SM,SM,80/20,,P80
SM1N,070324,0.9899202038031254,1.4884165135914982,0.8413559906473838,50.28365953050639,108,non_boundary,0.0,"[0.2, 0.2, 0.8]",SM,SM,80/20,,P80
SM1L,070824,0.7261705350395783,1.3460285191393913,1.5637149883092718,146.27517901599649,411,non_boundary,0.0,"[0.2, 0.2, 0.8]",SM,SM,80/20,,P90
SM2N,070824,0.5742820552333953,1.7001261001556052,1.888482072233035,95.95402195465995,332,non_boundary,0.0,"[0.2, 0.2, 0.8]",SM,SM,80/20,,P90
SM2R,070824,0.07161228535507329,5.83999432696284,1.3515236511385171,165.0526145157288,407,non_boundary,0.0,"[0.2, 0.2, 0.8]",SM,SM,80/20,,P90
SM1N,070924,0.7002686992338472,1.445747711021664,1.1170887894078636,55.85469640175387,127,non_boundary,0.0,"[0.2, 0.2, 0.8]",SM,SM,80/20,,P90
SM1L,071024,0.9999,1.196234314664418,1.860424307403099,165.65094113617945,538,fast_learner,0.0,"[0.2, 0.2, 0.8]",SM,SM,80/20,,P90
SM2N,071024,0.550404135915382,1.5649880770587181,2.1827210368299443,78.57634332166306,316,non_boundary,0.0,"[0.2, 0.2, 0.8]",SM,SM,80/20,,P90
SM2R,071024,0.9299454088635764,1.1017117125070488,0.860998206173798,213.50006613880274,429,non_boundary,0.0,"[0.2, 0.2, 0.8]",SM,SM,80/20,,P90
SM1N,071124,0.6682959816978069,0.6202101778449498,1.6240893413043547,101.69653440032837,241,non_boundary,0.0,"[0.2, 0.2, 0.8]",SM,SM,80/20,,P90
SM1L,071224,0.39227021747174456,1.8430869802773326,1.8883245973910445,163.8845716529954,533,non_boundary,0.0,"[0.2, 0.2, 0.8]",SM,SM,80/20,,P90
SM2N,071224,0.9999,1.0400584592082973,1.511093893085462,188.33733724536086,486,fast_learner,0.0,"[0.2, 0.2, 0.8]",SM,SM,80/20,,P90
SM2R,071224,0.38155139810943917,1.8290082186532535,1.2668361617026578,136.1953383401591,324,non_boundary,0.0,"[0.2, 0.2, 0.8]",SM,SM,80/20,,P90
SM1N,071324,0.9999,1.8253823728759164,0.7893478764967379,89.47395132517595,219,fast_learner,0.0,"[0.2, 0.2, 0.8]",SM,SM,80/20,,P90
SM1L,071524,0.6754038719039168,1.5532750627212273,1.6801944826237876,131.57843743679754,411,non_boundary,0.0,"[0.2, 0.2, 0.8]",SM,SM,80/20,,P90
SM2N,071524,0.6458119743183391,1.7928035769781736,1.4613157750016463,83.75327701724004,249,non_boundary,0.0,"[0.2, 0.2, 0.8]",SM,SM,80/20,,P90
SM2R,071524,0.8120976428237361,2.038564739481522,1.219580281376103,148.562482527915,468,non_boundary,0.0,"[0.2, 0.2, 0.8]",SM,SM,80/20,,P90
SM1N,071624,0.9999,1.200502438405588,1.4429327049678293,160.59800644984722,433,fast_learner,0.0,"[0.2, 0.2, 0.8]",SM,SM,80/20,,P90
SM1L,071724,0.7838733785430414,3.0121740662794867,1.1476548122504284,119.0937684463243,457,non_boundary,0.0,"[0.2, 0.2, 0.8]",SM,SM,80/20,,P90
SM2N,071724,0.9999,0.5069000913184739,1.7238461178908049,203.01273695018335,504,fast_learner,0.0,"[0.2, 0.2, 0.8]",SM,SM,80/20,,P90
SM2R,071724,0.9999,1.3165644501004876,1.54848097107904,136.86087005682077,395,fast_learner,0.0,"[0.2, 0.2, 0.8]",SM,SM,80/20,,P90
SM1N,071824,0.6779189995094853,2.4229714600690913,0.8565619768554783,165.57987373299108,437,non_boundary,0.0,"[0.2, 0.2, 0.8]",SM,SM,80/20,,P100
SM3FR,071824,0.9993146763944761,1.1235524151053293,0.7129831695564145,119.62124067415432,243,fast_learner,1.0,"[0.0, 1.0]",SM,SM,80/20,,P140
SM1L,071924,0.782743704181893,2.223373634297646,1.4526023689456504,163.5412326779582,620,non_boundary,0.0,"[0.2, 0.2, 0.8]",SM,SM,80/20,,P100
SM2N,071924,0.006929677408359946,36.752710320319984,1.3713752391874967,167.77455450047512,481,non_boundary,0.0,"[0.2, 0.2, 0.8]",SM,SM,80/20,,P100
SM2R,071924,0.6897240875576419,1.380807970611889,1.080202752314978,200.3183497367882,447,non_boundary,0.0,"[0.2, 0.2, 0.8]",SM,SM,80/20,,P100
SM1L,072224,0.9630161953600044,2.0872686887365925,1.49047482814926,145.96330956569844,516,non_boundary,0.0,"[0.2, 0.2, 0.8]",SM,SM,80/20,,P100
SM2N,072224,0.9999,1.1039129646513377,1.257904183504208,203.32403886335638,472,fast_learner,0.0,"[0.2, 0.2, 0.8]",SM,SM,80/20,,P100
SM2R,072224,0.8740511982751928,2.76589485979026,0.517503901558159,193.99515967633533,533,non_boundary,0.0,"[0.2, 0.2, 0.8]",SM,SM,80/20,,P100
SM1N,072324,0.8713530616394871,1.811042531423083,0.8502483680582663,206.82275130320937,479,non_boundary,0.0,"[0.2, 0.2, 0.8]",SM,SM,80/20,,P100
SM3FR,072324,0.9059256404198934,1.1982574934169081,1.4296709730909256,146.6691878100417,377,non_boundary,0.0,"[0.2, 0.2, 0.8]",SM,SM,80/20,,P140
SM2N,072424,0.9999,0.550352719451634,1.8693678674521463,180.27106454042132,489,fast_learner,0.0,"[0.2, 0.2, 0.8]",SM,SM,80/20,,P100
SM2R,072424,0.8496649358137484,3.2574127241952335,0.867961574592512,152.55237727489916,538,non_boundary,0.0,"[0.2, 0.2, 0.8]",SM,SM,80/20,,P100
SM1N,072524,0.7943874988387858,1.3617796417856507,1.5324634855387063,142.41154850355022,404,non_boundary,0.0,"[0.2, 0.2, 0.8]",SM,SM,80/20,,P100
SM3FR,072524,0.9999,1.5630594335347714,1.6505114605862328,118.19360997586547,400,fast_learner,0.0,"[0.2, 0.2, 0.8]",SM,SM,80/20,,P150
SM1L,072624,0.9005073849138509,1.0258108376863828,2.0444979270636274,131.29870767699688,450,non_boundary,0.0,"[0.2, 0.2, 0.8]",SM,SM,80/20,,P110
SM2N,072624,0.7937897933751724,0.9988234321333249,1.1311762930311058,207.43190492791518,434,non_boundary,0.0,"[0.2, 0.2, 0.8]",SM,SM,80/20,,P110
SM2R,072624,0.9946585188943106,2.3275069469465093,0.9100446811792415,169.9337116122045,480,non_boundary,0.0,"[0.2, 0.2, 0.8]",SM,SM,80/20,,P110
SM1N,072924,0.4865315835362327,1.1206331008727994,1.4194836246897562,188.77261332906116,435,non_boundary,0.0,"[0.2, 0.2, 0.8]",SM,SM,80/20,,P110
SM1L,073024,0.9335318393004209,2.823025811307797,1.231442342365134,167.08341617924913,674,non_boundary,0.0,"[0.2, 0.2, 0.8]",SM,SM,80/20,,P110
SM2N,073024,0.8274846271271703,1.3291972369038199,1.376672287316651,253.84315980764651,650,non_boundary,0.0,"[0.2, 0.2, 0.8]",SM,SM,80/20,,P110
SM2R,073024,0.9178815678447753,2.7788787099085326,0.5444127139498428,232.02001149477817,678,non_boundary,0.0,"[0.2, 0.2, 0.8]",SM,SM,80/20,,P110
SM1N,073124,0.7865924760733655,2.342051285511991,1.2427994879425075,193.56167676414566,622,non_boundary,0.0,"[0.2, 0.2, 0.8]",SM,SM,80/20,,P110
SM1L,080124,0.6926523134624024,2.2354612911310587,1.077310606398843,208.44874006504733,597,non_boundary,0.0,"[0.2, 0.2, 0.8]",SM,SM,80/20,,P110
SM2N,080124,0.9981147336016035,1.9810869581749002,1.1709544010540336,177.0068513471504,547,non_boundary,0.0,"[0.2, 0.2, 0.8]",SM,SM,80/20,,P110
SM1N,080224,0.581307822437023,2.084943693738368,1.6894195716103138,174.42346747487045,580,non_boundary,0.0,"[0.2, 0.2, 0.8]",SM,SM,80/20,,P110
SM1L,080524,0.8749575183379857,1.618048816515881,1.3230337566869854,222.35247521103568,629,non_boundary,0.0,"[0.2, 0.2, 0.8]",SM,SM,80/20,,P110
SM2N,080524,0.9999,1.4537122941963512,1.210900210098513,229.50997111308132,614,fast_learner,0.0,"[0.2, 0.2, 0.8]",SM,SM,80/20,,P110
SM2R,080524,0.7603613275932212,1.993763383663035,1.4226162804765925,163.6643546148953,545,non_boundary,0.0,"[0.2, 0.2, 0.8]",SM,SM,80/20,,P110
SM1N,080624,0.7833794029090433,2.6255793666936884,0.8029530784436119,219.3641695974521,628,non_boundary,0.0,"[0.2, 0.2, 0.8]",SM,SM,80/20,,P110
SM1L,080724,0.8351173560002473,2.808692733432804,0.8856166296586777,204.79100260694696,644,non_boundary,0.0,"[0.2, 0.2, 0.8]",SM,SM,80/20,,P120
SM2N,080724,0.8091925710201224,1.8433053742194172,1.3097099920976274,209.6859975397048,635,non_boundary,0.0,"[0.2, 0.2, 0.8]",SM,SM,80/20,,P120
SM2R,080724,0.8639370153102045,2.8902346757877604,0.6099013684695757,185.48000088202434,545,non_boundary,0.0,"[0.2, 0.2, 0.8]",SM,SM,80/20,,P120
SM1N,080824,0.9131071512156895,1.741045567789147,1.415473861295463,194.1567384664545,618,non_boundary,0.0,"[0.2, 0.2, 0.8]",SM,SM,80/20,,P120
SM1L,080924,0.8657698624996633,4.306582510476149,0.5319579758694657,183.21300728652963,671,non_boundary,0.0,"[0.2, 0.2, 0.8]",SM,SM,80/20,,P120
SM2N,080924,0.9148088152546194,1.770172989979485,1.1879742045796693,212.72506354658657,584,non_boundary,0.0,"[0.2, 0.2, 0.8]",SM,SM,80/20,,P120
SM2R,080924,0.9999,3.282085240009122,0.26092179099709767,178.40839602457203,598,fast_learner,0.0,"[0.2, 0.2, 0.8]",SM,SM,80/20,,P120
SM1N,081224,0.5352236358453129,1.4669268948668739,0.99128182593796,249.02142949848687,518,non_boundary,0.0,"[0.2, 0.2, 0.8]",SM,SM,80/20,,P120
SM2N,081324,0.8503904359265174,0.8051505957755871,0.875417814687459,295.6188994246103,536,non_boundary,0.0,"[0.2, 0.2, 0.8]",SM,SM,80/20,,P120
SM2R,081324,0.9100926166071733,0.705073096354586,0.9202251373112202,285.7731002372043,519,non_boundary,0.0,"[0.2, 0.2, 0.8]",SM,SM,80/20,,P120
SM1N,081424,0.9862437086549598,1.2897988565991452,0.8832132501364504,183.058225018062,403,non_boundary,0.0,"[0.2, 0.2, 0.8]",SM,SM,80/20,,P120
SM1L,081524,0.5245458013870418,2.4125883023541252,1.2806702566948818,212.83243150923974,660,non_boundary,0.0,"[0.2, 0.2, 0.8]",SM,SM,80/20,,P120
SM2N,081524,0.9387886420457602,2.3522901619216308,0.4305818740152963,301.4921141047147,751,non_boundary,0.0,"[0.2, 0.2, 0.8]",SM,SM,80/20,,P120
SM2R,081524,0.9745321386991909,2.413866164210412,0.5552057856464916,229.05121485836654,597,non_boundary,0.0,"[0.2, 0.2, 0.8]",SM,SM,80/20,,P120
SM1N,081624,0.9202006145388495,1.9061644945812868,0.9065372454996625,237.1812286957785,578,non_boundary,0.0,"[0.2, 0.2, 0.8]",SM,SM,80/20,,P130
SM1L,081924,0.7199098977554029,1.6863541531522483,1.3587646383265595,216.8020975749975,585,non_boundary,0.0,"[0.2, 0.2, 0.8]",SM,SM,80/20,,P130
SM2N,081924,0.7884066297876282,2.6112011967706787,0.6782182000575514,164.0035766876982,459,non_boundary,0.0,"[0.2, 0.2, 0.8]",SM,SM,80/20,,P130
SM2R,081924,0.9579304798171235,1.853456871766831,1.154851416489467,154.02969037503055,442,non_boundary,0.0,"[0.2, 0.2, 0.8]",SM,SM,80/20,,P130
SM1N,082024,0.8271675263614029,2.589296700112698,0.8147703786261848,181.34711961381518,545,non_boundary,0.0,"[0.2, 0.2, 0.8]",SM,SM,80/20,,P130
SM1L,082124,0.9999,0.15580998324518153,1.6403986988065073,287.5005383098582,651,fast_learner,0.0,"[0.2, 0.2, 0.8]",SM,SM,80/20,,P130
SM2N,082124,0.5289699929872714,0.6517841780342375,1.3461486659054878,225.3954526328183,461,non_boundary,0.0,"[0.2, 0.2, 0.8]",SM,SM,80/20,,P130
SM1L,082324,0.8601432010361841,1.4702159600561173,1.388315188283226,236.3473029083567,632,non_boundary,0.0,"[0.2, 0.2, 0.8]",SM,SM,80/20,,P130
SM2N,082324,0.9094115564180751,0.9946602996671903,1.6471561995382829,220.70372159889652,595,non_boundary,0.0,"[0.2, 0.2, 0.8]",SM,SM,80/20,,P130
SM2R,082324,0.7630544537884368,1.534035377674749,1.1001863443766364,174.85492004646466,414,non_boundary,0.0,"[0.2, 0.2, 0.8]",SM,SM,80/20,,P130
