peth_time,r_squared,r_squared_adj,n_trials,Intercept_beta,Intercept_se,Intercept_tstat,Intercept_pvalue,C(reward_seq_2)[T.01]_beta,C(reward_seq_2)[T.01]_se,C(reward_seq_2)[T.01]_tstat,C(reward_seq_2)[T.01]_pvalue,C(reward_seq_2)[T.10]_beta,C(reward_seq_2)[T.10]_se,C(reward_seq_2)[T.10]_tstat,C(reward_seq_2)[T.10]_pvalue,C(reward_seq_2)[T.11]_beta,C(reward_seq_2)[T.11]_se,C(reward_seq_2)[T.11]_tstat,C(reward_seq_2)[T.11]_pvalue,Port_beta,Port_se,Port_tstat,Port_pvalue
-2.16,0.04781583533804712,0.04756941086479094,15461,0.0757639349073694,0.0330182256576627,2.294609519387863,0.021768851699919232,-0.5082511660827103,0.04655973492654798,-10.916109528641444,1.217922694460943e-27,0.6351067578040366,0.046583285439138984,13.633790571380006,4.4157977445207145e-42,0.3445637002903157,0.03691023502237099,9.335180339043587,1.1426341333620897e-20,-0.056461047479479984,0.01245601061423762,-4.532835530417997,5.863378714026908e-06
-2.106,0.048573117309220204,0.048326888819911096,15461,0.04654102347482913,0.03085703453711875,1.5082792035263042,0.1315035229195352,-0.44508533712463855,0.04351219122321809,-10.228980076901784,1.7600014294298576e-24,0.6040379392087559,0.04353420024901863,13.875020920416988,1.6368470878267166e-43,0.3590178209166831,0.03449429441385359,10.408034923378356,2.7622327906567306e-25,-0.06126135612282944,0.011640708792268152,-5.262682643819739,1.4386570816438916e-07
-2.052,0.04894003296069682,0.04869389942885438,15461,0.03666984342043317,0.028646162581592884,1.2800961844710064,0.20053052237149632,-0.4024430718548902,0.04039459146867362,-9.962795939327385,2.6069638342956024e-23,0.5675637200303292,0.04041502357243221,14.043384609516208,1.5882073910894594e-44,0.3504691856094703,0.03202281686297283,10.944358427590702,8.942453466760936e-28,-0.052904373635774944,0.010806665048359114,-4.895531914705542,9.902981737732495e-07
-1.998,0.05109928999570723,0.05085371527779725,15461,0.015500054026925938,0.0262507622758798,0.5904611021969438,0.5548901894398298,-0.3588996030751367,0.03701678418025895,-9.69559109531016,3.6406887058408305e-22,0.5437761389890995,0.0370355077456592,14.682562008423753,1.7681529176090487e-48,0.34348270337664044,0.029345059760782496,11.704958387431185,1.6329163874587829e-31,-0.04911214624489971,0.009903008627124807,-4.959315708397873,7.149268497994695e-07
-1.944,0.05499359725217534,0.054749030377758245,15461,-0.018013070377850274,0.02422306959748035,-0.7436328540179717,0.4571099253291311,-0.3185446718426289,0.03415748960163369,-9.325763560428442,1.2481828151875013e-20,0.5338795308088777,0.034174766899071264,15.622038692629282,1.347410645757326e-54,0.34514786739973846,0.027078353666734844,12.746264844887707,5.0234352771915e-37,-0.055456014662076586,0.009138068627428185,-6.0686800376639445,1.3197707755532996e-09
-1.89,0.05406803299043528,0.05382322658075378,15461,-0.03655887862316833,0.02276644208172658,-1.6058231010330863,0.10833321243921762,-0.2813062744542325,0.032103466719744754,-8.762489014347453,2.1054601086156934e-18,0.51319405277088,0.03211970506599803,15.977545613086841,5.24002687602893e-57,0.3279002261246286,0.025450026799508207,12.884081761790714,8.659066046188845e-38,-0.05276030357768981,0.008588560971101146,-6.143090065404213,8.291409720374453e-10
-1.836,0.05187333130524574,0.05162795690858568,15461,-0.05922197423617787,0.0216416437062623,-2.7364822672430007,0.006217087357193666,-0.22933741622854925,0.03051736349450149,-7.514981307932136,6.00335276810917e-14,0.49925576789400083,0.030532799569349324,16.351457283176355,1.3435553394377476e-59,0.3251099547244249,0.02419264329193827,13.43838086649926,6.115393133560513e-41,-0.05117014777266661,0.008164234702060435,-6.2675988185093,3.7638144145425734e-10
-1.782,0.050752697074244346,0.05050703265837342,15461,-0.061142788173637684,0.020774874473758538,-2.9431122797333504,0.003254135068383886,-0.23431631473324263,0.02929511290701431,-7.998477953540805,1.3483982410210666e-15,0.4690059929750195,0.02930993075179929,16.001606996162145,3.5836686170834594e-57,0.2956270814613207,0.023223704003268487,12.72954053409027,6.210349216590122e-37,-0.045305605368622645,0.00783724902838733,-5.780804617094728,7.577812691127467e-09
-1.728,0.04645306668055338,0.04620628952389727,15461,-0.07593920371760689,0.02002987243607347,-3.791297421387549,0.00015043207349380296,-0.20431941861944744,0.028244568951261043,-7.233936512609627,4.912141795218173e-13,0.4539041789622199,0.028258855417405308,16.062369556646992,1.369543902055936e-57,0.2742617224773972,0.022390885165932822,12.248811087409784,2.4596097063405974e-34,-0.03516944823248868,0.007556199604797837,-4.654383165071196,3.2765129690026176e-06
-1.674,0.04126069606783633,0.04101257512996581,15461,-0.08468768247947449,0.019649513297987746,-4.309912474429946,1.643292979079799e-05,-0.19111034250454179,0.027708216064531905,-6.897244559499949,5.507735720781662e-12,0.42104605962331104,0.027722231236489633,15.18802927626927,1.0027551199161003e-51,0.24841957796837014,0.021965691355544277,11.309435881045806,1.5395076091404307e-29,-0.031239801159684052,0.007412710444891435,-4.214356056658515,2.5191405402693142e-05
-1.6199999999999999,0.035142527305672355,0.03489282299079299,15461,-0.09895631051742873,0.019299229880869635,-5.127474574284396,2.9720124030070055e-07,-0.16400420091239848,0.027214273621370976,-6.026403761282401,1.7145622350452425e-09,0.3881958988490499,0.027228038950889846,14.257211088511507,7.893151881285501e-46,0.231757922873364,0.021574118428993993,10.742405240619185,8.002277389964632e-27,-0.02405945969033808,0.007280567245954819,-3.3046133463990515,0.0009532385286904883
-1.566,0.02798759045729582,0.02773603445068551,15461,-0.10098604255555454,0.018998284162093742,-5.315534902728036,1.0782197669865574e-07,-0.14120417637098823,0.02678990336481138,-5.2707982723245035,1.3765779792057542e-07,0.3561696030136936,0.026803454042397926,13.288197948305527,4.4961687565179195e-40,0.1939761852335698,0.021237698861081303,9.133578289361507,7.433660091707448e-20,-0.0158934009749554,0.007167036521855719,-2.21756941331174,0.026598692783299033
-1.512,0.020010684218648045,0.019757063795309282,15461,-0.0877634439362624,0.018710842828088735,-4.69051259436116,2.748536192044817e-06,-0.12687193868258945,0.02638457594180067,-4.808564631186216,1.534496967156973e-06,0.30680996069331445,0.026397921599564955,11.622504428468746,4.265692413638048e-31,0.13547367990069706,0.020916375501574658,6.476919478257508,9.644152345668192e-11,-0.004781797444149898,0.007058600279870497,-0.6774427300815551,0.49813523466535536
-1.458,0.015231782070254996,0.014976924870997887,15461,-0.06725767554450757,0.018320933878834156,-3.6710833623066095,0.00024233788796981174,-0.11854123425418407,0.025834756653780603,-4.588440132910522,4.500816981018326e-06,0.2652842967160673,0.025847824205879433,10.263312478569272,1.2369465977149957e-24,0.08458787485442977,0.020480506200070497,4.13016524240688,3.644084801569992e-05,0.0031959578864831544,0.006911508486966291,0.46241104854462456,0.6437930869410963
-1.404,0.010413715630889553,0.010157611520028031,15461,-0.04046919295057393,0.0180898920585304,-2.2371163310225746,0.025292936328716337,-0.09259277825404236,0.025508959440392377,-3.629814005953749,0.00028454096265624417,0.21907969083608209,0.025521862200071573,8.584001007397795,1.0024896156124248e-17,0.02349650095862082,0.020222230423054932,1.1619144113714066,0.24528817448172788,0.01173052058424444,0.006824348765063775,1.7189216126082347,0.08564867006901179
-1.35,0.008760068088548456,0.008503536015072477,15461,-0.012650486235129953,0.018012969020611707,-0.7022987837626532,0.4825034276191663,-0.07980501429856848,0.02540048855245392,-3.1418692649854005,0.0016818989593541213,0.1695475931411124,0.025413336446163278,6.671599122779074,2.6162698852686355e-11,-0.03578429836212253,0.02013624011462191,-1.7771092397799628,0.07556992984527795,0.024370609861149122,0.006795329816961328,3.5863763080813853,0.00033633950855035125
-1.296,0.007371259643039418,0.0071143681470878795,15461,0.0002764985295392844,0.017860552485279974,0.015480961732128084,0.9876486728266582,-0.030809248737481428,0.025185562603463038,-1.2232900738633938,0.22123880489266312,0.10163703939297085,0.025198301784863875,4.033487663602085,5.521912689045186e-05,-0.08607913028478048,0.019965857544743136,-4.311316460706918,1.6329043084952024e-05,0.029341906844173097,0.006737831209932552,4.354799924479975,1.3404556647802158e-05
-1.242,0.009479081609757856,0.009222735616385758,15461,0.023508285114321178,0.017660130791828533,1.3311501138597812,0.1831592564093982,0.0075052548234415895,0.024902943512498547,0.3013802291955878,0.7631286231065028,0.023857280844368327,0.02491553974152926,0.9575261500196592,0.33831673092913594,-0.14154738243488155,0.019741811229063613,-7.169928877979418,7.843547054742215e-13,0.028485616400790642,0.006662222824223453,4.2756925357132465,1.916872094450149e-05
-1.188,0.013398862467545736,0.013143530910213364,15461,0.025774560122226044,0.017628139578372788,1.462125938340524,0.14372703347575805,0.05211929122205271,0.02485783199033738,2.09669496689463,0.03603679748914106,-0.04156278340704986,0.02487040540138014,-1.6711743430102433,0.0947074911792124,-0.17674476482750956,0.019706049064871476,-8.969061441269801,3.327886924264181e-19,0.024942056093534632,0.006650154250384913,3.7505981296736057,0.00017705717633208389
-1.134,0.019866121898683642,0.0196124640627362,15461,0.024926872799965655,0.0176254026531098,1.4142583457840945,0.15730620533295053,0.09873607746614459,0.02485397259110498,3.9726477167469545,7.140053241511483e-05,-0.10885504084017196,0.024866544050013983,-4.3775701448995985,1.207975614020312e-05,-0.20079300810836245,0.019702989525702326,-10.190991973397248,2.5965971463681582e-24,0.03306004044582429,0.006649121754863209,4.972091302380495,6.694446187627186e-07
-1.08,0.02848891409921883,0.028237487834751884,15461,0.034732652919428286,0.01759851197009874,1.973613051969496,0.0484435413583318,0.12702979764941932,0.02481605344045255,5.118855742079784,3.1108336187843047e-07,-0.20551094692549557,0.02482860571936759,-8.277184359377316,1.3633909582030922e-16,-0.23398260295567758,0.01967292911482074,-11.893633204798423,1.769986900168762e-32,0.03413060404576545,0.006638977338367826,5.140942995620522,2.766983389472634e-07
-1.026,0.035121748534614694,0.034872038842206576,15461,0.04278391850636562,0.017880090609612202,2.3928244795004177,0.01673109969868793,0.1447287670776211,0.025213113747467628,5.7402179091092025,9.63288413086769e-09,-0.279399985358642,0.02522586686459136,-11.075931973256614,2.0996530935968853e-28,-0.25400548965941494,0.019987698717205758,-12.708090773889973,8.148677295901886e-37,0.03688666147040453,0.006745201899278121,5.468577815936419,4.607017418451243e-08
-0.972,0.03973807117074235,0.03948955617880934,15461,0.041413266808170715,0.018410138918891,2.24948149444303,0.024495893582918343,0.17239098638409545,0.025960546666309484,6.640499085014157,3.230477676990106e-11,-0.3310715142237669,0.025973677844614056,-12.746424137712882,5.013290669629257e-37,-0.26091286593464036,0.020580226246441735,-12.677842449849232,1.1943240963828376e-36,0.03553938845100899,0.006945160777592443,5.117144093434336,3.139138250081715e-07
-0.918,0.04353912279263206,0.04329159150971096,15461,0.028741833873996876,0.018936348610902147,1.5178128827565762,0.12908202914428718,0.20797518259750808,0.02670256666550146,7.788583966581866,7.204903336251754e-15,-0.38274610860087926,0.026716073167062517,-14.326435857824945,2.958899075356763e-46,-0.2508538888192553,0.021168462683025458,-11.850359309295035,2.955415427129879e-32,0.02932775833032853,0.007143671550913917,4.105418078267683,4.056582220020735e-05
-0.864,0.04860267454302847,0.04835645370310693,15461,0.029078412590681217,0.019488732551092215,1.4920627862508977,0.13570309621996432,0.21486972855357173,0.02748149555464251,7.818705795190004,5.679691345111411e-15,-0.4508558892212564,0.02749539604845117,-16.397504819598822,6.385395449617365e-60,-0.2611749561487685,0.021785958646206242,-11.988224176412311,5.7352782779098876e-33,0.03404257159105063,0.007352056468185967,4.630346861230003,3.680262372567677e-06
-0.8099999999999999,0.055149540114234674,0.05490501359770117,15461,0.04890440014616589,0.020208642152866007,2.4199745720783237,0.015533049255025728,0.24018283893363288,0.02849665610800452,8.428456939765894,3.8081438324057476e-17,-0.526173137219864,0.028511070083074002,-18.45504695848768,3.0511853607686897e-75,-0.27267124378810154,0.02259072728737535,-12.070051588842901,2.1485741557037835e-33,0.021052514914848552,0.0076236398577344865,2.761478153180326,0.005760827528419786
-0.756,0.05421926553364087,0.053974498262816306,15461,0.06378447902184524,0.021081741387227466,3.025579237040141,0.002485653465203711,0.21819842384471588,0.029727832772005764,7.339869862635595,2.244406515330308e-13,-0.5950299095054511,0.02974286949206237,-20.005800370547625,6.341093897135161e-88,-0.266432768931892,0.023566742724190765,-11.305455830279183,1.6103336545942033e-29,0.013804109616774706,0.007953013502558589,1.7357080573714283,0.08263539771085325
-0.702,0.05013633637442372,0.04989051244491405,15461,0.07507824233088538,0.022096534300140663,3.39773836526063,0.0006811671736176739,0.2412489727201971,0.0311588148459808,7.742559333938082,1.0344987216712676e-14,-0.5988401633470711,0.031174575375169992,-19.209248438522017,2.7389897548834166e-81,-0.2269048472096492,0.02470115392190362,-9.186001914203795,4.5853119805131205e-20,0.005914675888608565,0.008335840594043027,0.709547624127472,0.47799541231211395
-0.648,0.046671155336343806,0.04642443462085122,15461,0.09900796586069925,0.0232766233103719,4.253536457609037,2.1165828422561844e-05,0.2581126740491887,0.03282288462597964,7.8638022523130084,3.971446090801889e-15,-0.6149782930704009,0.03283948686306017,-18.72679361997478,2.148933859512651e-77,-0.16339483480953815,0.026020345424395627,-6.279502909917012,3.4873252083405996e-10,0.0030250589107106564,0.008781025062451136,0.34449951904205606,0.7304753447539842
-0.594,0.0415050298650651,0.041256972160578886,15461,0.0993685424271392,0.024343815429393272,4.081880373902251,4.489739037124958e-05,0.2809128037608284,0.03432775598680047,8.18325566835314,2.9763686689500824e-16,-0.5803059314886375,0.03434511940716494,-16.896314280030612,1.7774798579080745e-63,-0.03654401631996421,0.027213332362443263,-1.3428717892116033,0.17933321222451257,-0.0003943335103034284,0.009183619571913394,-0.042938789789315014,0.965750882133362
-0.54,0.03860608722955228,0.038357279281112766,15461,0.09076676426901675,0.02555477688736674,3.551851173229699,0.0003836694136902161,0.30765183388561407,0.03603535969252612,8.53749862664538,1.4977596903462838e-17,-0.54931338230138,0.03605358684080132,-15.236025883553145,4.869050364803656e-52,0.038584801241355854,0.02856703538937926,1.3506757251997186,0.17681910560909417,-0.003507592697825145,0.009640450563691708,-0.3638411581130446,0.7159816029159265
-0.486,0.03613301539743263,0.035883567420051055,15461,0.07149714196097694,0.027394461861388303,2.6099122633889036,0.00906527661285666,0.30713894701741906,0.038629540422492725,7.950882761177817,1.9791905169879157e-15,-0.5791974419364484,0.03864907974073712,-14.986060362155518,2.046503700133395e-50,0.02753217319371975,0.030623572450525115,0.8990516452056737,0.36863915841385564,-0.015451245489771684,0.010334465311814554,-1.4951180369348698,0.1349040553918835
-0.432,0.03712051213797052,0.036871319723927654,15461,-0.007064034395193547,0.02923854836607039,-0.24160003796190313,0.809093297749482,0.34342140306397373,0.04122992784881393,8.329420423030234,8.799208754875876e-17,-0.605922251078413,0.04125078247645434,-14.688745635898403,1.6160147566076636e-48,0.056349574876039796,0.03268502987089386,1.7240178484958124,0.08472461724535539,-0.03231585786131563,0.011030140522046865,-2.929777530641901,0.0033970066918359377
-0.378,0.03714799568635185,0.03689881038502851,15461,-0.06965207748550756,0.0308863073115851,-2.2551118456100405,0.02414024010872325,0.3520554375344642,0.04355346941405272,8.083292611836612,6.767678460368194e-16,-0.6397371877370251,0.04357549931889294,-14.681121220328865,1.805601562101075e-48,0.05136758584321519,0.03452701770421184,1.4877504417924003,0.13683711998599676,-0.055395621168713355,0.011651751844467307,-4.754274027473156,2.0095617887296864e-06
-0.324,0.03899979182530178,0.03875108576728559,15461,-0.043164407344870835,0.03240370988265856,-1.3320822677767232,0.18285279767755444,0.3704127126390223,0.04569319255419203,8.10651854102148,5.596629786678216e-16,-0.7050668071274375,0.045716304758509095,-15.422655239785204,2.8735108692089043e-53,0.017261118937758026,0.03622328346066303,0.4765199973244523,0.6337107004994551,-0.0633398264792977,0.01222418667871092,-5.18151662307378,2.2285759913630414e-07
-0.27,0.041344746262744425,0.041096647076994675,15461,-0.00792406241729734,0.03404305827321667,-0.23276588001294773,0.8159462911487223,0.4502594999475376,0.04800487420868261,9.379453802757793,7.533590836643122e-21,-0.6759216533678896,0.048029155691304115,-14.07315293469271,1.0484665226100589e-44,0.14260342548021998,0.038055869348421145,3.7472123990812545,0.0001794611351675795,-0.07770559206855272,0.012842625148571167,-6.050600338295945,1.4763716626903629e-09
-0.216,0.044565279802440516,0.04431801408810376,15461,-0.09564582792040989,0.03551999618485032,-2.692731931125711,0.007094562318366254,0.5013097299496232,0.050087537231874875,10.008671970212143,1.6463160442770568e-23,-0.5613277877876246,0.050112872152232396,-11.20126952776581,5.198662787514253e-29,0.35546779618538243,0.039706900690839646,8.952292674592671,3.871485339066801e-19,-0.11633942330457142,0.01339979483099501,-8.682179449155981,4.265351162094188e-18
-0.162,0.041778393174903505,0.04153040621661552,15461,-0.2558728515149746,0.0367539700679588,-6.961774497880385,3.495396574185166e-12,0.4806561157498915,0.05182759127049886,9.274135725143937,2.0229406234447524e-20,-0.51193756893154,0.05185380633256274,-9.872709549000987,6.390680434853868e-23,0.41407931820074856,0.041086328722776656,10.078274965735723,8.164927772224356e-24,-0.11974545123688052,0.013865307179994424,-8.636335977442707,6.364364517733382e-18
-0.108,0.0385998885649006,0.038351079012251876,15461,-0.395502052189309,0.03783724669801208,-10.452717539040393,1.731627700436207e-25,0.4793645901705801,0.05335514375833823,8.984411931148925,2.896762682691157e-19,-0.507656817667225,0.053382131476091735,-9.509864136740013,2.1843610155777146e-21,0.4340598723521147,0.042297296126781576,10.262118671866569,1.2522327077312803e-24,-0.0895266455865084,0.014273969515214962,-6.272021632880737,3.658676431086261e-10
-0.054,0.034391242276832656,0.03414134353000997,15461,-0.5640480447495387,0.038632637408897844,-14.600298674395644,5.832243100328914e-48,0.4801726677195523,0.05447674190373358,8.814269189741017,1.3311108852552086e-18,-0.4768259885197871,0.05450429694025054,-8.748410956341662,2.3839194789038724e-18,0.4511751703898433,0.04318644318082962,10.44714815945109,1.8356030078995311e-25,-0.03714080177012712,0.014574027890246385,-2.5484239532012607,0.010830673209900556
0.0,0.030434259668283725,0.030183336857638965,15461,-0.7287432989867001,0.039324837105192544,-18.53137489259873,7.637803896643581e-76,0.4467946628267997,0.055452828102606565,8.057202456835526,8.372525070637496e-16,-0.49525603690673603,0.055480876856073426,-8.926607958838,4.878584228512186e-19,0.4018886505247791,0.043960235623147666,9.142095005358911,6.873725480522511e-20,0.010763171890443199,0.014835157814477121,0.7255178559637423,0.46814537924412014
0.054,0.03085768502971331,0.030606871801201363,15461,-0.7208386186397268,0.0396855081201527,-18.163774455332668,5.729583428621094e-73,0.4048433961100375,0.05596141832869392,7.234330511999483,4.897951505420495e-13,-0.5573824032955541,0.05598972433363659,-9.955083900291665,2.8158237781377245e-23,0.35286638716455637,0.04436342058123602,7.9539941361916755,1.930284847296692e-15,0.05739818282620821,0.014971219698515672,3.8339015779655536,0.00012662674854404466
0.108,0.03302390298729385,0.03277365037419544,15461,-0.5469471490335721,0.04036287430344756,-13.550748267371413,1.3552378055846336e-41,0.34585068676157776,0.056916587460718336,6.076448047772906,1.2575733233421198e-09,-0.6207631618010383,0.05694537660248954,-10.901028298299106,1.4358457396441645e-27,0.3380031424357571,0.04512063101649201,7.491099632720424,7.198842342594621e-14,0.09066444081081648,0.01522675373163802,5.954285621789146,2.6686909400564235e-09
0.162,0.03262007452054283,0.03236971739697159,15461,-0.18869275231867058,0.04156918171181598,-4.5392462528324184,5.68815710765826e-06,0.33846162232428517,0.058617628387505095,5.77405861743174,7.887024865972773e-09,-0.7098342167397678,0.05864727793764906,-12.103446940784346,1.4365467791434212e-33,0.25671144782924976,0.04646913139969697,5.524343582435109,3.360600380436837e-08,0.10161319824214966,0.015681828999414664,6.47967773694908,9.46996230553862e-11
0.216,0.03136466634194268,0.031113984319774524,15461,0.09271282988381123,0.04275163223008464,2.1686383664801583,0.030125350484850308,0.30233409609520234,0.060285028182550444,5.015077627229396,5.359956204787405e-07,-0.7822179903781225,0.06031552112495018,-12.968767836021389,2.913110965087128e-38,0.20170111138231026,0.0477909627719861,4.220486461941348,2.451674646976841e-05,0.08903674181980593,0.016127904338503852,5.52066405845669,3.431600984355813e-08
0.27,0.03041558521117782,0.030164657567599007,15461,0.23275459783339117,0.043832683342760255,5.310069566430839,1.1109982531848158e-07,0.2597624049714531,0.06180944241879956,4.202633041265641,2.6531019495166566e-05,-0.8413715746008039,0.0618407064295209,-13.605465124492147,6.478109755231896e-42,0.16805596175776596,0.04899944232669508,3.4297525395755057,0.0006057096025810806,0.07122084775268875,0.016535727105046,4.307088965622515,1.6643763376645174e-05
0.324,0.02919139121334935,0.028940146749377726,15461,0.26478528469156215,0.04479775741864437,5.910681693663559,3.4786528318807003e-09,0.23743139374121,0.06317031485402744,3.7585912669560253,0.00017150143535711284,-0.8701535393789611,0.06320226721152462,-13.767758306307924,7.1333217758955e-43,0.1477570344744121,0.05007827410052219,2.950521700844147,0.0031771361904370486,0.057494844860841735,0.01689979793845095,3.4021025026593756,0.0006703899646522737
0.378,0.027202714313474874,0.026950955181568537,15461,0.22080432662078595,0.04569519360661986,4.832112727689549,1.363883475974635e-06,0.20874038523030125,0.06443580959801692,3.2395090017884316,0.0011998872395886217,-0.8922221320520773,0.06446840205902736,-13.839681201267522,2.6617139369469987e-43,0.1118545724870264,0.05108149519905111,2.1897278466724326,0.028558875518734577,0.04151338468789721,0.017238352614251027,2.4081990673272284,0.016043069424604546
0.432,0.025571353932344998,0.025319172605723028,15461,0.14668363928174585,0.04641651054157597,3.1601608472993483,0.00157986171221031,0.13980638364771664,0.06545295466322404,2.135982773689351,0.03269648369418942,-0.932473857397777,0.06548606160928691,-14.239272212783952,1.0170687931479632e-45,0.0589758999559706,0.05188783706220534,1.136603552876328,0.2557216758828764,0.03115663537288265,0.017510466915340295,1.7793149390886565,0.07520778904063696
0.486,0.024255414673112763,0.02400289278250034,15461,0.026913619984167744,0.0474187172996387,0.5675737665804134,0.5703326681495078,0.13774948763007494,0.06686618872009913,2.0600768529920592,0.03940789695538001,-0.9380349014465207,0.06690001049811933,-14.021446251834151,2.155687539604413e-44,0.039211223551401074,0.053008178517395525,0.7397202591772372,0.4594809874894089,0.036902451311063476,0.01788854592374979,2.0629094990929255,0.03913789270923986
0.54,0.0224732274320103,0.022220244312815773,15461,-0.09190972161904397,0.048548477547115144,-1.8931535294767539,0.058356117371833355,0.13206020821001252,0.06845928879150914,1.9290327220926615,0.053745086982130846,-0.9425887454765189,0.06849391638002954,-13.761641840520383,7.755351941466497e-43,0.010071837526030839,0.054271108775539485,0.18558378027040262,0.8527736093312546,0.03301013553691368,0.01831474404172299,1.8023803915420813,0.07150505213696114
0.594,0.019885609083632683,0.01963195629095249,15461,-0.2374402641311677,0.05000591120608461,-4.748243925655664,2.0703121897309496e-06,0.1360436479272809,0.07051444843388983,1.9293017381370765,0.05371169806498397,-0.9148298878651979,0.07055011554858259,-12.967092693635959,2.9767651209367723e-38,0.0020532282502945427,0.055900336809771925,0.036730158841111284,0.9707006359294278,0.028707074619594024,0.018864555812770047,1.521746650412052,0.12809303090389604
0.648,0.01805936006666531,0.017805234642252032,15461,-0.3790184409156075,0.05139240436365449,-7.3749894679700025,1.7269522779832965e-13,0.14104244577138822,0.07246957329623824,1.9462298362768127,0.05164523464549452,-0.8895983591809699,0.07250622933822537,-12.26926799670125,1.915549317760662e-34,0.0066068368432977195,0.05745026226104877,0.11500098664957965,0.9084458338784414,0.03009162730334969,0.01938760552677702,1.5521064353093477,0.12065723306846772
0.702,0.01689482894650296,0.016640402142400146,15461,-0.4780799768864731,0.05276457614829263,-9.0606238462496,1.4497140647648989e-19,0.14310643627763206,0.07440450327184743,1.9233571892116845,0.0544535550282198,-0.8701409789557595,0.07444213802629555,-11.68882305137979,1.971496195137815e-31,0.017906485850610002,0.05898417821362528,0.30358117028870674,0.7614510851503291,0.045302575277121435,0.01990525255273232,2.2759105998332543,0.022864980901289286
0.756,0.016301009475445993,0.016046428991355888,15461,-0.5613005908266423,0.05412063473699872,-10.371286174936857,4.049721579280309e-25,0.14695729332514118,0.07631671167122189,1.9256240226681176,0.05416966065943694,-0.8599102116949182,0.07635531364526561,-11.26195638053327,2.630124920149135e-29,0.04642783629558394,0.06050008163412392,0.7674012173464111,0.44285472742946064,0.042682431964557496,0.020416820931650682,2.090552300352994,0.03658451024381372
0.8099999999999999,0.016010507572753574,0.015755851907011564,15461,-0.6547214040719191,0.055693547736630905,-11.755785556489052,9.004805695141681e-32,0.16583485272308346,0.07853471130223479,2.111612177256001,0.034735733325985146,-0.8261834730473553,0.0785744351690109,-10.51466003249356,9.034788187637247e-26,0.11331259861290871,0.06225840108738905,1.820037081483307,0.06877269072335374,0.049690821214934074,0.02101019688170401,2.365081179139524,0.018038398217209314
0.864,0.016452797665691854,0.016198256464259653,15461,-0.7222420228838291,0.057223394973406685,-12.6214465817604,2.4303048961138643e-36,0.2063915136354553,0.08069198294247697,2.557769757406829,0.010544035303098487,-0.7967441684390053,0.08073279798498692,-9.86890320074337,6.636288020483277e-23,0.19639570050353597,0.06396857841924136,3.07019016768491,0.002142935624991949,0.042874539866715515,0.021587326422734296,1.9860977235959605,0.04704010878996085
0.918,0.016838273964500217,0.016583832524014963,15461,-0.7595225053585265,0.058660885477906266,-12.94768224466351,3.8232764856292086e-38,0.22822801822510497,0.0827190202988407,2.759075450852548,0.005803334651011309,-0.7678798946214459,0.08276086064290916,-9.278297599328274,1.9458972765297492e-20,0.2679436685735098,0.06557551250811759,4.086032397235798,4.4102728114465434e-05,0.046117486172166614,0.022129614708227226,2.0839714916058303,0.037179144413811975
0.972,0.017676140057652834,0.017421915456218517,15461,-0.7911960980660331,0.05999582084759037,-13.18752017871275,1.6919685070066017e-39,0.2322278897888925,0.08460144237690717,2.7449637176904855,0.006058748581936588,-0.7453390255053269,0.08464423487426691,-8.805549800437985,1.4382223016791907e-18,0.3486347490272791,0.06706780281909865,5.198243186341564,2.0374350042472168e-07,0.0352888640283966,0.022633214426349798,1.559162713861491,0.11897834756053739
1.026,0.018196211983936283,0.017942121976685876,15461,-0.8072439848178866,0.061265675675851006,-13.176121472795193,1.9646681510002814e-39,0.2524254432973242,0.08639209293493591,2.921858178472794,0.0034845365400716657,-0.7168568918357153,0.08643579116637208,-8.293519179524894,1.1892519530573808e-16,0.41297379838000714,0.06848734124740044,6.029928901579053,1.6776643716315114e-09,0.035927389845192906,0.0231122627369208,1.554473062812691,0.12009209187006353
1.08,0.018480594792182337,0.01822657838296715,15461,-0.8093809916134596,0.062490603984759356,-12.952043027314266,3.6143540498258426e-38,0.25965349069127724,0.08811939160804197,2.946610115583012,0.0032175760490792816,-0.6949098118403035,0.08816396352935661,-7.8820164613959784,3.4351795471877113e-15,0.4640483361835173,0.0698566574619097,6.642864875642613,3.1791735860287e-11,0.027195735238201582,0.02357436267456241,1.1536148660148833,0.24867593946567432
1.134,0.01913475662851072,0.018880909515836986,15461,-0.7904890026736371,0.06363978380894018,-12.421302452045545,2.9504855527136146e-35,0.2628213410856149,0.08973987565680791,2.928701863714657,0.0034087769906225585,-0.6869421841424167,0.0897852672397906,-7.650945475361697,2.112431803147655e-14,0.5110175758901971,0.071141296371137,7.183135561998614,7.123925842807582e-13,0.01689112776770891,0.024007886760201522,0.7035657880438588,0.48171382163774445
1.188,0.02002588788782922,0.01977227139918747,15461,-0.7939471628147641,0.06457874989744967,-12.294247938765356,1.4108380962258068e-34,0.27903272665702233,0.09106393263792173,3.0641409674945757,0.0021867192983186776,-0.6621415807616802,0.0911099939459502,-7.2674967046368915,3.8372193616438494e-13,0.5725171241216294,0.07219094268963562,7.930594930488767,2.329381996957194e-15,0.005539721252539092,0.02436210844631351,0.2273908789441156,0.8201228196845463
1.242,0.020857838123196748,0.020604436942586846,15461,-0.7678245323917892,0.0653674589503012,-11.746280866991713,1.006686830658179e-31,0.2830056780259245,0.09217610882860122,3.0702714794802772,0.002142352610531208,-0.6728467614522521,0.0922227326896473,-7.295888354518302,3.1110635465502856e-13,0.600475797352413,0.0730726204880386,8.21752105428744,2.240921727301061e-16,-0.004919478265068355,0.024659646189126284,-0.19949508712893083,0.8418781103532913
1.296,0.021563258314296285,0.02131003969584766,15461,-0.7347886784152411,0.06587610340268343,-11.154100507792174,8.806896686773187e-29,0.2621561815669195,0.09289335969242164,2.8221197127000512,0.004776825899924165,-0.6958837014028616,0.09294034634817705,-7.48742315631053,7.402573925801808e-14,0.61016886919912,0.07364122118981183,8.2856973219713,1.2697136159489883e-16,-0.010952203524133284,0.024851530536984204,-0.4407053926853377,0.6594324556865501
1.35,0.023073595882782683,0.022820768138446024,15461,-0.7401062725694157,0.06635330636040497,-11.154022507174709,8.814561186956653e-29,0.2737466735417066,0.09356627420478954,2.9256981307447836,0.0034418416996217856,-0.6860341820893034,0.09361360122935763,-7.32836012160763,2.445066889001241e-13,0.6641653099446031,0.07417467424405808,8.95407113968967,3.809906056531171e-19,-0.026842313518398827,0.02503155369050413,-1.0723390905048622,0.2835844978398256
1.404,0.0240708909791858,0.023818321333994197,15461,-0.7421818478243867,0.06666834401989137,-11.132447621662044,1.1209859520444566e-28,0.2793339654074359,0.09401051582060643,2.9713055286332963,0.0029699294417792474,-0.6720521816761595,0.09405806754829588,-7.145077495145026,9.396281897644668e-13,0.7039187987096663,0.07452684683422396,9.445170815765886,4.045297693210687e-21,-0.03560741740267908,0.02515040055014865,-1.4157793364634357,0.15686027147284312
1.458,0.025002333055781367,0.024750004467027797,15461,-0.7563188157823361,0.06682561664838658,-11.317797780480285,1.4006191828481372e-29,0.2865663263035645,0.0942322894546551,3.0410629728089242,0.0023613939123293026,-0.649332553639857,0.09427995335830021,-6.887281235409002,5.906177909961179e-12,0.7434977852218401,0.07470265790719109,9.952762137935508,2.881887822168621e-23,-0.04752236643083925,0.025209731101407718,-1.8850802588761284,0.059437745404573236
1.512,0.02721509762469565,0.026963341697579968,15461,-0.7934122005205879,0.06694171380205338,-11.8522839565582,2.8889014845289283e-32,0.30683821556472535,0.09439600063515574,3.250542538880086,0.0011543153266798448,-0.612214134781168,0.09444374734602096,-6.482315155688933,9.30628250330123e-11,0.8225511330019671,0.07483243996367404,10.991905828558558,5.307384883158074e-28,-0.05425787102430996,0.025253528348217702,-2.1485263475327114,0.031687453828137875
1.566,0.02819549311369296,0.027943990912117855,15461,-0.8299338826156094,0.0671559319001989,-12.358310861488489,6.421926587846091e-35,0.3315306189393284,0.09469807434346268,3.500922497503932,0.0004649578114229046,-0.5707043082481215,0.0947459738470936,-6.02352042071103,1.7453292584638222e-09,0.8780036904918823,0.07507190892940759,11.695502392479403,1.8236195758355883e-31,-0.05164676586428026,0.025334341379539486,-2.0386070074034452,0.041506247449579946
1.6199999999999999,0.030288277025547927,0.030037316434716077,15461,-0.8576677318466451,0.06748952787676477,-12.70816019653802,8.141522237389363e-37,0.3358856685234259,0.09516848545526826,3.5293791523171936,0.00041774626908786623,-0.5527714901278517,0.09521662289888809,-5.805409531430743,6.546812992241457e-09,0.9420449297154639,0.07544482739041838,12.486540990285375,1.3131717654654962e-35,-0.04893712056256539,0.025460189299656506,-1.922103562805231,0.0546110894212774
1.674,0.031152338890897635,0.03090160191856095,15461,-0.8667711453002903,0.06769674067254541,-12.803735256516,2.4186334110738334e-37,0.35472221740908977,0.09546068083078497,3.715898674951582,0.00020319640302866887,-0.5249788053905848,0.09550896607058279,-5.496644210373049,3.9321550054938605e-08,0.9833086272184984,0.07567646530673784,12.993585564982112,2.114172809468992e-38,-0.04711813092243621,0.025538359605063295,-1.844994418243467,0.06505746935896892
1.728,0.03202510045398421,0.031774589351617255,15461,-0.8772509589034551,0.0679058569752834,-12.91863468010955,5.556443711272203e-38,0.3753684212749852,0.09575556038383086,3.920069182095971,8.890532981763752e-05,-0.509474474324543,0.09580399477749817,-5.317883408805465,1.0644238754567944e-07,1.0174457639063317,0.07591023110509099,13.403275804782734,9.767671806137017e-41,-0.043864063338236566,0.025617248001839087,-1.712286321118003,0.08686397503948365
1.782,0.03316633060658691,0.032916114853638434,15461,-0.8843733779349938,0.06803565426750185,-12.998675289544863,1.9795093911610322e-38,0.3919964574062555,0.09593859043464381,4.085910118444934,4.4125939343883813e-05,-0.48677900537420765,0.09598711740726422,-5.07129517504782,3.9968965975945597e-07,1.0593557162189837,0.07605532819815478,13.928750835956361,7.797913150369062e-44,-0.038191659591979746,0.02566621357819486,-1.4880130049422668,0.13676786495850674
1.836,0.032772096516525795,0.032521778736121276,15461,-0.8748950530448122,0.06846334776442724,-12.77902821894137,3.3128791340364195e-37,0.38997014495958215,0.09654169055435095,4.039396272432552,5.384789101060302e-05,-0.47020481937646924,0.09659052258276658,-4.868022315269696,1.1383390885206496e-06,1.0682531606985228,0.076533435884883,13.95799297845879,5.202488434101827e-44,-0.041291069344172524,0.025827559460089838,-1.5987212964499318,0.1099029840474839
1.89,0.031858051694475975,0.031607497360028436,15461,-0.8547090723950629,0.06906644337333276,-12.375171366143846,5.216981084354401e-35,0.37664759487720495,0.09739212909629877,3.867330947296426,0.00011048390670339813,-0.4795036245098244,0.09744139128746383,-4.9209439456301585,8.701477737469676e-07,1.0542588184259258,0.07720762113325041,13.65485431297528,3.3191187795260484e-42,-0.03888357728171953,0.026055075177736645,-1.4923609706159855,0.13562495134586192
1.944,0.03229767795701466,0.03204723739747983,15461,-0.8513665753478354,0.06959693381271953,-12.232817291043355,2.9897124376781975e-34,0.36891233969422155,0.0981401854726469,3.759034466029645,0.00017119823317929535,-0.48600130566793037,0.09818982604034564,-4.949609600777124,7.514571743526303e-07,1.0700232648291836,0.07780064290849358,13.753398748744377,8.67982629194376e-43,-0.030483486675507706,0.026255200848094087,-1.1610456477509887,0.24564126746274398
1.998,0.032870608315728966,0.03262031603009652,15461,-0.8758464722047381,0.07012214593362814,-12.49029761630145,1.253206774215626e-35,0.3619086432108638,0.09888079877462304,3.6600497538026033,0.000253005919603985,-0.47586222273423956,0.09893081395405272,-4.810050617346061,1.5231498852503417e-06,1.097119300505978,0.07838776418570356,13.996052979733689,3.068379517173932e-44,-0.027054018932144996,0.026453335291192055,-1.0227072932142869,0.30646226856340963
2.052,0.032897330032300554,0.03264704466222612,15461,-0.878080068139864,0.07074644983369607,-12.41164850256048,3.3248148850133944e-35,0.3584216633613733,0.0997611435999976,3.592798262202178,0.0003281619840140637,-0.4873285647486594,0.09981160406915944,-4.882484048758394,1.0580430664541355e-06,1.1030997490338088,0.07908565764357152,13.94816433095027,5.961127074750591e-44,-0.021887134782897718,0.026688851762803285,-0.8200852916947966,0.41218013295928846
2.106,0.03293612230032206,0.032685846969654486,15461,-0.8911333288083382,0.07134000281468132,-12.491355391773949,1.2368186163173516e-35,0.3763214284894314,0.10059812586991318,3.740839356948511,0.0001840696466846234,-0.48197578546269076,0.10064900969546905,-4.788678864511351,1.694390380250061e-06,1.1202146588003237,0.07974917543079428,14.046724028794973,1.515980277401361e-44,-0.0236274482706619,0.02691276755730779,-0.8779271110022349,0.3799969221237851
2.16,0.03243153526911069,0.032181129351737336,15461,-0.8959356794365532,0.07219828909579072,-12.409375494311924,3.419601080794903e-35,0.35482664549021764,0.10180841445882385,3.4852388908750402,0.0004930610357347021,-0.489680813432574,0.1018599104639099,-4.807394893657142,1.5434862824530114e-06,1.1182755594198392,0.080708631843767,13.855712008407709,2.1352190129427896e-43,-0.02559216815354275,0.02723655306711674,-0.9396258069249119,0.3474242178191954
2.214,0.03139900400774831,0.03114833087213964,15461,-0.8866773224206981,0.07315443103663954,-12.120623588427664,1.167387082012492e-33,0.3371271730234669,0.10315669149162511,3.2681076539842007,0.0010850553560916502,-0.5069761846377165,0.10320886947257049,-4.912137757428436,9.101008338554727e-07,1.1017661881876561,0.08177747861092469,13.472733653596293,3.862942029621075e-41,-0.022357856253371923,0.02759725428369367,-0.8101478510701864,0.4178676781590319
2.268,0.03144578883398741,0.031195127806252998,15461,-0.8997790475076185,0.0743063711487074,-12.109043055095695,1.342695029934025e-33,0.35636159306829124,0.10478106788377962,3.4010112729864335,0.0006730697831734325,-0.495676609103011,0.10483406749519039,-4.7282016327922385,2.2851637365133175e-06,1.1326586465301276,0.08306520317580461,13.63577771708925,4.298532753506414e-42,-0.024423937536819137,0.02803181967832303,-0.8712933308323947,0.38360754407967956
2.322,0.031999506225180996,0.031748988499048836,15461,-0.9183507925976623,0.07520970455670546,-12.210535834577813,3.922265679815193e-34,0.3877063893313336,0.10605487842898449,3.6557148060939606,0.00025731651922536024,-0.4996894524232426,0.10610852235014769,-4.709230148114933,2.5081499920636438e-06,1.1631125252193586,0.08407501662666854,13.834222958100732,2.868981827595321e-43,-0.029140320422116398,0.02837259905983434,-1.0270585490128354,0.30440896832624387
2.376,0.03211395378152726,0.03186346567432796,15461,-0.9279443361552375,0.07614118997917195,-12.18715305617199,5.212532260391097e-34,0.36905474031273466,0.10736838675640481,3.437275640082387,0.0005891443439010776,-0.4906821946662606,0.10742269506696911,-4.567770286905957,4.967491035510327e-06,1.1854996672940639,0.0851163004987827,13.927998049104806,7.879497314122247e-44,-0.028857191615187516,0.028723998690739633,-1.0046369910360295,0.3150874060870976
2.43,0.03216415680225648,0.03191368168755737,15461,-0.9482887564311995,0.07706155230170304,-12.305601536789215,1.227508978425134e-34,0.3858003111108617,0.10866621015302592,3.550324526525495,0.00038589957291670495,-0.4774434883661312,0.10872117491935164,-4.391448940101083,1.1334595153780322e-05,1.2137784338092992,0.08614515014026773,14.089921856691152,8.294631758170152e-45,-0.023277481387286518,0.029071202170940308,-0.800705841141815,0.42331426780943393
2.484,0.03268621306183728,0.03243587305486573,15461,-0.959145909813409,0.07784577731049988,-12.32110389222151,1.0148335346740086e-34,0.3832313807358684,0.10977206329337712,3.4911558482019522,0.0004822774419431187,-0.476543196277048,0.10982758741444028,-4.339011786526702,1.4403313806419442e-05,1.2401947506728261,0.08702181533982228,14.251538488709247,8.55225222456243e-46,-0.024848792602876958,0.029367048323753094,-0.8461453915604582,0.3974847409622916
2.538,0.03295003666626761,0.03269976493662641,15461,-0.978876460269252,0.07876098461911028,-12.428443664120229,2.700823480672394e-35,0.3815175294178166,0.11106261749012723,3.435157013580479,0.0005937662101291488,-0.4753884899808106,0.11111879439009707,-4.27820057435016,1.8954311120689157e-05,1.2637973813629089,0.0880449023223041,14.354009693105828,1.9991356631185388e-46,-0.022807120771910903,0.029712307092909073,-0.7675984466838621,0.4427375114473915
2.592,0.03278487762723259,0.03253456315456893,15461,-0.9837359039721222,0.07959877180393823,-12.358681945434876,6.392642037714017e-35,0.3758220434925991,0.1122439998470982,3.3482595417532703,0.0008151501988641296,-0.4796349821159137,0.1123007743054544,-4.270985530440978,1.957737008188325e-05,1.273005948175761,0.08898144331670346,14.306420538098804,3.931344406141478e-46,-0.015037528649137929,0.030028359390052044,-0.5007775634295772,0.6165348086373647
2.646,0.03299041519421031,0.03274015391449869,15461,-1.006117962992313,0.08056631935551466,-12.488071579298794,1.2884031063434077e-35,0.3913402421998657,0.11360836018545495,3.4446429959999385,0.0005733316325695431,-0.46651259283591195,0.11366582475481325,-4.10424675879684,4.077165297033837e-05,1.3048727213037186,0.09006304012612248,14.488437426455967,2.925065821347646e-47,-0.017344343528416708,0.030393363333545854,-0.5706621981277523,0.5682369439869468
2.7,0.03376755622755834,0.03351749607130261,15461,-1.0286357657199114,0.08137212316532791,-12.641132192532073,1.8971998925661768e-36,0.41945003272143205,0.11474464207342494,3.6555086594198145,0.00025752321373731453,-0.469718469579896,0.11480268138877248,-4.091528733455469,4.307128076990098e-05,1.340359821329385,0.09096382771872367,14.735085967072711,8.224606638691806e-49,-0.020488871922769693,0.030697350013874865,-0.6674475781625758,0.5044962486508643
2.754,0.033680883735792255,0.0334308011487674,15461,-1.0299887237040235,0.08213614486638508,-12.540017861558477,6.742244794311341e-36,0.42265251159195033,0.11582200607984292,3.6491555093648707,0.00026397011521654045,-0.4784826555606637,0.11588059033975766,-4.12910094915611,3.6609734937020205e-05,1.34747077400452,0.09181790815419577,14.675468011552004,1.9603221437103028e-48,-0.031155020952680086,0.03098557453921872,-1.0054685580622975,0.3146870226566067
2.808,0.0335181788223049,0.033268054127383206,15461,-1.031037368368433,0.08304216065644078,-12.415830226696606,3.1572024075686084e-35,0.4226833491479796,0.11709959911169229,3.6096054329341856,0.0003076324161617248,-0.4650008474995666,0.11715882959458983,-3.968978258904009,7.250772848289151e-05,1.3674924591868847,0.09283072017176625,14.731033613189581,8.725728381278923e-49,-0.032979354054291296,0.03132736584001752,-1.0527330712294851,0.2924798045180477
2.862,0.03354399037661471,0.03329387236170189,15461,-1.0396959236842547,0.08378793210096154,-12.408659548148979,3.450009044485223e-35,0.43624213099435183,0.11815122802515017,3.6922352673430656,0.0002230565924473735,-0.4501298949156357,0.11821099043547399,-3.8078514802846626,0.00014072114878582343,1.3915060666190806,0.09366439910944248,14.856296307342673,1.3920556072862054e-49,-0.035872991789074715,0.031608705519655625,-1.134908601896632,0.25643121516244877
2.916,0.033530831071403644,0.0332807096508736,15461,-1.0336121315357292,0.08466815133831633,-12.207803231768105,4.054925673405691e-34,0.4306755742546197,0.11939244476385087,3.6072263626602425,0.00031046346537987393,-0.43964043006120584,0.11945283499756068,-3.6804520384148574,0.00023361242674725923,1.4110187156621523,0.09464837381658844,14.908008017089161,6.496490699725748e-50,-0.04451390749302807,0.03194076516080727,-1.3936393592614555,0.16344657464107448
2.9699999999999998,0.033892186868291985,0.03364215896634282,15461,-1.0537141606427745,0.08544029707311711,-12.332753943271513,8.794922984173491e-35,0.4541649691760496,0.12048126465107717,3.769589989707907,0.0001641242592151472,-0.40592330609300703,0.12054220562388598,-3.3674786685052283,0.0007604394647348203,1.455442083851715,0.09551153590284076,15.238390526273868,4.698531476134251e-52,-0.04194210485294231,0.03223205444958178,-1.3012544676154367,0.1931907637399818
3.024,0.034842986928938946,0.03459320509325814,15461,-1.0844310729955975,0.08602537548547272,-12.60594408191485,2.9528464764040448e-36,0.48305071265109745,0.12130629674313935,3.9820745140207823,6.862902382314403e-05,-0.3832492165594402,0.12136765502778861,-3.1577541518099745,0.0015929535061630833,1.5043489302520654,0.09616558018524603,15.643319858874689,9.698170125304195e-55,-0.04930608039655698,0.032452773242590924,-1.519317934032455,0.12870294211585015
3.078,0.03535815316475466,0.03510850465366899,15461,-1.1070268481332393,0.08661183193273068,-12.78147365585155,3.2113907396969043e-37,0.5147939482772217,0.12213327203288994,4.215018067628533,2.5117708382652962e-05,-0.35047316636995896,0.122195048612274,-2.868145398280527,0.004134445276550363,1.5497080275749227,0.09682116493783412,16.00588082750236,3.349610274031566e-57,-0.04546302883481161,0.032674011894466753,-1.3914125079482706,0.1641203996305653
3.132,0.03558816198754777,0.03533857300255494,15461,-1.105042885310198,0.08697479546848512,-12.7053231842391,8.43906848858808e-37,0.5102925667003477,0.12264509499357673,4.160725438934783,3.189536689504825e-05,-0.338661388333365,0.12270713045959532,-2.759916127652244,0.005788429859062051,1.5662490587057203,0.09722691264663438,16.109213139351265,6.508518101411212e-58,-0.0521506886369677,0.03281093862398922,-1.5894299530595726,0.11198380987978918
3.186,0.03650866858329693,0.03625931782464875,15461,-1.1155248637273323,0.0873170598520451,-12.775566030481786,3.4620384823176373e-37,0.5197527771722125,0.12312772961902797,4.221248769715727,2.4434065389367935e-05,-0.3116572258386156,0.12319000920784584,-2.5298904338320845,0.011419664050477932,1.607112800324419,0.09760952129944228,16.464713471897763,2.1482834186122187e-60,-0.0656936933131095,0.03294005667044939,-1.9943406282006635,0.04613237755347455
3.2399999999999998,0.03707854469034999,0.03682934141516636,15461,-1.1118816466974772,0.08771241347207667,-12.67644570117143,1.2155695053107725e-36,0.5139482749627825,0.12368522655849931,4.155292343824917,3.266198234438064e-05,-0.3052212149561921,0.12374778813643746,-2.4664781452067013,0.013655673951891089,1.6310279734120239,0.09805147705998521,16.63440493011855,1.3469372902090662e-61,-0.06279127331485458,0.03308920244643835,-1.8976363487906702,0.05776261950818722
3.294,0.03740077281769372,0.03715165293488265,15461,-1.0996772416868246,0.0880283518029434,-12.492307525517646,1.2222493941699978e-35,0.5039895494887037,0.12413073823107694,4.060151068710285,4.928258746520489e-05,-0.3011581388813209,0.12419352515454746,-2.424910143315098,0.01532355953259182,1.6441888113688503,0.0984046564877889,16.708445210343058,3.988977287920236e-62,-0.06737326640024575,0.033208389081223706,-2.0288026087462083,0.04249550693995028
3.348,0.03878049070777623,0.03853172789481252,15461,-1.0958633788893666,0.08819700393233722,-12.425176933788915,2.8123126461039096e-35,0.5101210449764298,0.12436855835263007,4.101688173710684,4.122471407864933e-05,-0.3168426160814395,0.12443146556857597,-2.5463223038775746,0.010896077463538083,1.6729959712678584,0.09859318841550334,16.96867702682782,5.3156136002816974e-64,-0.07116746730767012,0.033272012509557615,-2.1389589008848438,0.03245462082189975
3.402,0.03931438284401112,0.039065758201890066,15461,-1.099661794415334,0.08843466372906329,-12.434737104721297,2.498271041708736e-35,0.5077232152955934,0.12470368772187573,4.071437056680784,4.6956625548172075e-05,-0.28253101321407564,0.1247667644505657,-2.264473351202582,0.02355880805252774,1.7050035235110628,0.09885886226010898,17.246845498029334,4.9016635437111e-66,-0.07513324706715437,0.03336166884001251,-2.252082994632537,0.02433100368103752
3.456,0.040375736246151206,0.04012738628141166,15461,-1.1033115240919422,0.08863117400284892,-12.448346041952213,2.1104313351363204e-35,0.5137514081926059,0.12498079123290824,4.110642948604824,3.965963014336655e-05,-0.2689925416932831,0.1250440081241171,-2.151182977326547,0.031477210499624264,1.739515115376473,0.09907853609918625,17.556931943716513,2.4229702558173124e-68,-0.0813817181058882,0.03343580165627765,-2.4339694003002497,0.014945506216608102
3.51,0.0411287202037971,0.040880565110682165,15461,-1.095937882777085,0.08881608622676192,-12.33940752555767,8.10408718229915e-35,0.5025155596361393,0.12524154007566352,4.012371289370517,6.039499775073891e-05,-0.2654583950454247,0.1253048888569897,-2.118499904248684,0.03414866356756669,1.7575217839668267,0.09928524477317444,17.701741965606615,1.9679605538614596e-69,-0.09244376492174274,0.033505559148628794,-2.759057519728811,0.005803652937725831
3.564,0.04111384579968136,0.04086568685708303,15461,-1.083771044852787,0.08911671053795278,-12.161255036351838,7.138039793194963e-34,0.4986939100604984,0.1256654571082335,3.9684247488232334,7.26761437564295e-05,-0.2502000152862509,0.1257290203122455,-1.9899941530195986,0.046609167580257044,1.7704186675918447,0.09962130504771914,17.771486397852392,5.832231055438513e-70,-0.08844425573187413,0.033618968622836025,-2.630784326673171,0.008527257860962633
3.618,0.04155131149170188,0.04130326576486232,15461,-1.093136738485586,0.08933494521169404,-12.236384495397813,2.8624202328658185e-34,0.5199405218028842,0.12597319467918974,4.127390141426462,3.688277223359801e-05,-0.23565098271637594,0.12603691354082205,-1.8696981391888101,0.06154463962287038,1.7950550123206492,0.09986526404119554,17.974768600022614,1.6408232190221562e-71,-0.09003841969973944,0.03370129689331003,-2.671660381046427,0.007555610318459157
3.672,0.04223780055031512,0.04198993248627547,15461,-1.0942774749816773,0.08937886530114314,-12.243134563129004,2.6361047488327075e-34,0.5305864222235821,0.12603512737490463,4.2098296980753425,2.5700831974003828e-05,-0.23669314146991213,0.12609887756289073,-1.8770439994746462,0.06053088475063497,1.8135223114277914,0.09991436119258636,18.150767214857144,7.225261066297689e-73,-0.08847575966514395,0.03371786559406423,-2.624002382900519,0.008698858891931577
3.726,0.04344909768479299,0.04320154310344859,15461,-1.1239531762981037,0.08966047838745314,-12.535658927014902,7.119476305314838e-36,0.573776547633012,0.12643223625611422,4.5382140237614,5.716027944393641e-06,-0.21272768016202614,0.12649618730687848,-1.6816924263966229,0.09264869958285774,1.8653962082285136,0.10022916930216945,18.61131067149468,1.780355590852287e-76,-0.08891546238186317,0.03382410314990852,-2.6287603839129035,0.008578149294320542
3.78,0.044295283923330264,0.044047948334283604,15461,-1.1520040469637878,0.08998554483565477,-12.80210114933184,2.469533464176232e-37,0.6017197310653557,0.12689061969012136,4.742034774003082,2.1347082655027283e-06,-0.1761485803335409,0.12695480259712044,-1.3874904826762045,0.1653122551375943,1.912972355829882,0.10059255282027274,19.01703756586993,1.0011149496547425e-79,-0.0870218462415011,0.033946733335161745,-2.5634821878829968,0.010372175279943172
3.834,0.0463063425785013,0.046059527449769155,15461,-1.184344545704775,0.09009626335108155,-13.145323697717567,2.940090701405395e-39,0.6188140870465262,0.12704674633312088,4.870759030884385,1.1227073429168943e-06,-0.1524502246292898,0.12711100821098345,-1.1993471436891399,0.23041137661921968,1.9741583427600238,0.10071632223381122,19.601175846920313,1.6019214988073952e-84,-0.08392692430780732,0.033988501509431536,-2.469274036235998,0.01354947684195127
3.888,0.04776865559587351,0.04752221891253916,15461,-1.1938170642773462,0.09028220170704529,-13.223171806898737,1.0594113548263553e-39,0.621783006191392,0.12730894214752078,4.884048172129916,1.049692708126123e-06,-0.155265882544304,0.12737333664739758,-1.2189826115187687,0.2228693959213382,2.008928102241626,0.10092417799473102,19.905320431210313,4.500184780128728e-87,-0.08670499968269652,0.03405864610652441,-2.545755912067419,0.010913763773440874
3.942,0.0475883638783805,0.04734188053569899,15461,-1.2038530414130106,0.09046680577869286,-13.30712443145138,3.5008400699751998e-40,0.6565348405214696,0.12756925645790765,5.146497351719674,2.6864695322643205e-07,-0.13957193510261728,0.12763378262810976,-1.0935344250455388,0.2741762654292283,2.0217657190045073,0.10113054219313601,19.991643228248506,8.362196081724721e-88,-0.08886684523707745,0.034128287349506826,-2.6039057960041947,0.009225622443567606
3.996,0.048969898357603237,0.04872377255490079,15461,-1.2397150717002088,0.09051819320578237,-13.69575582316213,1.904313725896132e-42,0.6993378854348731,0.12764171901263882,5.47891309240066,4.346373973342439e-08,-0.11339266752836577,0.12770628183533286,-0.8879176959718914,0.37459884215696504,2.072325315965281,0.10118798689142884,20.47995399087061,5.3891228336354806e-92,-0.0870000631893443,0.03414767307737428,-2.5477596377420286,0.010851309176098034
4.05,0.048232266676517144,0.047985949975346553,15461,-1.2324199555588498,0.09098788821345141,-13.544879211480062,1.466648985111015e-41,0.6880353399275928,0.12830404639752413,5.362538121329818,8.324055715756134e-08,-0.10038845521106121,0.12836894423392567,-0.7820306991706978,0.43420851196766463,2.0710170188184565,0.1017130469991901,20.361370344504056,5.727982121257745e-91,-0.08324747876186571,0.03432486388288996,-2.425282123357884,0.015307872158900265
4.104,0.04869048233707696,0.04844428422173985,15461,-1.247186967040022,0.09156082874808769,-13.621403214593231,5.222012291479317e-42,0.6990746163707287,0.12911196259804686,5.4144836954194355,6.238345202761605e-08,-0.0880447491424977,0.12917726908885077,-0.681580821173257,0.4955142578832943,2.101303681112112,0.10235352265668081,20.529861860840956,1.985299085171602e-92,-0.08148383685217857,0.03454100370381036,-2.359046585643652,0.01833432534388687
4.158,0.04895359054578474,0.048707460522634194,15461,-1.2645480172728911,0.09216293662871282,-13.720786940277776,1.3543545499321375e-42,0.700421081192069,0.12996100832236138,5.389470966974277,7.170150384849551e-08,-0.07447143915464315,0.1300267442714097,-0.5727393973596395,0.5668294890442687,2.1268264246515414,0.10302660374871513,20.64346826222606,2.027191922630273e-93,-0.0792505721683622,0.034768146804404015,-2.2794016780418014,0.022656766321875816
4.212,0.04964415223191765,0.04939820092555958,15461,-1.2851890782601918,0.09280767542583117,-13.847874891417494,2.378212894219504e-43,0.7059675811371735,0.13087016885091102,5.3944117848691775,6.976000271954353e-08,-0.07571244726138913,0.13093636466504469,-0.5782385012374003,0.5631115329793915,2.157571706726195,0.10374734085846822,20.796404889736372,9.220956257397013e-95,-0.07531366910319269,0.035011372269744954,-2.1511201709815566,0.03148216709279401
4.266,0.05008997035903828,0.04984413443004221,15461,-1.3130413248843176,0.09323653128664955,-14.082906203872588,9.149215117068303e-45,0.7256637134029129,0.13147490804581582,5.5194084117559274,3.4561614815903214e-08,-0.04602974161606403,0.13154140974481,-0.3499258652112792,0.726399103053097,2.194127060625838,0.10422674792224101,21.05147770956818,5.07711024950975e-97,-0.06885494461322854,0.035173156649369604,-1.9575992368163693,0.05029502547007985
4.32,0.049554396830117975,0.04930842229513621,15461,-1.3174867105176629,0.0935281106318349,-14.086531863172477,8.697165915238762e-45,0.7523339588217931,0.13188607057049667,5.704423185613452,1.1887490043897777e-08,-0.036045308577766715,0.13195278024078258,-0.27316823875929375,0.7847275433169573,2.1975549424768666,0.10455269705924326,21.018634662591765,9.953071154601417e-97,-0.07079322960054263,0.03528315394165834,-2.0064314465084716,0.0448276236160434
4.374,0.049620210019901245,0.04937425251731853,15461,-1.3228239946347795,0.09380054407123127,-14.102519422811014,6.954652586681733e-45,0.7576452553416719,0.13227023502727087,5.728010199614933,1.0350612053483649e-08,-0.034065330156760804,0.13233713901287858,-0.25741322814486484,0.7968632190595463,2.2080972948786686,0.10485724347492079,21.058128382011013,4.4296132378573125e-97,-0.06333655052336862,0.03538592850768069,-1.7898795706214436,0.07349284278007562
4.428,0.050277143967879856,0.050031356479258826,15461,-1.3349021899427747,0.093918197170951,-14.21345628593115,1.4640670228729508e-45,0.7860329208024966,0.13243614028193332,5.935184452893073,2.997941334658294e-09,-0.028866435477257358,0.13250312818455204,-0.2178547470747394,0.8275451627753181,2.232115613644435,0.10498876488393864,21.260518838486764,6.836968649145586e-99,-0.06612115003028647,0.035430312729719186,-1.8662310585484503,0.06202796983538299
4.482,0.05043700023778619,0.05019125411983538,15461,-1.3530860688806,0.09418697550340158,-14.365957306185429,1.6863949454357626e-46,0.7929965721318322,0.1328151505910471,5.97067856041182,2.4144300071143946e-09,-0.010402133811582089,0.13288233020195347,-0.07828079019816263,0.9376057111120464,2.2506434174274816,0.10528922534848725,21.37581894043081,6.24588012022553e-100,-0.06602005569698773,0.03553170841937838,-1.8580602688099717,0.06317945662022703
4.536,0.05058032888565134,0.050334619861035934,15461,-1.3880013685402754,0.09449194164594517,-14.689097761807261,1.6077545695043025e-48,0.8396776205437326,0.13324519013664896,6.301748075728702,3.0228156303688747e-10,0.0321265726509541,0.13331258726708695,0.24098679134168835,0.809568550393543,2.286208827371253,0.10563013924591641,21.643527535723063,2.3027517382770588e-102,-0.06749661444390566,0.03564675583433917,-1.8934854761421218,0.05831199666184726
4.59,0.051727180879393764,0.05148176865912457,15461,-1.4143517570845185,0.09471935240912667,-14.93202519982853,4.555978655430731e-50,0.8701946370817207,0.13356586711556823,6.515097426266716,7.488824715636654e-11,0.06451651243847184,0.13363342644854542,0.4827872348488606,0.629253653221356,2.333995729586423,0.10588435595648935,22.042876008477805,4.782544183195475e-106,-0.07543190798920348,0.03573254575259067,-2.1110141021434092,0.03478711412022675
4.644,0.05205529955895738,0.051809972255530634,15461,-1.4294323406748148,0.09506424348232961,-15.036487835097697,9.672948308298975e-51,0.8996251677010177,0.13405220569455045,6.711006081846139,2.000091178766235e-11,0.08776745619909239,0.13412001102383425,0.654394937258806,0.5128671323417118,2.361644711318899,0.10626990091886937,22.22308189712035,9.937565243199391e-108,-0.08617476469882321,0.03586265470856889,-2.4029109222143816,0.01627686047889265
4.6979999999999995,0.052963088689336524,0.05271799632098495,15461,-1.4496652713020164,0.09565851543211548,-15.15458675846562,1.6566981038840342e-51,0.9243692805043691,0.13489020179837477,6.852753337014478,7.518008369912191e-12,0.10133505952421522,0.13495843099686283,0.7508612746584968,0.452747579397342,2.4047669428993683,0.10693422242303563,22.4882819401447,3.148825025570005e-110,-0.08841481869218729,0.03608684173154899,-2.450056986142139,0.01429437112792938
4.752,0.05316435024455424,0.05291930996252647,15461,-1.4698019189283187,0.09620759005714377,-15.27740085844901,2.607441449395803e-52,0.9321571451544914,0.13566446414854674,6.871048737816998,6.616628711455913e-12,0.14586809716039248,0.13573308497888698,1.074668693952414,0.2825398608325672,2.4414140454235675,0.10754801898693157,22.700688198824285,2.99629955408309e-112,-0.08672102245104935,0.036293978221203865,-2.389405259531035,0.01688758952857332
4.806,0.053317813792429614,0.053072813226640925,15461,-1.4718852143608652,0.09664584283303074,-15.229679531107752,5.357776405348529e-52,0.9318026740583707,0.1362824541425483,6.837290096667371,8.372833099556216e-12,0.13281469554399472,0.13635138756017362,0.9740619286722102,0.330041035318142,2.4493685633653244,0.10803793062315666,22.671376147594696,5.709713108997256e-112,-0.08902633910263809,0.03645930755430509,-2.4418000525664376,0.014625370768423322
4.86,0.05367549011170469,0.05343058211225127,15461,-1.4722023846795316,0.09715052609006981,-15.153828228522706,1.6756515047096662e-51,0.9330244705411492,0.1369941192366462,6.810689945963485,1.0071410244581769e-11,0.13712589509667708,0.1370634126236267,1.0004558654410711,0.3171056083030402,2.472603155705874,0.10860210320536338,22.76754393080449,6.864774371283218e-113,-0.08080701848862176,0.036649697555018165,-2.204848167363866,0.027479425130324094
4.914,0.054022177295497076,0.05377735901839975,15461,-1.4730251610151397,0.09757041682070777,-15.097046922756546,3.9203625981233286e-51,0.9241961558275081,0.1375862165019358,6.7172146987158765,1.9169659964282384e-11,0.1353929543964726,0.1376558093793263,0.9835615002878798,0.3253465584307945,2.487480234951875,0.10907148837803286,22.805962144116634,2.938225103519945e-113,-0.08327284033583247,0.03680809987051123,-2.2623509670094766,0.02368955058959519
4.968,0.05311743449468875,0.052872382070903834,15461,-1.4547554696662874,0.09806824330632836,-14.834113680635408,1.9288379635514643e-49,0.8997607798381546,0.13828821271003702,6.50641701274117,7.933120079022402e-11,0.1390176332891819,0.13835816066613585,1.0047664165226755,0.31502506823211984,2.4776649218829037,0.10962799594979429,22.60065871328694,2.69659982840876e-111,-0.07229828907582861,0.036995903178091434,-1.9542241941708525,0.05069271621251074
5.022,0.053031255661580845,0.052786180934785265,15461,-1.4403467720140923,0.09834566523741849,-14.645757579013969,3.018283252943916e-48,0.8918665734876341,0.13867941154998348,6.431139009889607,1.3037042491045955e-10,0.13887597266654536,0.13874955737948558,1.0009111040744731,0.3168854571587424,2.4793534882374146,0.10993811887351113,22.552264070390592,7.781570558631392e-111,-0.07982727393257767,0.03710055963522844,-2.1516460861355458,0.031440683231847795
5.076,0.052749931918633974,0.05250478438548667,15461,-1.4152835649052364,0.09873270709178066,-14.334495696442385,2.638685428294547e-46,0.8376694331773988,0.13922518788367935,6.016651483187508,1.8208086719044962e-09,0.1419298756390806,0.13929560977386862,1.0189113344597753,0.3082610105771256,2.4722410640333576,0.11037078312252678,22.399415806344596,2.1810579459937396e-109,-0.08289613323022395,0.03724656982657167,-2.2256044950234832,0.026055053749815777
5.13,0.05204300393680672,0.051797673451283166,15461,-1.4091320889170196,0.09904932270093221,-14.22656965733858,1.216834245638868e-45,0.8384803969084309,0.1396716546014414,6.0032252020001335,1.977637913956403e-09,0.1659312395376133,0.1397423023202372,1.1874088002168506,0.235084658559463,2.4725831243542253,0.11072471966250626,22.33090435352436,9.650412018567383e-109,-0.08357082317925754,0.03736601196223076,-2.2365464974889537,0.025330201994547937
5.184,0.05225910891076169,0.05201383435302642,15461,-1.399891869529866,0.09937815862040099,-14.086514471223934,8.699280396847905e-45,0.8254697551307442,0.14013535345078407,5.890517523264759,3.929826066389801e-09,0.16793488252465746,0.1402062357144201,1.197770424895485,0.23102477161858606,2.484496317224261,0.11109231697670578,22.364249705451897,4.681872475304519e-109,-0.07630431623363923,0.03749006416738901,-2.0353210358069505,0.04183560519788437
5.2379999999999995,0.052061181372314524,0.05181585559109625,15461,-1.414674651723226,0.09978406202882763,-14.17736082255828,2.4339101088499007e-45,0.8490260388434772,0.14070772688169073,6.033968834969182,1.6363293343080162e-09,0.19627483192145173,0.14077889865916768,1.3942063319918585,0.16327534742022076,2.5043586318829347,0.11154606607748255,22.451339791251335,7.045858416112575e-110,-0.0776783566422945,0.03764318981430105,-2.0635434198188927,0.039077683814845963
5.292,0.05217284370728881,0.05192754682419032,15461,-1.4135653972903954,0.10000869110060678,-14.13442553576045,4.448076965820259e-45,0.8471682387166632,0.14102448133564807,6.007242364539132,1.9293838891898266e-09,0.2145753909082253,0.14109581333160068,1.5207778731459192,0.1283360450302917,2.518227672232957,0.11179717320595724,22.524967313742152,1.4133952853588943e-110,-0.07938328226434707,0.03772793034916072,-2.104098516130583,0.03538596397580785
5.346,0.05252183920268727,0.05227663263933402,15461,-1.4311697966015131,0.10038200558843478,-14.257234533341514,7.890535525706939e-46,0.8676368529193148,0.14155090040424748,6.129504301572637,9.02941756977682e-10,0.23802136578516736,0.14162249866973367,1.6806748081760488,0.09284630283498364,2.545734220236943,0.11221449198092266,22.686323088017343,4.110197222877145e-112,-0.08966948939341206,0.03786876193929661,-2.3679012674655615,0.017901545790928255
5.4,0.053016840458484316,0.05277176200104616,15461,-1.446411172224174,0.10089165295915602,-14.33628184097375,2.572530316863833e-46,0.8917569533998609,0.1422695655055409,6.268079544849177,3.752245344517516e-10,0.2571796432825793,0.14234152728107594,1.8067787257525858,0.0708162266661236,2.5806576431498525,0.11278421381960932,22.881372806990868,5.533472952567196e-114,-0.09032478473189577,0.03806102463460437,-2.373156939389755,0.0176489259634151
