peth_time,r_squared,r_squared_adj,n_trials,Intercept_beta,Intercept_se,Intercept_tstat,Intercept_pvalue,C(Q_diff_bin)[T.1]_beta,C(Q_diff_bin)[T.1]_se,C(Q_diff_bin)[T.1]_tstat,C(Q_diff_bin)[T.1]_pvalue,C(Q_diff_bin)[T.2]_beta,C(Q_diff_bin)[T.2]_se,C(Q_diff_bin)[T.2]_tstat,C(Q_diff_bin)[T.2]_pvalue,C(Q_diff_bin)[T.3]_beta,C(Q_diff_bin)[T.3]_se,C(Q_diff_bin)[T.3]_tstat,C(Q_diff_bin)[T.3]_pvalue,C(Q_diff_bin)[T.4]_beta,C(Q_diff_bin)[T.4]_se,C(Q_diff_bin)[T.4]_tstat,C(Q_diff_bin)[T.4]_pvalue,RPE_beta,RPE_se,RPE_tstat,RPE_pvalue,Port_beta,Port_se,Port_tstat,Port_pvalue
-2.16,0.02235767205306871,0.021978103399795557,15461,0.319264331506743,0.03225128868228051,9.89927362754199,4.9100355170194486e-23,0.08149984911710322,0.04003872842666812,2.035525410512777,0.04181505829758984,-0.3717309511771743,0.04537219339748866,-8.192924417838471,2.7476447916113245e-16,0.073746419448147,0.04914991486492047,1.5004383965023238,0.13352130859972422,0.0716860573806541,0.049254093183220216,1.4554335030388086,0.14556959935838387,-0.0994511857792538,0.013691988411903685,-7.263458220048731,3.9532194600889973e-13,-0.06597027096927958,0.01771228400322681,-3.7245490732455044,0.00019636044954653262
-2.106,0.024696987793775826,0.024318327377492732,15461,0.30526411712502427,0.03011619362182019,10.13621179881943,4.538270767828872e-24,0.06812816370616319,0.03738809042788764,1.8221889089940426,0.06844564421912393,-0.3770029304528868,0.04236847013670457,-8.898195503317982,6.295864419296502e-19,0.0864628102604968,0.04589609944427363,1.8838814476049035,0.05959977003916354,0.06583942360627276,0.04599338096489809,1.43149779870545,0.15230781979490934,-0.08974146761999709,0.012785553412852093,-7.01897405002341,2.3280106619488944e-12,-0.07365896172808244,0.01653969798791085,-4.453464735687498,8.508809913692208e-06
-2.052,0.025289080949536302,0.02491065041282714,15461,0.2872948598844459,0.02795530518751559,10.276935199145935,1.075103934969497e-24,0.0702810789593961,0.03470543095236146,2.025074376856685,0.0428768844520525,-0.35161959673776977,0.039328459893469475,-8.940589021035033,4.3020390732363343e-19,0.07289514411747258,0.04260297576090854,1.7110340959881822,0.0870948866304043,0.07247819866335105,0.0426932771659371,1.69764898538119,0.08959416513630912,-0.08620085932314199,0.011868168073823116,-7.2631983964964135,3.9607978051035684e-13,-0.06408679191523191,0.0153529463506431,-4.174234081951798,3.0062722086863957e-05
-1.998,0.027583311439552616,0.027205771635530063,15461,0.2849925353679683,0.025616604046439444,11.125305089281754,1.2137613035358943e-28,0.05121472374501505,0.03180202387361941,1.6104234104263713,0.10732587654772902,-0.35490720580614243,0.036038296777285705,-9.848057137645698,8.156856707062527e-23,0.023251243480448856,0.03903887129640883,0.5955921036730313,0.5514564748702001,0.044461925548274085,0.03912161821410254,1.1365052770809587,0.2557627810135393,-0.08603260427162188,0.010875293983178989,-7.910830217986754,2.729014372167977e-15,-0.05105266967996214,0.014068540657044559,-3.628853263781732,0.00028560105791620885
-1.944,0.03014053154097951,0.029763984575096547,15461,0.2542109640338273,0.02365538533641086,10.746430904363267,7.663400992844502e-27,0.048873901096253815,0.02936724664379424,1.664231641769578,0.09608642055157986,-0.3388648101823938,0.033279188591476064,-10.182484144736287,2.832409629024727e-24,0.026595368362462353,0.036050037777878616,0.7377348264190189,0.46068680585317423,0.04043538489133067,0.03612644955439265,1.119273700850409,0.26304078784912077,-0.08218221419338861,0.010042676591810264,-8.183297892954918,2.9753585770556735e-16,-0.05774881854290972,0.012991446866260503,-4.445141417842115,8.84455874775706e-06
-1.89,0.030507174339751364,0.03013076972256734,15461,0.22244593548657257,0.022217814365483896,10.012053023187988,1.5913849291716783e-23,0.05334702614811071,0.02758255784372685,1.9340855351543664,0.053120846234563396,-0.3167380535502118,0.031256765588225655,-10.133423839270376,4.6687114514755895e-24,0.03224835531613518,0.0338592263802503,0.952424457486875,0.34089665640543143,0.037049720236457105,0.033930994505849695,1.0919137731158968,0.2748880254586799,-0.07762450157768228,0.009432369038858576,-8.229586995365878,2.027257865056983e-16,-0.05479877330608052,0.012201938404670175,-4.4909891763678145,7.140653540215991e-06
-1.836,0.030162873130116452,0.02978633483833304,15461,0.2264940834194128,0.021099408709080333,10.734617568782337,8.701284275631106e-27,0.019702823841853765,0.026194100446295953,0.752185549652647,0.4519509383769891,-0.31805714178913547,0.029683355042089316,-10.714999747776101,1.0741328836178173e-26,-0.005766645433556894,0.03215481253997849,-0.1793400420663983,0.8576730586002886,-0.004106852638975811,0.03222296798449686,-0.12745109764413085,0.8985850341254906,-0.07722742472863292,0.008957560188950558,-8.62147985607682,7.242552505528989e-18,-0.04590024395767244,0.011587714309249177,-3.961112841816907,7.49359833655297e-05
-1.782,0.028850718119616814,0.02847367038496662,15461,0.1957276706130871,0.02025608634188706,9.662659770971981,5.01448203897113e-22,0.013403179968669783,0.02514714832079103,0.5329900550826421,0.5940481285560693,-0.29435713568801003,0.02849694088302522,-10.32942928492896,6.2517895350124525e-25,0.004334610818974631,0.030869616684409292,0.1404167360835364,0.8883325653785608,0.003264580959877012,0.03093504802364107,0.1055301726825239,0.915956498947006,-0.07417257884682328,0.008599535423092022,-8.625184407944914,7.01299183351486e-18,-0.043724062175898186,0.01112456490082856,-3.9304064982030544,8.517180703673274e-05
-1.728,0.025268717985904465,0.024890279543295035,15461,0.16238913934489546,0.01952151051405294,8.318472037704073,9.647251338965709e-17,0.01895500531059475,0.024235200820981375,0.78212701642582,0.43415191388243246,-0.26779542340004736,0.02746351499874663,-9.75095225109637,2.1204505181585353e-22,0.010130439279249264,0.029750147017458848,0.34051728461389535,0.7334716369506551,0.007899191810105254,0.02981320552516872,0.26495613842787374,0.7910467847025848,-0.06517044437453111,0.008287678001782367,-7.8635347995560885,3.979937576017759e-15,-0.034491415468739156,0.010721138674587504,-3.2171410626834573,0.001297416647693248
-1.674,0.023473581653539077,0.02309444625104906,15461,0.14478626130055822,0.019116454642137685,7.57390761053628,3.826158302807575e-14,-0.004104490139711081,0.023732339610906605,-0.17294924171002474,0.8626935904662512,-0.2865269405408288,0.026893668827997336,-10.65406666429027,2.0613200186245987e-26,0.009194360558803722,0.02913285504453036,0.31560108148514426,0.7523095783891429,0.007130705748785954,0.029194605138180587,0.24424737772734748,0.8070424782889911,-0.04641348308857734,0.00811571525142305,-5.7189639669083965,1.0915757115023748e-08,-0.033295577631906624,0.010498683543841689,-3.1714050140540833,0.0015199993848387513
-1.6199999999999999,0.020793447412684407,0.020413271450763548,15461,0.11220851457823468,0.018741716870513563,5.987099013045753,2.183463053580328e-09,0.006553461121540426,0.02326711715058624,0.281661929972932,0.7782065198161574,-0.2620275747471886,0.026366475176451402,-9.937906868234414,3.3425126868909355e-23,-0.006670124142380531,0.02856176687024246,-0.23353331650255532,0.8153503949876038,0.02779768978558318,0.028622306483553878,0.9711897188144318,0.331469012559081,-0.042190306562231134,0.007956623772098718,-5.30253883690954,1.1577500950528702e-07,-0.025443554059703714,0.010292878997451902,-2.471956977829284,0.013448258094586107
-1.566,0.01696074378005763,0.016579079774795558,15461,0.07792290888861839,0.018417374765806148,4.230945500076955,2.3405242802277037e-05,0.02553678391756128,0.02286445896301282,1.116876806876183,0.2640643664817747,-0.23859848719082824,0.025910179837474182,-9.208677388095184,3.7175234504840955e-20,-0.010375202298700946,0.02806748005303887,-0.36965207703345715,0.71164680832858,0.036070207778793134,0.02812697197441602,1.2824063611113985,0.19971936921418482,-0.029569139145973252,0.00781892731032644,-3.7817385905252445,0.0001563233746814357,-0.015170528607610551,0.010114751557975712,-1.499841940818432,0.13367577804092576
-1.512,0.010844317015355154,0.010460278313536242,15461,0.028876178278659216,0.018120860870031393,1.5935323650332287,0.11106126435078004,0.049592778809055535,0.022496348421303478,2.2044812731515315,0.02750519720033926,-0.17262518530047619,0.02549303415512114,-6.7714648735053995,1.3208032897204843e-11,0.012292096314510649,0.027615602521038046,0.4451141815626263,0.6562434750188433,0.04281345001870134,0.02767413664133882,1.5470563932515913,0.12187012437216761,-0.022244459832905277,0.007693045059080246,-2.8915026055449555,0.00383938861732165,-0.005330473051539558,0.00995190726407464,-0.5356232639729287,0.592226655116985
-1.458,0.0078121708537139956,0.007426954924188989,15461,0.010746154975991927,0.017727249758240984,0.6061941430591223,0.5443947452531954,0.06367331899448567,0.022007695438597895,2.893229741938953,0.003818349497256263,-0.13353902370212492,0.024939288856336624,-5.35456421678179,8.698903337722051e-08,0.0023181494377082085,0.027015751990258657,0.08580732598315557,0.9316206942652827,0.023908185915200105,0.0270730146654369,0.88310024615481,0.37719584794880634,-0.021961045659127505,0.007525941076522432,-2.9180464523747256,0.0035273943830232443,0.009092014935425854,0.009735737551678371,0.9338804468756922,0.3503801568627457
-1.404,0.0033810273253654932,0.002994091008809985,15461,-0.011268054665856073,0.01749997940117198,-0.6438895959558356,0.5196565842419278,0.07389576557644713,0.021725548074014684,3.4013303289150056,0.0006722854437886706,-0.06759984329005209,0.024619557304024525,-2.7457781817629043,0.006043737229447791,0.009381087419161176,0.026669399358855157,0.35175473181574796,0.7250270061763255,-0.003969403411276568,0.026725927903877175,-0.14852256675813005,0.8819323155815982,-0.012289140205947001,0.0074294555336961166,-1.6541104728616924,0.09812537741239562,0.022080794489746484,0.00961092154356231,2.2974690189347013,0.021605326670853325
-1.35,0.002019210625712864,0.0016317455851895257,15461,-0.0342415012170826,0.01742291503077382,-1.9653141369628662,0.04939577235428969,0.06794765495588757,0.021629875636607888,3.141379825637476,0.0016847111186165996,-0.008369717063413275,0.024511140565946023,-0.34146583431705113,0.7327575637621688,0.024858587754278003,0.026551955765158723,0.936224358542253,0.3491723137608258,-0.014132793393854062,0.026608235376360204,-0.5311435799463119,0.5953269199987535,-0.004436824314732469,0.007396738563008308,-0.5998352215558068,0.5486248519093996,0.03280008308732088,0.009568598087018633,3.427888055181203,0.000609881759633626
-1.296,0.003203897807938394,0.002816892721025366,15461,-0.07655180728042299,0.01725315214485624,-4.436975147364346,9.186253453178385e-06,0.0764131342443553,0.021419121574866598,3.567519516487511,0.0003614668228838615,0.06049777193902677,0.024272312450658955,2.4924601667849884,0.012696545935444052,0.05826205762331997,0.02629324264915674,2.215856689900837,0.026715833060165454,-0.0055739377011421775,0.026348973891201912,-0.21154287541357922,0.8324664688934134,0.010177054332961321,0.007324667288906573,1.3894220626750888,0.1647244625481776,0.032271851588784095,0.00947536496141545,3.405868979210618,0.0006612165765741004
-1.242,0.00565892234150478,0.005272870415404585,15461,-0.11304979450203921,0.017056644616218062,-6.627903497182996,3.517582537380336e-11,0.0935268495305549,0.021175165072835025,4.416817966181414,1.0084500550875704e-05,0.12378086673977644,0.02399585907599636,5.158426141266909,2.5211355721437926e-07,0.06758949412762824,0.02599377156761237,2.600218823644783,0.009325298582830238,0.01693671764944819,0.02604886804978582,0.6501901586309985,0.515579062284317,0.018994400961187166,0.007241241822362533,2.6230861262675025,0.008722278829061732,0.028780321494327667,0.00936744378064341,3.0723772854445532,0.002127304796901659
-1.188,0.00904545803853607,0.008660720931523702,15461,-0.14178738242736974,0.017030459322741814,-8.325517224190916,9.092816051762856e-17,0.08710506726633471,0.02114265704301344,4.119873253826366,3.8105535173231396e-05,0.17315595846106063,0.023959020727877048,7.22717177916994,5.162203297509911e-13,0.06830137980282307,0.02595386603212356,2.6316456946446913,0.008505682137868995,0.013069086328395861,0.026008877930395097,0.5024855883199314,0.6153331473044117,0.02522971606866523,0.007230125096504813,3.489526907475194,0.0004852241895814844,0.024560094888486535,0.009353062917933452,2.625887915433061,0.008650843948057057
-1.134,0.01144685890709285,0.011063054141559059,15461,-0.15024318814513898,0.017063188066546334,-8.805106499394569,1.4439081889613102e-18,0.048903259574735874,0.021183288513521317,2.3085773270529204,0.02098017848828434,0.1847109272112532,0.024005064621136152,7.694664860373573,1.5040665182973417e-14,0.06261398388931401,0.02600374357306386,2.4078834539105785,0.016056941030547587,9.610890206558627e-05,0.026058861191932275,0.003688146667565858,0.9970573389916695,0.02802158134592098,0.007244019784103882,3.8682364462077983,0.00011007497413162238,0.030060934935726008,0.009371037418457922,3.207855608015785,0.001340012034915367
-1.08,0.01684415716289911,0.016462447892999776,15461,-0.15696903640137996,0.017065816447575002,-9.197862691397033,4.109034972219874e-20,0.00256582538655146,0.021186551546984733,0.12110632449369174,0.9036083943235758,0.20695867925992842,0.024008762315623024,8.620131122929894,7.327958539096433e-18,0.0405096806646679,0.02600774914025419,1.5576004077172507,0.11934847906824174,-0.01473513609278538,0.02606287524933576,-0.5653687842119768,0.5718311597286286,0.0380101642221601,0.007245135639130361,5.24630125858106,1.572321246972691e-07,0.030029258287696464,0.009372480915234347,3.2039818015404964,0.0013581609262111067
-1.026,0.0210418356831924,0.02066175615776844,15461,-0.17862238589561252,0.017361184136860976,-10.288606150796157,9.532447094139984e-25,-0.00425557118099394,0.021553239117637724,-0.19744462341678687,0.843482209133634,0.2449747541617768,0.024424295476287567,10.029961945048184,1.3291720132558567e-23,0.041100341050759936,0.026457879890850525,1.5534253394571105,0.12034203043098159,0.004590120301391384,0.02651396009852496,0.17312088742438533,0.8625586743127375,0.04241495446855905,0.007370531278938587,5.7546671825083315,8.845778810909421e-09,0.02848322054852368,0.009534695716929525,2.9873234966428672,0.002818734719866469
-0.972,0.023802894443397893,0.023423886896268287,15461,-0.18974602781031988,0.017893479018552372,-10.604199865972785,3.504747465097488e-26,-0.018145181107183998,0.02221406264071935,-0.816833075545717,0.4140364189849284,0.2643074656776146,0.025173145748737753,10.499580319272082,1.0589139495078757e-25,0.04119602495800781,0.027269079975780434,1.5107229504844633,0.1308794982861072,0.010916933840345554,0.027326879605775026,0.399494343951311,0.6895345112104614,0.050068670811777856,0.0075965121823261305,6.591007769100465,4.5099379953178626e-11,0.024006148422220482,0.009827030023656376,2.442869144027346,0.014582137634363918
-0.918,0.025329014808362138,0.024950599775933613,15461,-0.1702524383453423,0.01842703557459946,-9.2392744159036,2.798690228869041e-20,-0.05231839217325329,0.022876452483751416,-2.2869976107708907,0.02220941803282946,0.24778868053376538,0.025923770986940004,9.558357873883297,1.3726582880331218e-21,-0.014813983772378948,0.02808220281138801,-0.5275221417591757,0.5978386176487507,-0.026051166516206967,0.02814172593917131,-0.9257131766728482,0.3546095135041276,0.057099965862092886,0.007823028717974075,7.298958999204598,3.0411480016388763e-13,0.02723960669086,0.010120057237098606,2.6916455166877618,0.007117701991595582
-0.864,0.02649237502226054,0.026114411663268222,15461,-0.1847849777645007,0.01900361099297383,-9.72367713866701,2.7685486531861947e-22,-0.05538562237847641,0.02359224858173703,-2.3476194813134903,0.01890635569614453,0.2582359256160375,0.026734916601877646,9.659125908696534,5.189418228910341e-22,-0.020044073652445052,0.028960884993842195,-0.6921084648037145,0.4888796145454414,-0.0272373887373195,0.029022270579217527,-0.9384995795891945,0.3480024000597368,0.0604376245663677,0.008067808516534738,7.491207115600544,7.193018746314962e-14,0.032524060701387164,0.010436710244677093,3.116313468410701,0.0018346303381372065
-0.8099999999999999,0.028036166210066105,0.027658802226454005,15461,-0.17100656854417512,0.019758067616419756,-8.65502496823433,5.407722579663933e-18,-0.08246042066812308,0.02452887732093061,-3.3617690524204793,0.0007763262529113916,0.2683114720653052,0.027796311455467244,9.652772544845375,5.519250478985201e-22,-0.04349596554435215,0.03011065234661207,-1.4445374694529374,0.14860812157316802,-0.02520671852058801,0.030174474982582033,-0.8353656040457499,0.4035248042869496,0.06684173557849848,0.00838810614703473,7.968632538362385,1.715722054439152e-15,0.018857475523653293,0.010851054927589929,1.7378472092797366,0.08225765924583894
-0.756,0.02619977836809817,0.025821701408748288,15461,-0.17081074242986793,0.020621013416977686,-8.283334042605107,1.2950764988661775e-16,-0.09071146885215471,0.02560019118053634,-3.5433902900351013,0.0003961827522762561,0.28321016836123614,0.029010332518010922,9.762389596375929,1.8956838848482464e-22,-0.03790019613761893,0.03142575367630764,-1.2060234585938496,0.22782690874844114,-0.011518967545711654,0.03149236380530375,-0.36577017898452263,0.7145415802766314,0.06282836750920075,0.008754461861305202,7.176725252171431,7.464776061373818e-13,0.007270585465027403,0.01132498145032363,0.6419953530978749,0.5208857226852386
-0.702,0.02249130335993288,0.022111786588880578,15461,-0.11847765715523396,0.021608153727288883,-5.483006954250276,4.2471437997810636e-08,-0.10247066580020837,0.026825687724036693,-3.8198709704799594,0.00013404374328368162,0.26218721609951123,0.0303990745776268,8.624842030305638,7.033903212083973e-18,-0.058828327861950185,0.03293012339900288,-1.7864593809487972,0.07404450520865014,-0.03647797169011879,0.03299992219492226,-1.1053956877429154,0.26900537994673074,0.058841899617919115,0.009173543214080102,6.414304510781075,1.4557904478773453e-10,0.004759217772307494,0.011867115121306882,0.401042521595036,0.6883943624625901
-0.648,0.017373630654277328,0.016992126951929976,15461,-0.03978847115641958,0.022780153137529572,-1.7466287832310199,0.08072161739574937,-0.11263118306866267,0.028280679695524145,-3.9826193811914745,6.847202452725587e-05,0.22234394376555408,0.032047882612153474,6.937866892998257,4.138724119709268e-12,-0.08903072795260183,0.034716212376796673,-2.564528842786647,0.010340959224115905,-0.04848275890027476,0.03478979697268237,-1.3935913146703434,0.16346109304368076,0.05392790851496821,0.009671104799970777,5.576189032211828,2.499627753411034e-08,0.006973514786489323,0.012510772700707816,0.5574008059545983,0.5772616879985735
-0.594,0.009908198642250676,0.009523796493412395,15461,0.06745934742517826,0.02385037874653668,2.8284392521428634,0.004683577458474068,-0.13352380230837405,0.029609323426211538,-4.509518856150986,6.545283627881936e-06,0.14263398736978453,0.03355351185348964,4.2509406464691795,2.141238852142854e-05,-0.1173683351999791,0.03634720139206221,-3.2290886424507756,0.0012444476587122005,-0.05106136001783139,0.03642424303753269,-1.4018509585831656,0.16097984170918647,0.037487619301817134,0.010125459253245659,3.7023129879072587,0.00021438564539997003,0.005365589091594433,0.013098536498954897,0.4096327167559934,0.6820810708905194
-0.54,0.007787326414142592,0.007402100838788894,15461,0.11934034002775704,0.025025779574459266,4.768696202756978,1.8711346350246151e-06,-0.1452037618108666,0.03106853812629047,-4.673659289041151,2.9837755092586683e-06,0.11690872498922132,0.03520710511636513,3.3206003334502863,0.0009003210496373649,-0.12988367886228902,0.0381384740197601,-3.4055814292673166,0.0006619127942999091,-0.04788555454866995,0.03821931245247798,-1.252915122641492,0.21025555492901368,0.031132503640078146,0.010624464879774316,2.930265570301312,0.003391679257638516,0.0018013437724452778,0.013744062123896238,0.13106341896646082,0.8957268449425695
-0.486,0.007745627397531818,0.0073603856325766825,15461,0.10001928151962612,0.026793506399012654,3.7329672357967993,0.00018991590238210044,-0.161906498813978,0.03326310265852004,-4.867450293982336,1.1416342072045772e-06,0.10796422527315214,0.037694002435343626,2.8642282139802675,0.004185897400749684,-0.15190128685890822,0.0408324321988319,-3.7201136126114402,0.00019983814616972092,-0.05330846238187473,0.04091898075400751,-1.3027807975557608,0.19266902038391043,0.0352675927363515,0.01137493706820796,3.1004648662999292,0.0019356459505477928,-0.008225356745677757,0.014714890913563006,-0.558981836426411,0.5761822160936338
-0.432,0.007918577061321153,0.007533402443899551,15461,0.05717401758529554,0.028609305715762187,1.9984412817748225,0.04568632771482113,-0.1710132848941255,0.0355173473318688,-4.81492278396252,1.486510682536759e-06,0.09363859988338494,0.040248529746863194,2.3265098246398117,0.020004230233596692,-0.2027567353815619,0.04359965129228332,-4.650421032551875,3.34001065700618e-06,-0.06854377914388045,0.043692065253987396,-1.5687923824480934,0.11671679747754979,0.03353819858979375,0.012145817991702248,2.7612959960956354,0.00576404115427696,-0.016251682558539635,0.015712120931500345,-1.034340470608112,0.30099320862435697
-0.378,0.008892309073209259,0.008507512506264692,15461,0.010141180452067753,0.03020719940056856,0.3357206445254529,0.7370860938461619,-0.17159397145476757,0.03750107058494305,-4.575708607200771,4.783034480147726e-06,0.08889891729615029,0.04249650011511374,2.0919114998962867,0.036462711617148987,-0.25492339749640613,0.046034789290802326,-5.537624944605523,3.1159915435419614e-08,-0.12111739479215411,0.046132364778873454,-2.6254321748452925,0.00866242785248889,0.028315547007335462,0.012824189080416087,2.2079795322556763,0.027260330348251344,-0.023176900597869685,0.016589678012430352,-1.3970675368445151,0.16241332178892307
-0.324,0.009846800916707976,0.00946237493026425,15461,0.02236040582850421,0.03170647869692481,0.7052314462997409,0.4806768436448532,-0.1780424797058628,0.039362367886080524,-4.523164872122006,6.137517450279089e-06,0.09455935037107775,0.04460573645792385,2.119892145717057,0.034031035159012506,-0.29818989682532604,0.048319642169104025,-6.17119422742727,6.94669469699334e-10,-0.1366670340098232,0.04842206063871598,-2.822412598867193,0.004772468084591181,0.027353940634606812,0.013460694336195074,2.032134446516147,0.04215711425433225,-0.02284157524632214,0.017413076449585212,-1.3117484042784546,0.18962452471273777
-0.27,0.009111185442357894,0.008726473853944094,15461,0.18865796457533862,0.03336365512214994,5.654595214002487,1.5897760507871083e-08,-0.21505171192372852,0.041419688370180126,-5.192016656468951,2.1066631475235353e-07,0.013684078811409595,0.04693710777147957,0.29154073314513984,0.7706417085711151,-0.35279344332331847,0.050845125135641066,-6.938589341301862,4.1176834788848754e-12,-0.18377557572213715,0.05095289662710609,-3.606773861495671,0.00031100481366425986,0.02367969288678534,0.014164233367896736,1.6717948844626784,0.09458502082681453,-0.026766359300726576,0.018323191384098398,-1.4607913403096089,0.1440930429370385
-0.216,0.00981396185334349,0.009429523117166383,15461,0.2916072883075729,0.03485737032416072,8.36572826910729,6.480105867303309e-17,-0.26535329109279054,0.043274078063233044,-6.131922457251439,8.893556946173102e-10,-0.10950263838363242,0.04903851635995678,-2.2329924824774805,0.025563701553027476,-0.3873576307043787,0.05312149851515205,-7.29191836698453,3.2038454389945967e-13,-0.20323491141206226,0.05323409501498487,-3.817758362471526,0.00013519536071263729,0.00627154024138842,0.014798376438522396,0.42379920982836056,0.6717181527995155,-0.0644325799055835,0.019143534041986928,-3.3657620251446514,0.0007651841004566689
-0.162,0.009676455349835744,0.009291963226896516,15461,0.20178385042575825,0.03601833642049213,5.602253476397542,2.1519218789134502e-08,-0.2718219164904786,0.044715372601926054,-6.078936631264261,1.2382626535706252e-09,-0.19639842188806172,0.050671802358838974,-3.8758917730464906,0.00010667389582010084,-0.43392826606435436,0.05489077308144554,-7.905304329026348,2.8523371003335066e-15,-0.2276297143862029,0.055007119741363755,-4.138186392170466,3.519163049492032e-05,0.004595112374955451,0.015291253932323638,0.3005059228819689,0.7637953215605785,-0.05735423746023663,0.01978113216772128,-2.8994415978791594,0.003743542918889764
-0.108,0.007101760053266681,0.006716268307460971,15461,0.07497061765539823,0.03706667527246168,2.0225881362253415,0.043132816684961335,-0.2771928567119575,0.04601684476964737,-6.02372583560517,1.7431247204604503e-09,-0.22380948890469432,0.05214664057712687,-4.291925355645328,1.782088204670068e-05,-0.4230237101335032,0.05648840739092976,-7.488681831759827,7.332244154355046e-14,-0.21072806863359378,0.056608140401690654,-3.722575359979502,0.00019790088984302756,0.006611772648595224,0.01573631656390777,0.420160119539012,0.6743743276979284,-0.03201630095064691,0.02035687584297799,-1.5727512019822427,0.11579691011744293
-0.054,0.004962440768114584,0.00457611843374206,15461,-0.06792042489164749,0.03780396195910318,-1.796648323927653,0.07241098825393577,-0.2911787173691101,0.04693215769589506,-6.204247400169675,5.635959062344736e-10,-0.2645392285812041,0.053183880188394594,-4.974049047269965,6.627270000676572e-07,-0.4213383617313503,0.05761200831852242,-7.313377436903008,2.732878145683194e-13,-0.21445932571512835,0.05773412291743862,-3.7146026453335246,0.00020423974908279194,0.012366732884967884,0.016049324855427382,0.7705453653887403,0.4409882349062554,0.01895165813850205,0.020761790862475094,0.9128142299494654,0.36135449259116326
0.0,0.0039487288491822925,0.0035620129421739533,15461,-0.2887086209461426,0.03842226554030701,-7.514096758382761,6.043970783533413e-14,-0.2719918366023264,0.047699757695291604,-5.702163904894939,1.2045862499165727e-08,-0.23554595004739026,0.05405373038077321,-4.3576261691491585,1.3232898633938014e-05,-0.3929347183822344,0.05855428286377309,-6.710605939729457,2.0055768352174436e-11,-0.18832867090252897,0.0586783947108589,-3.2095061875930506,0.0013323472247326667,0.021458885256669422,0.01631181996228284,1.3155420612959152,0.18834730730169094,0.061239481401464325,0.021101360816977763,2.902157919227284,0.0037112521379005104
0.054,0.004604682167583696,0.004218220933793426,15461,-0.31636707300129774,0.03877035559517663,-8.160025053797973,3.60557163660656e-16,-0.28059488966701274,0.048131898045162526,-5.829707554930172,5.663169154020694e-09,-0.23266032084179286,0.05454343513163993,-4.26559713887235,2.0055375849574415e-05,-0.38993239306550165,0.059084760784538067,-6.599542553577425,4.258492889767682e-11,-0.2223580386103062,0.05920999703433815,-3.755413777192933,0.00017369014597141505,0.020854176963717927,0.016459598398193595,1.2669918462899208,0.20517729857869962,0.1117040740852061,0.021292530539567388,5.246162445446734,1.573503636375528e-07
0.108,0.006224773846102094,0.005838941611281068,15461,-0.1647763694017744,0.03944410620588082,-4.177464905446571,2.9639482177290962e-05,-0.3138407254360136,0.048968333388724715,-6.409054662829867,1.5066685860691233e-10,-0.20900051945290413,0.05549129006270016,-3.766366202997846,0.00016625510156807665,-0.391694993050285,0.06011153479913715,-6.516136950406188,7.437307359793948e-11,-0.22984989648242163,0.060238947402455015,-3.8156360028471243,0.0001363616762531248,-0.010973526110046157,0.016745633032193917,-0.6553067351320351,0.5122800395229801,0.14129869186181937,0.02166255178993363,6.522716863277365,7.118987109637675e-11
0.162,0.006661040820014508,0.006275377965408557,15461,0.12794668926572444,0.040605559127569406,3.150964843600792,0.0016304261689424047,-0.30343788004727557,0.05041023230228346,-6.019370794161775,1.7905597705132355e-09,-0.1503969500426644,0.0571252609438044,-2.6327573398853055,0.008477908175625578,-0.394582272700288,0.06188155127143927,-6.376412106565968,1.8643168473508686e-10,-0.26934346623597644,0.0620127156073889,-4.343358674069803,1.4121478679353092e-05,-0.031813130310323866,0.017238717203229507,-1.8454464990216315,0.06499173157741059,0.16026980211111774,0.022300417278286303,7.186852161155337,6.933416306504966e-13
0.216,0.005560197995491678,0.005174107739763234,15461,0.34720633715387506,0.041756646844996075,8.31499565668508,9.932986523742757e-17,-0.2720640435705997,0.05183926321535334,-5.248223579883403,1.5560352839242462e-07,-0.11318794480831142,0.058744649708298985,-1.9267787853081897,0.054025518076406355,-0.3742183761543155,0.06363577150961101,-5.880629200791519,4.171422431350351e-09,-0.2823606871761554,0.06377065409644354,-4.427752720697003,9.587303130754774e-06,-0.04450482235968253,0.01772740092199048,-2.510510286055256,0.01206580952965943,0.15121142855026587,0.02293259023622733,6.59373524720258,4.4280436040103203e-11
0.27,0.004278309276297465,0.0038917213285594165,15461,0.4310885600238741,0.04281915074035177,10.067657872009736,9.089728879804913e-24,-0.2662096367044046,0.05315832073697718,-5.007863924475476,5.56440572801893e-07,-0.08540829856755307,0.06023941578417832,-1.4178141911858526,0.15626518205938483,-0.32903921246234574,0.06525499288444776,-5.042360713225451,4.650284060824523e-07,-0.2494020381192809,0.0653933075781364,-3.813877097763839,0.00013733543695318095,-0.044911697237305766,0.01817847719265143,-2.4705973311923577,0.013499470062550957,0.12217085242026424,0.023516113298963567,5.195197474475882,2.0710204385402808e-07
0.324,0.005278193658765251,0.004891993915135839,15461,0.44117306886103835,0.04371234486735826,10.092642483484791,7.06056912669459e-24,-0.28196769369781216,0.05426718672480843,-5.195915077147525,2.0630602851473492e-07,-0.039026015390739334,0.06149599120574605,-0.6346107221879014,0.5256917276959591,-0.3327492862474395,0.06661619167971748,-4.995021148120527,5.9471332021457e-07,-0.2611921379236578,0.06675739157476918,-3.9125575724617567,9.171481293855669e-05,-0.09150713426466753,0.018557674556112833,-4.930959102013426,8.267631863118833e-07,0.10810492980401669,0.02400665208652666,4.50312394307946,6.74517637172354e-06
0.378,0.00852365116491216,0.00813871146690437,15461,0.3333324169045446,0.04446971503486613,7.495717403252932,6.950792288447388e-14,-0.2666394320183815,0.05520743251635003,-4.8297741783122135,1.3799764684983202e-06,0.08136928146195185,0.06256148493073123,1.300628998049596,0.19340487028433448,-0.29517306535261517,0.06777039917886446,-4.355486597822353,1.336266414935842e-05,-0.2540253305186155,0.06791404553585939,-3.740394619614984,0.0001843954521337591,-0.16977871791501215,0.01887920910498612,-8.99289355665712,2.6827681305762765e-19,0.0863963560587427,0.024422596876659687,3.5375581268063434,0.0004050291319646673
0.432,0.01486050321748389,0.014478023795929884,15461,0.185072029058317,0.044989395009827196,4.113681213492447,3.91415749445039e-05,-0.2722105281495773,0.05585259512027648,-4.873731069494301,1.1059668981560284e-06,0.19532722512929943,0.06329258812976991,3.0860995086631084,0.0020315947368862463,-0.28437423707672943,0.06856237455628166,-4.147671939852252,3.376679877055438e-05,-0.2317584915614652,0.06870769958684461,-3.373108006163544,0.0007450725339512153,-0.25366591935466065,0.019099834465577514,-13.281053289327064,4.94145061168263e-40,0.0690710239697058,0.02470800312501085,2.795491955389473,0.005188471777568829
0.486,0.025299272786659666,0.024920846206921032,15461,0.014086135219681533,0.0456857956024269,0.30832636345580583,0.7578381631120915,-0.2432099728040492,0.0567171495409682,-4.288120520379336,1.8128456691992566e-05,0.3308651130269024,0.06427230781417806,5.1478642090072215,2.6670099953228694e-07,-0.27357659889103747,0.06962366640651899,-3.929362140937496,8.554216367989708e-05,-0.21282052987854744,0.06977124095471564,-3.050261496949389,0.002290294796102711,-0.357983968365795,0.019395484941372512,-18.457077482098903,2.9417161271051395e-75,0.07311138387072143,0.02509046365853113,2.9139112320015848,0.0035744307725839365
0.54,0.03835069002086278,0.03797733064077502,15461,-0.1571313436224323,0.046417683979485834,-3.385161217691862,0.0007131342507449355,-0.22328562667858212,0.05762576067450711,-3.8747536529675832,0.00010717318187051104,0.46062961465047636,0.06530195290267142,7.053841335143785,1.8143009002180897e-12,-0.2702782444419533,0.07073904048590687,-3.8207790575813654,0.00013355157601179968,-0.19425878843606448,0.07088897918460478,-2.740324246032483,0.006144907054397704,-0.462795351728527,0.019706201430137304,-23.484756987247664,7.269801060279497e-120,0.06747786281927555,0.025492413947117612,2.646978154334622,0.008129695358607998
0.594,0.05277139019863608,0.052403629640928706,15461,-0.3523299724829756,0.047388633577899,-7.434904657122134,1.1012798898061526e-13,-0.18699733395599083,0.05883115707493703,-3.1785425147732567,0.0014830917821591271,0.5915034520659291,0.06666791732636963,8.872385335966804,7.931791687012181e-19,-0.22207133752512853,0.0722187360903295,-3.0749823321106993,0.002108823030073484,-0.16132581436772264,0.0723718111566099,-2.229125011375211,0.025819906884808074,-0.5701704018293312,0.020118409164872557,-28.340729983008227,2.6866180063226546e-172,0.05464433730887908,0.026025655741246656,2.099633448323695,0.035777271113551876
0.648,0.06698681047974908,0.06662456904470815,15461,-0.5037023752281473,0.048290758960249154,-10.430616251916296,2.1821470261650226e-25,-0.17571301559558145,0.05995111087109548,-2.930938443716125,0.0033843457731720533,0.6880641918802057,0.06793705753716882,10.12796574982308,4.934926378349521e-24,-0.23844636840198308,0.07359354582822239,-3.2400445680189156,0.0011976376751495906,-0.1691185655539707,0.07374953494566382,-2.2931475524363862,0.021852874622371968,-0.6631687022859029,0.020501398210764823,-32.347486521074835,3.575775471065219e-222,0.060255052108518815,0.026521099539977236,2.271966590890844,0.023102209062001215
0.702,0.08065774370149448,0.08030080999256528,15461,-0.6137632393205954,0.049186383907092325,-12.478315959960113,1.4546771277497513e-35,-0.1668969810430089,0.06106299462780579,-2.7331935169620767,0.006279481200509953,0.7686964818767036,0.06919705271751987,11.108803795657597,1.4581432262805959e-28,-0.22923886048830872,0.07495844911385222,-3.0582124256616416,0.0022304244029566463,-0.1650983829960724,0.07511733128470643,-2.1978733825130674,0.0279729085664895,-0.7501303417806319,0.02088162755646306,-35.92298252386268,1.6992319264081828e-271,0.0737555783559884,0.02701297332446811,2.7303761592649725,0.006333378715989263
0.756,0.09278640352241574,0.09243417875349724,15461,-0.6924508398029758,0.05010145797326187,-13.820971840231133,3.441688081271893e-43,-0.15151872076459968,0.0621990237144754,-2.4360305309637384,0.014860650656587622,0.8344575610169376,0.07048440957052159,11.838895524577529,3.384442073898819e-32,-0.23100605295279023,0.07635299222468425,-3.0255009819786474,0.002486296922041759,-0.17570549951083989,0.07651483027362051,-2.2963587435600266,0.021668692760670225,-0.8287206103210636,0.021270113847149198,-38.96173834688411,0.0,0.07442797416940045,0.02751552849067105,2.704944380575308,0.006839068696968507
0.8099999999999999,0.10479032267903754,0.10444275841969197,15461,-0.7739583955227326,0.051207769338000475,-15.114081428038114,3.039272821184894e-51,-0.12592844860136634,0.06357246651623366,-1.98086460227573,0.047624159158321806,0.9207037473599381,0.072040805461962,12.780308902099597,3.259519653217039e-37,-0.20775514930401978,0.07803897475786815,-2.6621973180532232,0.0077712706654811765,-0.14187049380626934,0.07820438642082739,-1.8140989310094044,0.06968187976995019,-0.9090502895808746,0.021739788176605705,-41.815048159443805,0.0,0.07507076093598862,0.028123110447512787,2.669361949706665,0.0076074923536350965
0.864,0.11131862035738016,0.11097359070306045,15461,-0.7817953955140485,0.052433986419594576,-14.910088835471255,6.300600871308374e-50,-0.11686272819341136,0.06509476763126049,-1.7952706868146238,0.07263011413810756,0.9238952644150805,0.07376588873294333,12.524695089892889,8.164033594771266e-36,-0.2191862646569458,0.07990768970318363,-2.742993389886645,0.006095205734340085,-0.1539409953970929,0.08007706230037683,-1.9224106251506243,0.05457247032441072,-0.9659088534160369,0.022260367376930473,-43.39141565188436,0.0,0.0727464504999166,0.02879654416399977,2.5262215523368656,0.011539577297884428
0.918,0.11922859054756085,0.11888663193123394,15461,-0.7785993779813567,0.05352190432622929,-14.547303347720968,1.2539979291533702e-47,-0.11257725965872961,0.06644537566566715,-1.6942828380591002,0.09023169943473469,0.9493543032660988,0.07529640809130748,12.608228298418608,2.869509542384759e-36,-0.20580954947727628,0.08156564120452928,-2.5232382954141213,0.011637903023564105,-0.15903442146073252,0.08173852800107982,-1.9456482193884328,0.05171511664255797,-1.0271409182918023,0.022722232932675817,-45.20422448511728,0.0,0.07470136937034448,0.029394024504222484,2.541379434436191,0.011051288645031587
0.972,0.12553541569749216,0.12519590569970418,15461,-0.7480887535962888,0.05456681260938018,-13.709592292874559,1.5775721599842602e-42,-0.12379878470890594,0.06774258891478735,-1.8274882417710823,0.06764566550604009,0.9451845081050964,0.07676642007045076,12.312473438746698,1.1283133647004506e-34,-0.23054937277198517,0.08315804743872521,-2.772424075275034,0.005570711545091323,-0.1807322953325898,0.08333430950467317,-2.1687621389897616,0.030115947719966143,-1.0792507000709177,0.023165839147774585,-46.58802528958228,0.0,0.06892652647749858,0.029967884124246325,2.3000131137630673,0.021460737090420318
1.026,0.13361479491938033,0.13327842173247173,15461,-0.7144832692556126,0.05547843608358279,-12.878576248601982,9.292868255957802e-38,-0.13365237353611248,0.06887433422489113,-1.9405250887755314,0.052334071311679844,0.9677367255842313,0.07804892251507205,12.39910423359594,3.88271308125238e-35,-0.2444690238329884,0.08454733195964233,-2.891504890416682,0.0038393607146999013,-0.20937662705703933,0.08472653875754814,-2.4712047739396925,0.01347656907985099,-1.1377937325402891,0.023552860521331646,-48.3080911343995,0.0,0.07405666437672331,0.03046854423858019,2.43059411689747,0.015085390729049691
1.08,0.13725840243325327,0.13692344387330757,15461,-0.6646835577514745,0.05647672005398308,-11.769160055968882,7.696503457695635e-32,-0.14702979993665147,0.07011366519170342,-2.0970205955521717,0.036007961000917695,0.9589396275002107,0.07945334184903498,12.069217042150855,2.1703644631497933e-33,-0.2807791928647795,0.0860686842578265,-3.262268910997641,0.0011076396883546878,-0.24401763883582026,0.08625111571897745,-2.829153417920716,0.004673143767735555,-1.176113318912277,0.023976672812653192,-49.05239889212683,0.0,0.07404797392391152,0.031016797964928604,2.3873506868000764,0.01698224085071189
1.134,0.14047466195947478,0.1401409521090643,15461,-0.6077906781622883,0.05742713961827944,-10.583683641607399,4.357021419148151e-26,-0.17618446076458213,0.07129357434823773,-2.4712530178946928,0.01347475172421559,0.9607068288579045,0.08079042393294263,11.891345311609046,1.818776670288461e-32,-0.2961493295069182,0.08751709275806685,-3.3839027345846193,0.0007164084665694197,-0.24936914817978917,0.08770259427055321,-2.8433497350205146,0.004470060883143999,-1.2113928603611834,0.024380164709953467,-49.687640537827015,0.0,0.06230783585620786,0.031538764743089906,1.9755953146471728,0.04821839157627213
1.188,0.1426471563877446,0.14231429000611695,15461,-0.5555583421713446,0.058227205693612845,-9.541215923955729,1.6180762070437469e-21,-0.18665943605975954,0.07228682545920076,-2.5822054693093635,0.009826225420457801,0.962491943535083,0.08191598369145056,11.749745289764942,9.666454955516443e-32,-0.33171510773889734,0.08873636743190502,-3.738209229642521,0.00018600389059934995,-0.27877449575700886,0.08892445332292825,-3.134958780625191,0.0017220016806908415,-1.238566704121899,0.024719825414371795,-50.10418493497175,0.0,0.059005759217705386,0.03197815796198594,1.8451894348588973,0.06502910636628885
1.242,0.14128345222630645,0.1409500563879058,15461,-0.49525666189219714,0.05901025120049126,-8.392722481548665,5.157480000710298e-17,-0.19355697617287673,0.07325894619225082,-2.6420933719812476,0.008247833956606995,0.9331393220639622,0.08301759834403473,11.240259182118503,3.357117668679672e-29,-0.353985663870862,0.08992970331307178,-3.9362485455838065,8.312785325293572e-05,-0.3162832006846843,0.09012031860268316,-3.509565940163771,0.00045011601390986775,-1.2478333531701973,0.025052260192770685,-49.80921256479221,0.0,0.05694625242767291,0.03240820354999066,1.7571554788537274,0.0789111110685471
1.296,0.14195926255997637,0.14162612910425998,15461,-0.45109183674699854,0.05946744784599856,-7.585525410728578,3.4996043713148934e-14,-0.2104758795747578,0.07382653815756375,-2.8509514983020225,0.0043646345753709705,0.9240288732057991,0.08366079790188796,11.044944542477841,2.9582036935680475e-28,-0.38038537024346586,0.09062645612889203,-4.197288369110106,2.7164024163914037e-05,-0.3234193969554597,0.09081854825802231,-3.561160172221658,0.0003703293521793981,-1.259664979334637,0.025246358829693883,-49.89491703861324,0.0,0.0535815579515574,0.03265929419354057,1.6406220426574583,0.10089624725880973
1.35,0.1419874320198723,0.1416543095009205,15461,-0.39911600847762013,0.05994352658424624,-6.658200329883692,2.865441491493611e-11,-0.2304573291908376,0.07441757151124435,-3.0968133534969753,0.0019596324727082738,0.8821337508824311,0.08433056142039426,10.460427821474202,1.5972941705050305e-25,-0.4251285016720951,0.091351984639842,-4.653741277194768,3.2867237059657863e-06,-0.33393111398835135,0.09154561460154749,-3.6477019182381083,0.00026546639086445247,-1.2672289272935295,0.02544847368567551,-49.79587156957197,0.0,0.043346366061748604,0.032920754809977075,1.316688098798145,0.18796271986223342
1.404,0.14019871369651926,0.13986489670947244,15461,-0.3583429148392592,0.060321675705516914,-5.94053316072726,2.9019627341352208e-09,-0.2585208625259816,0.07488702903030649,-3.452144728846957,0.0005576375078252246,0.8386400759498338,0.08486255427290963,9.882333652753955,5.809216778086024e-23,-0.4410542021211239,0.09192827160002506,-4.797808056700194,1.6190944555335378e-06,-0.3333080108915486,0.09212312306143276,-3.6180711184669727,0.0002977533925726841,-1.2636172666470211,0.0256090134221622,-49.342676573142754,0.0,0.03301070224522706,0.03312843285650415,0.9964462366273996,0.3190489786461513
1.458,0.13697710300961674,0.13664203523545193,15461,-0.3274188169712287,0.060606076024184594,-5.4024091056575525,6.67250274834876e-08,-0.28027632846993716,0.07524010103421215,-3.725092399098371,0.00019593837757436887,0.7904370676068774,0.08526265816916068,9.270612535192772,2.0905454828540253e-20,-0.46142314876601404,0.09236168843455152,-4.995828428288028,5.922346036482431e-07,-0.3339405109714436,0.09255745856768159,-3.6079265370845657,0.00030962787383750646,-1.2498094214336903,0.025729752965499553,-48.57448196683161,0.0,0.021371775730122052,0.03328462442033515,0.6420915393314466,0.520823273185
1.512,0.13435172507209225,0.13401563799757632,15461,-0.28302242289398166,0.06087275676150515,-4.649410310146492,3.3563956850237873e-06,-0.3283581326646331,0.07557117486271525,-4.345018232959033,1.4015268832013695e-05,0.7145284969814376,0.08563783356473303,8.343607810224794,7.809022634704227e-17,-0.4860141695967554,0.0927681012034968,-5.239022501178839,1.6354939821787415e-07,-0.3262107478216539,0.09296473277044462,-3.508973113784531,0.00045111968232688725,-1.236598510840592,0.02584296982331389,-47.85048000655912,0.0,0.010449051110159802,0.033431084458076424,0.3125549553519038,0.7546230222193583
1.566,0.131868701753321,0.13153165064749206,15461,-0.25819616110522464,0.06118591414477884,-4.219862769301408,2.458460914694222e-05,-0.35222113541475175,0.07595994765090434,-4.6369323085040115,3.5651375343660516e-06,0.6573623775228065,0.08607839386288794,7.636787212478686,2.357142573446803e-14,-0.4879719320280378,0.0932453428690579,-5.233204329714188,1.6877486310467936e-07,-0.3443080623650401,0.09344298599898151,-3.684686000603543,0.00022976676306888917,-1.227918901699028,0.02597591791432277,-47.27143447823917,0.0,0.012958771479044649,0.03360306929145452,0.38564249493542985,0.6997667648248008
1.6199999999999999,0.13205776695856697,0.13172078925711428,15461,-0.21661116661809865,0.0615494672353771,-3.519302056502545,0.00043392787588062613,-0.40349320762846796,0.07641128476200518,-5.280544737406395,1.3054466915247207e-07,0.6110957226824457,0.08658985253045869,7.057359549925181,1.769112543704562e-12,-0.5092572915843699,0.09379938595328356,-5.429217754559755,5.7455737224165834e-08,-0.37350996042503953,0.09399820343471804,-3.973586162042374,7.111999343291271e-05,-1.2331940187805372,0.026130261040038488,-47.19409488068095,0.0,0.015997792530811555,0.03380273125393806,0.47326922817657796,0.6360277977434134
1.674,0.129531617280496,0.1291936588039645,15461,-0.15978187793839913,0.061855786462961186,-2.5831355007356573,0.009799786917168275,-0.4292395885958698,0.07679156824419187,-5.589670824678533,2.3134735724264568e-08,0.5409097876309021,0.0870207926820983,6.215868311001685,5.235174631437911e-10,-0.5513035939248391,0.09426620649200883,-5.8483693620531385,5.064382377842567e-09,-0.4140588776808621,0.094466013447765,-4.383151808452423,1.1774628784458997e-05,-1.2219834364942013,0.02626030605485146,-46.53348037687649,0.0,0.027254491853132914,0.03397096059844792,0.8022879357252597,0.42239875634384416
1.728,0.12900372810510852,0.1286655646761341,15461,-0.1384722750642179,0.06209364508115465,-2.230055505410232,0.025758063150778786,-0.4286615727979329,0.07708686052573792,-5.560760548223526,2.7305221444408938e-08,0.5173979305981384,0.08735542015488709,5.922905867555291,3.2301416710676486e-09,-0.5652488896080002,0.09462869528894548,-5.973334915820535,2.3755216021807142e-09,-0.4128215212783003,0.09482927057712645,-4.3533132625178705,1.3495719894435503e-05,-1.2224875745572394,0.02636128674669481,-46.374351385199944,0.0,0.0326096416759707,0.034101591638948714,0.956249843738261,0.33896098138673136
1.782,0.12873453619731068,0.12839626825484807,15461,-0.1160046056858355,0.06225865763906747,-1.8632686614984502,0.062443431509206566,-0.42447644447332866,0.07729171723885558,-5.491874933527012,4.03965298268431e-08,0.5044357500283739,0.08758756534959207,5.7592164825565995,8.611164648962913e-09,-0.5643894762234833,0.09488016905958936,-5.948445094664822,2.7654426461237617e-09,-0.40511478485588376,0.09508127737238684,-4.260720891130306,2.0497497585518243e-05,-1.2238695789512475,0.026431341312669478,-46.30372573504635,0.0,0.03748183456526048,0.03419221590263764,1.0962095779925476,0.2730041510079263
1.836,0.12743574714538675,0.12709697494937744,15461,-0.11114724091495895,0.06268393507226386,-1.7731375796178908,0.0762256042502508,-0.4166329848474957,0.07781968273572257,-5.35382528173998,8.734454733616401e-08,0.5127897017533012,0.08818585989021227,5.814874429888228,6.187725251847457e-09,-0.521402868241987,0.09552827803413272,-5.458099726823163,4.8867173857625904e-08,-0.4053795417693699,0.09573076008080601,-4.234579788431539,2.303036683692754e-05,-1.22713060542724,0.02661188894115443,-46.11211959213921,0.0,0.02888682091796469,0.03442577663725338,0.8391044077914923,0.4014237021279844
1.89,0.12455258513116851,0.12421269355039888,15461,-0.10551357827097142,0.06331059951050924,-1.666602102756217,0.09561381522524187,-0.41814824775518683,0.07859766241599941,-5.320110482955893,1.0515011272795562e-07,0.5087924579829057,0.08906747241638147,5.712438493868471,1.134190766987349e-08,-0.5192614046895354,0.09648329425354835,-5.381878891126674,7.478735361834844e-08,-0.38540502470464594,0.09668780055568496,-3.986077069595573,6.748335903787379e-05,-1.2225502940351303,0.026877933573080156,-45.485278498477534,0.0,0.02775685640311882,0.034769938342364505,0.7983004206049804,0.42470844104144134
1.944,0.123231833094263,0.12289142873283976,15461,-0.10375438896853184,0.06385948651474717,-1.6247294588654684,0.10424061016480475,-0.4208077302056505,0.07927908441795758,-5.307928734231609,1.1241010704714979e-07,0.5161306498677855,0.08983966504269766,5.745019748487336,9.364057003820908e-09,-0.5083620544062722,0.09731978019352189,-5.223625180774006,1.777317480139878e-07,-0.3583566861517554,0.0975260595139587,-3.674471089447273,0.00023914814840186936,-1.2255815610811138,0.027110958509711586,-45.206131706560306,0.0,0.029728590791862596,0.035071384979133605,0.8476594468553265,0.39664078471541175
1.998,0.12282545638646059,0.12248489424968811,15461,-0.11171345480582352,0.06437536989358701,-1.7353446666090888,0.08269970897198421,-0.4268490379383073,0.07991953369453328,-5.340985090951612,9.375152514220715e-08,0.5129065528865238,0.09056542706311986,5.663381375423228,1.5106051635820695e-08,-0.5028905684990078,0.09810596968194804,-5.125993557062227,2.995437980566738e-07,-0.35768092238488625,0.09831391541216386,-3.6381515361825603,0.00027549594495379745,-1.233018347718125,0.027329972060287932,-45.11597542061792,0.0,0.031189475906508224,0.0353547061514617,0.8821873889402623,0.37768920171643783
2.052,0.12086016601272176,0.12051884085393283,15461,-0.10342288712004921,0.06502212515379169,-1.5905799276081987,0.11172459919876311,-0.44920307723222586,0.0807224553537872,-5.564784609975951,2.6683793190116366e-08,0.5003219008820948,0.091475304030702,5.46947513521432,4.5838094150223305e-08,-0.5223464126783945,0.09909160366050482,-5.271348866933187,1.3724638744194633e-07,-0.34960647608860584,0.09930163854368514,-3.520651634915427,0.00043172733365074995,-1.2317308826941225,0.027604546066160925,-44.62058096307701,0.0,0.03486445270738642,0.03570990165890881,0.9763245231085235,0.3289189534334004
2.106,0.12043015799771262,0.12008866588874312,15461,-0.10602277910926776,0.06558500060065046,-1.6165705289056023,0.10599142871636745,-0.4611803365002817,0.08142124346662313,-5.6641278966628965,1.5040577446341963e-08,0.50514017110717,0.0922671760667365,5.474754865606855,4.449482170734829e-08,-0.5105425784669764,0.0999494075320091,-5.10801005302081,3.2944426969042486e-07,-0.34100297175965627,0.10016126061904612,-3.4045395360650343,0.0006644411466590335,-1.2396223750161959,0.027843509667636164,-44.52105319384603,0.0,0.028088002250007037,0.0360190306946947,0.779810053415573,0.4355146302304146
2.16,0.11969866829080655,0.11935689218169199,15461,-0.10992793809609434,0.0663843264693083,-1.6559321144414672,0.09775586990675106,-0.4633415249823288,0.08241357563960652,-5.622150493852071,1.918570079095601e-08,0.5046439889676897,0.09339169447769491,5.4035210710114665,6.631328518691813e-08,-0.5129727941352482,0.10116755415495152,-5.070526795078612,4.0130474087347315e-07,-0.3669320091117856,0.1013819892295051,-3.6193017310119786,0.00029634230073452523,-1.2511670473206162,0.02818285612410849,-44.3946150032086,0.0,0.03020304515120887,0.03645801739492452,0.8284335602794892,0.40743780074990443
2.214,0.11653155747829169,0.11618855174158071,15461,-0.0917164276906063,0.06734843715932877,-1.3618196881633533,0.17327464743873053,-0.4954242114865419,0.08361048179958226,-5.925384004772201,3.1819113261068452e-09,0.4781745472849422,0.0947480376959499,5.04680158991179,4.543703364673561e-07,-0.5392591445908996,0.1026368274854433,-5.254051180287907,1.5076544724811434e-07,-0.3990887302278887,0.10285437683649389,-3.880133665700141,0.00010483227410437502,-1.2480580623170527,0.028592160463094658,-43.65035877327228,0.0,0.03806836544715446,0.03698750328680368,1.0292223606435313,0.30339130491469146
2.268,0.11416338999911468,0.11381946482375516,15461,-0.05864690247409075,0.06850223139883176,-0.856131271587905,0.39193844705654723,-0.5176665938454115,0.08504287275520615,-6.08712496502208,1.1767307241841172e-09,0.4458366212913911,0.09637123408637506,4.626241694609817,3.75382858033175e-06,-0.5733577755926905,0.1043951723752202,-5.492186683996374,4.032540557441298e-08,-0.43125187974503204,0.10461644871977853,-4.122218685707505,3.7719943277806846e-05,-1.2523227359612634,0.029081993210946237,-43.06179177188924,0.0,0.04309751399819987,0.03762116265628469,1.1455657123611074,0.25199263034866504
2.322,0.11085478182161834,0.11050957208245238,15461,-0.047512132966728966,0.06948423209152853,-0.6837829466711717,0.49412248888304255,-0.528802043223731,0.08626198866207806,-6.130186092686263,8.990928555681512e-10,0.4326434194671334,0.09775274555974404,4.42589532385781,9.670073474979258e-06,-0.5737823482773334,0.10589170948785523,-5.418576686054358,6.09750258965467e-08,-0.4485464679127615,0.10611615789731126,-4.2269384493436,2.3825298116288857e-05,-1.2487311971196335,0.02949889258626555,-42.33146018847612,0.0,0.03951663172503038,0.03816047366899368,1.0355382919981575,0.3004337965888229
2.376,0.10981496625618914,0.10946935280967274,15461,-0.03795250959941901,0.07039008832838795,-0.5391740584606279,0.5897745256445002,-0.5254751561667167,0.08738657416991687,-6.013225271252404,1.8596427023231424e-09,0.4169833277056093,0.09902713446165756,4.210798686364711,2.5590976690055483e-05,-0.5903686633382506,0.10727220492666105,-5.503463490303651,3.78327505500274e-08,-0.45852709563285543,0.10749957943870811,-4.265385018499434,2.0074418044421577e-05,-1.2575454112113806,0.029883465532175288,-42.081645780252344,0.0,0.044382195961617035,0.03865796643870628,1.1480737361595763,0.250955896381954
2.43,0.10907520175123686,0.10872930109189338,15461,-0.0481110792826075,0.07127237749853688,-0.6750312108445541,0.4996660347062998,-0.5360772932356817,0.08848190207527253,-6.0586095084126335,1.4048872629034791e-09,0.43204899895829363,0.10026836842458137,4.308926192244436,1.6506298412505648e-05,-0.5772571213217829,0.10861678492240201,-5.314621692532944,1.0836327915132991e-07,-0.4248550979212235,0.10884700941055098,-3.9032317031214694,9.531954639724147e-05,-1.2681472550399995,0.03025803329635472,-41.91109324983052,0.0,0.04083990786952609,0.03914251626580312,1.0433643967137058,0.29679587706254196
2.484,0.10884755145275393,0.10850156240841047,15461,-0.03700677709586105,0.07202631457111308,-0.5137952332591375,0.6074025068243256,-0.5467316085549268,0.08941788581214134,-6.114342825143048,9.928774893238156e-10,0.41888448769133957,0.1013290323566015,4.1339039557506405,3.585344151291597e-05,-0.5803016391324907,0.10976576049654664,-5.286727268206261,1.2621816990785158e-07,-0.43369762440211174,0.10999842035703371,-3.942762295989458,8.090358225188865e-05,-1.2791267924912548,0.030578110356304557,-41.831453205790595,0.0,0.03952981976426364,0.0395565756133717,0.999323605527193,0.31765360052272756
2.538,0.10893044188456535,0.10858448502234885,15461,-0.03682943883129464,0.07287965435966667,-0.5053459591004444,0.6133230748871592,-0.5556617623788445,0.09047727417910416,-6.14145118119811,8.377241586144718e-10,0.4034810206370704,0.10252953935963788,3.935266101428581,8.34683062521067e-05,-0.5828246959328988,0.11106622257641703,-5.247542253738729,1.5617887464647405e-07,-0.43950181168855745,0.111301638900529,-3.948745193961996,7.891025885476044e-05,-1.2938157170533817,0.0309403879264009,-41.81640256518539,0.0,0.041581198245496165,0.040025226551168774,1.038874775445386,0.29887923259388305
2.592,0.10930208135627706,0.1089562687827127,15461,-0.027660714872718706,0.07363323256360566,-0.3756553109199016,0.7071783211460105,-0.563998636279461,0.0914128123944297,-6.169798538151405,7.008137404241015e-10,0.4144584995134113,0.10358969842323638,4.00096250710238,6.337934827603825e-05,-0.614455177472523,0.112214651246432,-5.475712579840685,4.425528376421018e-08,-0.46155329960524916,0.11245250178366233,-4.104428912512696,4.0739605935647466e-05,-1.3100398540598837,0.031260312631966686,-41.90744569586427,0.0,0.056169026704917586,0.04043908880945869,1.3889785442390994,0.16485928933799485
2.646,0.10846442059853434,0.10811828280402092,15461,-0.035369693949457395,0.07457122791466607,-0.4743075169679641,0.6352873333699615,-0.5421360703840331,0.09257729737041204,-5.856036909512346,4.836635372526162e-09,0.4172542240780498,0.10490930170772904,3.9772853053630537,7.002413336509478e-05,-0.6101523399066067,0.11364412564984211,-5.36897385956046,8.032995944165341e-08,-0.45244265051875576,0.11388500610563505,-3.9728026189776777,7.135418876252913e-05,-1.321840081629248,0.03165852994364251,-41.75304677704065,0.0,0.05483183573792176,0.04095423225737978,1.3388563944582625,0.18063712098377882
2.7,0.10797755288795408,0.10763122606754039,15461,-0.0188575771975488,0.07536792382161005,-0.25020693474565125,0.8024306485585998,-0.5577633297483793,0.09356636454757242,-5.96115209183737,2.559171296028081e-09,0.3984601886271541,0.1060301202004397,3.7579905396117974,0.00017191329408056499,-0.6382695114620843,0.1148582642966814,-5.55701860349744,2.7895669930427253e-08,-0.4659710556500709,0.11510171824467179,-4.048341438826795,5.1833227901081026e-05,-1.3304764895810055,0.03199675987402297,-41.58160060016489,0.0,0.05581148794696957,0.04139177459272693,1.3483714698421356,0.1775586961587619
2.754,0.10699636874514296,0.10664966098096995,15461,-0.022609068273392856,0.07611398534829358,-0.2970422343533183,0.7664382573765502,-0.5596004585498269,0.0944925710985956,-5.922163531415899,3.2447273068244628e-09,0.40013650045931093,0.10707970455065233,3.736809903785575,0.00018704070561445852,-0.6378237781537761,0.11599523779506553,-5.498706587253613,3.8865450091093406e-08,-0.437980737064708,0.11624110167575546,-3.7678646429764364,0.0001652614898928016,-1.3354012103939938,0.032313493443293664,-41.32642645826778,0.0,0.040414522202246,0.041801508720708,0.9668197019459515,0.33364930302724694
2.808,0.10522024331111746,0.10487284596802604,15461,-0.003814293838998917,0.07702357834536892,-0.04952111964852972,0.9605046467672446,-0.5474467914527196,0.09562179564982129,-5.725125613176484,1.0527676320425931e-08,0.37768529330917017,0.10835935045202612,3.485488716328016,0.0004926013979072978,-0.6655164994348751,0.11738142793488908,-5.669691629616518,1.4561215087692626e-08,-0.4324278103160225,0.11763022998867673,-3.6761622446683027,0.00023757055902824445,-1.336651221930284,0.03269965279643439,-40.876618178528,0.0,0.04386378086034408,0.042301053704794055,1.0369429841264903,0.29977865427187544
2.862,0.10368235665335057,0.10333436222730674,15461,0.014011608271687778,0.0777830949794265,0.18013693432221778,0.8570474293543459,-0.5480715954265996,0.09656470619662609,-5.675692672958693,1.4060814753940825e-08,0.35889534665071465,0.10942786389806412,3.279743694759848,0.001041312901995635,-0.682153998376308,0.11853890657923642,-5.754684415958632,8.84487843767053e-09,-0.4399071168416583,0.11879016202849724,-3.7032285277641637,0.00021361378617144536,-1.3372434631008159,0.03302209860796806,-40.49541123888916,0.0,0.044648730470318775,0.04271817732612066,1.0451927789301452,0.29595022806718463
2.916,0.10286699449673076,0.10251868350714743,15461,0.04772033522340933,0.07863543851637673,0.6068553329612452,0.5439558381806349,-0.5641310867251799,0.09762285775572722,-5.778678269558075,7.674000802578557e-09,0.3329820671869391,0.11062696934096858,3.009953803946662,0.0026170898878684692,-0.7175092215591727,0.11983785040406987,-5.987333877734551,2.1803208350545545e-09,-0.4415550617650528,0.12009185909885732,-3.6768109435425855,0.00023696801760890557,-1.342152635248542,0.03338395322859583,-40.20352610903159,0.0,0.03942085642067434,0.04318628112635956,0.9128097023527473,0.361356874149826
2.9699999999999998,0.10134500952154801,0.10099610762282463,15461,0.06171428576307542,0.0794347015485591,0.7769184570467476,0.4372187725381328,-0.5639527372107652,0.09861511191965487,-5.718725317375667,1.0931064405242417e-08,0.31669009488896904,0.11175139935146816,2.8338803516271893,0.004604614066816059,-0.7125396810090526,0.12105590126626767,-5.886038380250384,4.0375319051034405e-09,-0.4331329441801434,0.12131249174559688,-3.570390303155769,0.0003575313560381495,-1.3434139882513636,0.033723273008419596,-39.83640579358822,0.0,0.03988153998749038,0.043625233317038145,0.9141851390835855,0.360633834156062
3.024,0.09979991581769021,0.0994504140378859,15461,0.08099782832552513,0.08008679917422878,1.0113755220671812,0.31185256648104825,-0.5794210743542372,0.09942466591915779,-5.827739716272867,5.730185501776597e-09,0.2737056716946821,0.11266879213776583,2.429294452362712,0.015139559931306836,-0.7273994782858331,0.12204967683601384,-5.959864025393269,2.5793779963156975e-09,-0.4333369617078853,0.12230837372525054,-3.542986865979586,0.00039678881632015825,-1.338519622486668,0.03400011506648609,-39.368090957022865,0.0,0.0327455219550769,0.04398336283110116,0.744497915741953,0.4565866221856666
3.078,0.09907065083935418,0.09872086592315354,15461,0.10264703885312221,0.08068696191326476,1.272163883967569,0.20333403847608858,-0.5881165546783453,0.10016974476412403,-5.871199493052719,4.415235558166605e-09,0.25404158929995113,0.11351312118563014,2.2379931645480187,0.025235688169869253,-0.7459285990875898,0.12296430532789554,-6.066220575950908,1.3400851098401614e-09,-0.4319874029383546,0.12322494086663785,-3.505681560081898,0.0004567304572606516,-1.340742451782646,0.034254908645405986,-39.14015552227889,0.0,0.03787656947158416,0.04431296990468766,0.854751318926547,0.39270208364426984
3.132,0.09934602889234367,0.09899635089139591,15461,0.11603890412876416,0.08102237217779734,1.4321834946294307,0.1521115393251862,-0.5793018601830884,0.10058614364434972,-5.7592610591710445,8.608895971835062e-09,0.24254607860902794,0.11398498758265373,2.127877396426007,0.03336303181751316,-0.7548628608915677,0.12347545966064176,-6.113464675217426,9.983458072993526e-10,-0.42501333573785915,0.12373717864375876,-3.434807067659746,0.000594533072847959,-1.3468990480365426,0.034397303992781264,-39.15711092704264,0.0,0.03278794076828806,0.04449717593507374,0.7368544200676749,0.46122207062839604
3.186,0.09800221235664774,0.09765201262027778,15461,0.14618608643502595,0.08144074811545907,1.7949993070763177,0.07267334352234397,-0.5829177834512188,0.10110554120124468,-5.765438536063567,8.300057322362968e-09,0.1942679867849405,0.11457357286814257,1.695574135656174,0.08998670273336568,-0.7778458979562951,0.12411305098048575,-6.267236940928924,3.7725590155419155e-10,-0.41059176817821347,0.12437612140422369,-3.3012105824058136,0.00096486776670877,-1.3373241415950234,0.0345749216547208,-38.679021602712076,0.0,0.02026014905498608,0.04472694639482136,0.45297411712711666,0.6505737385778163
3.2399999999999998,0.0962930983753364,0.09594223507717736,15461,0.1790324447507188,0.08191119261797505,2.185689635672951,0.028853275560979923,-0.5876152058348024,0.10168957986902062,-5.778519358538695,7.68123542550822e-09,0.1566115905925704,0.11523540995506394,1.3590578681816736,0.1741480849538361,-0.7989794745542245,0.124829993099454,-6.4005408853757215,1.5928953517705015e-10,-0.42450351721494534,0.12509458315602298,-3.3934604241455246,0.0006918878831504968,-1.3288554150342489,0.03477464454766776,-38.213342862863904,2.224640939356153e-305,0.02812041631391545,0.04498531271061133,0.6251021637842763,0.5319132375353042
3.294,0.09477489328073907,0.09442344054097485,15461,0.21363386633272338,0.08228902789132872,2.5961403580420135,0.009436675777235986,-0.5996651441872393,0.10215864775802362,-5.869940111263278,4.448829923498029e-09,0.12207110191073954,0.11576696127581519,1.0544554384554046,0.29169093707998206,-0.8274847597158109,0.12540580176562058,-6.598456754515659,4.289703590085437e-11,-0.42812758472083434,0.1256716123080982,-3.4067167346530978,0.0006591679471980638,-1.3186734172606933,0.034935051042903696,-37.74642881274832,2.4895621125775195e-298,0.02694657170198934,0.04519281839306657,0.5962578272419374,0.5510117329099709
3.348,0.09343266401531425,0.09308069015638398,15461,0.26370005251410084,0.08256697960844546,3.1937713328577173,0.0014070893207649036,-0.62074654507213,0.10250371407233426,-6.055844421735635,1.4291780975809926e-09,0.07308347039194832,0.11615799306336398,0.6291729778086077,0.5292451176859703,-0.8757359561198452,0.12582939114114688,-6.959709080508098,3.546880517294701e-12,-0.465811464493421,0.12609609952503306,-3.69409891541448,0.000221428759508617,-1.3076815241247322,0.03505305289167701,-37.305781272912405,9.603624332338752e-292,0.03364702033832412,0.04534546840966764,0.742015057256539,0.45808948950288897
3.402,0.09252187522605504,0.09216954775429076,15461,0.2976831102617821,0.08285405862292412,3.5928609317325457,0.0003280832388264683,-0.6444996105239466,0.102860111573561,-6.265787589225285,3.8077296019625607e-10,0.03486638305652505,0.1165618654386233,0.2991234133506919,0.7648499046904658,-0.8893391685740841,0.12626689022095525,-7.043328358034508,1.9561853614681484e-12,-0.4649864454134851,0.1265345259293041,-3.6747792114325932,0.0002388599873067889,-1.2999937377274864,0.03517492965071958,-36.95796269207015,1.3667963832712447e-286,0.0283042171174856,0.04550313110296046,0.6220279007491005,0.5339326985061743
3.456,0.09109473249291478,0.09074185093441578,15461,0.3203119009260347,0.08314938135898535,3.8522463509756575,0.00011751177833260278,-0.6542462917938555,0.10322674333652285,-6.337953428027748,2.392913984016545e-10,0.011793363204524586,0.11697733535758525,0.1008175059593701,0.9196966377455926,-0.8890872865311232,0.12671695246429932,-7.016324724046775,2.3724174224643176e-12,-0.451367800413757,0.12698554212603283,-3.554481816250984,0.0003798548990120539,-1.2895765599499347,0.03530030620604909,-36.53159699019698,2.498039425632788e-280,0.018515281880204897,0.04566532121651708,0.4054560744775392,0.6851479128687725
3.51,0.09080189139531658,0.09044889614155516,15461,0.3383151766397839,0.08336899351417147,4.058045592001484,4.9728460417398904e-05,-0.661043264981741,0.10349938333944848,-6.386929502890926,1.74086352280339e-10,-0.0029317906476293574,0.11728629309492423,-0.024996873635153155,0.9800577800515426,-0.8822916813319283,0.12705163424514332,-6.944355234577825,3.953473867411809e-12,-0.44400428541331993,0.1273209332994605,-3.4872842501791594,0.000489308388242844,-1.2880846965069073,0.035393540529599504,-36.39321405073014,2.6114276693443083e-278,0.004317065524765997,0.04578593136954189,0.09428803555228828,0.9248815761975138
3.564,0.09014637677505655,0.08979312701840125,15461,0.3597917223116531,0.08368068151228501,4.299579255444193,1.7217153534115104e-05,-0.6754282540840975,0.10388633194275117,-6.501608454674354,8.190260969161726e-11,-0.004990047271677405,0.11772478621280867,-0.042387397184625156,0.9661904225085065,-0.880486957217563,0.1275266366155173,-6.904337639454582,5.240283148888475e-12,-0.4309393961400047,0.12779694248639298,-3.372063429341343,0.0007479020816426566,-1.286522609951604,0.035525864806633584,-36.213688729440236,1.0638985857060222e-275,0.0038011043894511354,0.045957109222227746,0.08270982343712521,0.9340833448596084
3.618,0.08985865064981946,0.08950528918378464,15461,0.370373506510384,0.08391801159694437,4.413516234027047,1.0239406825248033e-05,-0.675125701267685,0.10418096807034177,-6.480317026924227,9.430067329859439e-11,-0.012177312400573662,0.1180586701269148,-0.10314627792675347,0.9178482147609708,-0.8769695329687692,0.12788831994454036,-6.85730748006599,7.283017186200315e-12,-0.4313403692355633,0.12815939244056848,-3.3656555405066335,0.0007654793022558103,-1.2873464736580098,0.03562662111441912,-36.134397071323264,1.5004418571754816e-274,0.0017359954856882125,0.04608744999413947,0.03766742325533228,0.969953336560389
3.672,0.08909151681840322,0.08873785751342778,15461,0.36915133301882364,0.08402474135641307,4.3933647049619715,1.1235260058136377e-05,-0.683106061028586,0.10431346894174907,-6.548589246994052,5.991594699463169e-11,-0.015521730974611752,0.11820882112818444,-0.13130772159363763,0.8955335929842475,-0.8373225621481383,0.12805097262620893,-6.538978540931119,6.388356948931223e-11,-0.3996946338878574,0.12832238988138644,-3.1147692484321037,0.0018442554753109741,-1.281796470841564,0.03567193225358775,-35.93291391476686,1.2221518541260844e-271,-0.008872746689973805,0.04614606556854113,-0.19227525858721456,0.847529123960381
3.726,0.08818913282123053,0.08783512316657327,15461,0.3933084720128864,0.0843846029462435,4.6609032724067,3.1745427783995296e-06,-0.695548136790789,0.10476022319731859,-6.639429695378809,3.2539471392115285e-11,-0.057916700646652414,0.11871508646880276,-0.4878630203573359,0.6256537904203104,-0.8445950184408554,0.12859938998334353,-6.567644049868737,5.274927568308589e-11,-0.41058507560892,0.1288719696657226,-3.185992087138306,0.0014454526744251313,-1.275819118574207,0.0358247081865555,-35.61282654224114,4.822473262024916e-267,-0.008131087654476444,0.046343700172966455,-0.17545184402905165,0.860726905329293
3.78,0.08808843335157968,0.08773438460045435,15461,0.3982475584172164,0.08473270451875894,4.700045403708889,2.6234732310279965e-06,-0.6783290079476411,0.10519237784590167,-6.448461588551009,1.1634521926263957e-10,-0.07397545914693929,0.1192048074230795,-0.620574461266373,0.5348887988240365,-0.8272515783496434,0.12912988545662607,-6.406352607100485,1.5335284217747325e-10,-0.4120313896967534,0.1294035895789238,-3.1840800632926314,0.0014550282914127498,-1.2804001858528884,0.03597249151217702,-35.5938699831081,9.002770294777416e-267,-0.006182780435829486,0.046534876221002976,-0.13286336910978952,0.8943031670664214
3.834,0.0880808108256399,0.08772675911507644,15461,0.4191762431840252,0.08492671582293065,4.935740645593709,8.06791741407658e-07,-0.7130887522274855,0.10543323538173409,-6.763415251800434,1.3961150195002362e-11,-0.11131629883734764,0.1194777490255344,-0.93169062645763,0.3515109866085221,-0.8223542353454631,0.12942555237328204,-6.353878505951239,2.158306313972214e-10,-0.40743208836443745,0.1296998831921313,-3.141345067835464,0.0016849109608634322,-1.27817091191643,0.03605485722954932,-35.45072731196076,9.944324274291453e-265,-0.009619719868408769,0.04664142648487549,-0.20624840605010603,0.8365995949588949
3.888,0.08761310876741524,0.08725887547199684,15461,0.4496287950092352,0.08518914197199899,5.278005912502613,1.323625792643068e-07,-0.7315064384921627,0.10575902730335664,-6.916728123774506,4.803261872577405e-12,-0.14935463408168348,0.11984693892381677,-1.2462115046311186,0.21270564696136116,-0.8400715906239409,0.12982548128812643,-6.470775862248023,1.004350971083932e-10,-0.43365774609237984,0.13010065979759536,-3.3332478618251797,0.000860400647303797,-1.274559367782757,0.03616626784099563,-35.24166146715318,9.315361458058906e-262,-0.008106949428693182,0.04678554991907257,-0.17327891715959734,0.8624344640715799
3.942,0.08602664054452225,0.0856717913044075,15461,0.44094594662164904,0.08542942809367181,5.161522867016736,2.4798476745624875e-07,-0.7290813230595764,0.1060573332366523,-6.87440746254417,6.463100360417596e-12,-0.14764805978915344,0.12018498148982629,-1.2285067398512843,0.21927550874140467,-0.8007447304190561,0.13019166952140251,-6.150506659624791,7.91372914101925e-10,-0.4110031146371327,0.13046762420463345,-3.1502306962567976,0.0016345263923755356,-1.264898327323548,0.03626827910714677,-34.87616061370544,1.3441486293161898e-256,-0.01946882296510699,0.046917514135170424,-0.4149585357190253,0.6781780177204906
3.996,0.08632140841961355,0.08596667362283061,15461,0.4307051458052883,0.08552622235619986,5.0359425909341144,4.808590007391997e-07,-0.7074189193360565,0.10617749957260246,-6.662606693354413,2.7810415766372432e-11,-0.14989036550915247,0.1203211549011419,-1.2457523835463946,0.21287420155742784,-0.7769172196385349,0.13033918082892063,-5.960734252720934,2.565709243580435e-09,-0.38861878727132526,0.13061544817759543,-2.9752896207417012,0.002931647602901566,-1.2687686121723172,0.03630937222233758,-34.94328143166763,1.5290883751601707e-257,-0.02171783201028597,0.0469706731727726,-0.4623700395010541,0.6438224901863836
4.05,0.08593065126928146,0.08557576476142681,15461,0.43546765662943854,0.08595506838384451,5.066224305526652,4.10461876069495e-07,-0.6784672053355603,0.10670989534155519,-6.358053329205639,2.1006186961109067e-10,-0.15488613239850987,0.12092446985998655,-1.2808502082154765,0.2002655060008298,-0.7839198330330037,0.13099272822532199,-5.98445305822301,2.2191691146116013e-09,-0.39543041230005327,0.13127038083516912,-3.012335378203703,0.002596654836449367,-1.2731729675472951,0.0364914348648213,-34.88963841141438,8.689887235854298e-257,-0.011518442141454959,0.04720619376576741,-0.24400277214910315,0.8072319119898352
4.104,0.08549179387293426,0.08513673697913571,15461,0.44712668291261576,0.08653791312631147,5.166829968039394,2.4106037799329506e-07,-0.6888089785607473,0.10743347456310014,-6.411493078502094,1.482824517888258e-10,-0.18208100256979165,0.1217444353700919,-1.4956002055969304,0.13477828920348195,-0.7867176744993626,0.13188096465376142,-5.965361844029584,2.494199925207039e-09,-0.3840798473892807,0.13216049997241125,-2.9061621851419908,0.003664112335467226,-1.2740954687013228,0.03673887624734755,-34.67976157254699,7.617115767460511e-254,-0.01248246888848772,0.047526289862083536,-0.2626434532278992,0.7928289056479267
4.158,0.0851887085680656,0.08483353400170135,15461,0.45409211615565653,0.08713347365054243,5.211454302589137,1.897766836817557e-07,-0.6981674216747275,0.10817283993625587,-6.4541840824937555,1.1204458844390461e-10,-0.19803514832829364,0.1225822898679856,-1.6155282181591373,0.10621676772827264,-0.79566010122624,0.13278857951998355,-5.991931716586365,2.119686936531306e-09,-0.3879834899433673,0.13307003862203537,-2.915633706587955,0.0035547694417390288,-1.2785628492431098,0.03699171599823905,-34.56349116931949,3.20289574957456e-252,-0.009646129787252915,0.0478533694169568,-0.2015768148571544,0.8402502252868238
4.212,0.08523830950411326,0.08488315419526271,15461,0.48556936876347057,0.0877725213103718,5.532134220531868,3.2149496231254386e-08,-0.7223887929130658,0.10896619290753308,-6.6294762956990985,3.480413406715627e-11,-0.23195094648195252,0.12348132352514055,-1.8784293839766608,0.060341259017951315,-0.8442882132715286,0.13376246736628522,-6.311846887210837,2.8324421694775847e-10,-0.4510749037302817,0.1340459907241617,-3.365075682558074,0.0007670886688132861,-1.2871867963583568,0.03726301781315987,-34.543278346708995,6.128378917350895e-252,0.00812530937846595,0.048204331939850166,0.16855973418747489,0.8661451606485924
4.266,0.08519696438250746,0.08484179302145489,15461,0.496618608551145,0.08820079309182052,5.630545839130328,1.8276565292054958e-08,-0.7373530534573519,0.10949787577202748,-6.733948473964071,1.7094145015352105e-11,-0.2519136450703392,0.12408383061519845,-2.03018913762873,0.042354409583280905,-0.8510786184657406,0.1344151396301634,-6.331716953963975,2.4914244969060636e-10,-0.46416712971969454,0.1347000463942785,-3.445931476230067,0.0005706072769596417,-1.2915834854307375,0.03744483666469503,-34.49296619975674,3.0773335125381615e-251,0.015445519067239621,0.04843953715903743,0.31886182183220824,0.7498356054082412
4.32,0.08481656836795426,0.0844612493185306,15461,0.5095198012203462,0.08847008065740414,5.759232922974667,8.610327864550134e-09,-0.7503591188449071,0.10983218587706847,-6.831869117899185,8.694542203880979e-12,-0.2552616970853165,0.12446267338410498,-2.050909643388037,0.04029257184827933,-0.8623998647661195,0.13482552512058532,-6.39641391342482,1.6364102409050389e-10,-0.48709394802965195,0.13511130173911143,-3.605131042036657,0.00031297717128079373,-1.2926582134413753,0.03755916022750715,-34.41658987078931,3.5513811120238215e-250,0.01690612354015375,0.048587428856858954,0.34795262762226115,0.7278804997930431
4.374,0.08460426867250215,0.08424886719793467,15461,0.5140634417376249,0.0887411440013927,5.7928421762238855,7.055106501397268e-09,-0.7650861942331348,0.11016870054236758,-6.944678392924365,3.944462991523261e-12,-0.2568234725640294,0.1248440143775635,-2.057154873178964,0.03968807401909351,-0.8567257176038212,0.1352386168395329,-6.334919253280795,2.4403566025700917e-10,-0.49058757955162613,0.13552526904860077,-3.6198974773899644,0.0002956614358905911,-1.2950592936761622,0.03767423768073221,-34.37519571466993,1.3343034007025468e-249,0.02182534237556759,0.048736295805367195,0.4478252196828636,0.6542856181248611
4.428,0.08399879780433361,0.08364316125630877,15461,0.5228036277283407,0.08891256612441788,5.879974569587461,4.1879164212303306e-09,-0.7733305694151467,0.1103815144828505,-7.005978972460064,2.5539248315006986e-12,-0.2640060074644112,0.12508517676320113,-2.1106098603849857,0.03482188146428969,-0.8725953784431678,0.13549985857891433,-6.439825012326292,1.2314305247278317e-10,-0.4707535612190302,0.1357870645168168,-3.466851300557638,0.0005280247131510106,-1.2891337777279008,0.03774701336870943,-34.151941112155235,1.6423250907158498e-246,0.017125444375264275,0.048830440177623745,0.3507124718304691,0.7258088483225924
4.482,0.08393852609284758,0.08358286614439125,15461,0.5258158679684836,0.08917745809927681,5.896286787891162,3.795235060575874e-09,-0.7793009714333332,0.11071036763189093,-7.039096591427539,2.0163214503716057e-12,-0.2765466967901018,0.12545783566781554,-2.2042999173231075,0.02751794309520062,-0.879212613985732,0.1359035453320539,-6.469386886394663,1.0136005886698384e-10,-0.4805176243894354,0.1361916069257022,-3.5282469693714416,0.00041953593178587737,-1.2913830143983296,0.03785947082384881,-34.10990661773458,6.242415052752282e-246,0.01888966414300357,0.048975917833884185,0.38569290742183254,0.6997294251242552
4.536,0.0844721373814944,0.08411668460708566,15461,0.5302688893141821,0.08944689381697041,5.928309711897187,3.1258724370506753e-09,-0.7851579336235018,0.11104486166205059,-7.070637235003448,1.6083060989199342e-12,-0.278916324088159,0.12583688686207375,-2.2164909752882815,0.026672400492746322,-0.8879418437592451,0.13631415660147225,-6.513937113334676,7.546803231803e-11,-0.4948822878702477,0.13660308852809347,-3.6227752476363033,0.00029239308482312173,-1.3003113369536166,0.03797385728327858,-34.24227692366127,9.271380940166248e-248,0.019940555829202566,0.049123890896276085,0.4059237870898006,0.6848042196522922
4.59,0.08467807345248235,0.08432270063254665,15461,0.5394115827550908,0.08970627483095252,6.013086417550923,1.8612332061329898e-09,-0.788570221201598,0.11136687316615429,-7.08083291541361,1.494645093601897e-12,-0.2861611400756119,0.12620179276229906,-2.267488708457542,0.023374135686200666,-0.8971415073102387,0.136709444829499,-6.562395951714483,5.4634845325497014e-11,-0.4710405852687753,0.1369992146103251,-3.4382721580454576,0.0005869822031371426,-1.302521054078361,0.03808397511059077,-34.20128939523813,3.4188911029908424e-247,0.009004348181855129,0.04926634195396731,0.1827687590499101,0.8549818598155247
4.644,0.08417456378290067,0.08381899547584082,15461,0.5543555529329626,0.09007325684501502,6.154496599216093,7.717531154314977e-10,-0.7842364201774521,0.11182246715321233,-7.013227664731625,2.42538292791327e-12,-0.3016968998258254,0.12671807535427473,-2.3808513424967193,0.017284724462954384,-0.9081424469868556,0.13726871348154635,-6.615800672663413,3.816896651081501e-11,-0.4822660746790314,0.13755966869001374,-3.505868248096776,0.0004564104951367656,-1.3016204659922377,0.03823977395427176,-34.03839331134001,6.0327731406567994e-245,0.002354214167718533,0.04946788706806139,0.04759075649379242,0.9620430138960736
4.6979999999999995,0.08256035693236374,0.08220416191111313,15461,0.5724325144044417,0.09075963800583212,6.307126460416884,2.91992780464568e-10,-0.7886924297218335,0.11267458283658456,-6.99973685161718,2.6699538061714836e-12,-0.33478767930580705,0.12768369936638116,-2.6220079851003746,0.008749907456203887,-0.9110632880624497,0.13831473604366432,-6.586885201984826,4.636541131158237e-11,-0.4828713657897122,0.138607908404933,-3.4837216097297876,0.0004958624417105655,-1.2930596909733698,0.038531170772322626,-33.558795776384486,2.1951307233022497e-238,0.00014803401322300612,0.04984484496808901,0.0029698961511020537,0.9976304075308486
4.752,0.08216567030056476,0.08180932204262525,15461,0.581855556219667,0.09130992886867731,6.37231419878222,1.9146993233104903e-10,-0.7745715257060597,0.11335774767474625,-6.832982672948945,8.627493043921952e-12,-0.35748588079447474,0.12845786698801798,-2.782903758068936,0.005394017169911108,-0.9191836162616729,0.1391533614184899,-6.60554374606388,4.0899586475459024e-11,-0.471911862455305,0.13944831133281177,-3.384134651362146,0.0007158040370159196,-1.294423774175086,0.03876479170423263,-33.39173815381938,4.05488299387441e-236,0.003470308572130599,0.05014706259861892,0.0692026290733562,0.9448292257797273
4.806,0.08154467466992754,0.08118808531105726,15461,0.5900500704364884,0.09176433337847405,6.430058920636169,1.3129817390441788e-10,-0.7741725184836317,0.11392187331148712,-6.795644207560351,1.1177209259571313e-11,-0.36683948452719406,0.12909713847581178,-2.84157719418333,0.0044949730857578914,-0.9278577098537107,0.13984585911031133,-6.634860093510603,3.356067822448122e-11,-0.4926293698016158,0.14014227684497754,-3.515208835564675,0.0004406662542329232,-1.295487241335361,0.03895770496558309,-33.253684796880364,2.9758694166324744e-234,0.005845240487236172,0.05039661981194941,0.11598477257100134,0.90766611708757
4.86,0.08056510000701278,0.0802081303292621,15461,0.6088808208974344,0.09231014332175123,6.596033750864761,4.360160760684954e-11,-0.7750362976127537,0.11459947526118709,-6.763000405074677,1.4001082255685007e-11,-0.3759862974986651,0.129865002189681,-2.895208802672632,0.003794370401655321,-0.9408688581472042,0.14067765570947294,-6.688118688089911,2.3381439720163922e-11,-0.49513783649386417,0.14097583652289739,-3.5122177580655363,0.0004456518870104126,-1.2937663532718902,0.039189423564243576,-33.013150886259076,5.107183403096745e-231,0.016272815163116728,0.05069637653864485,0.3209857641544121,0.7482255195741794
4.914,0.07974807269902695,0.07939078581124337,15461,0.6197124904937109,0.09276729026751512,6.680290959309386,2.4661274789589623e-11,-0.782473726276195,0.11516700552618944,-6.794252596055016,1.128529704075014e-11,-0.384648600524205,0.1305081318282702,-2.9473151989513333,0.003210252696761158,-0.9576099778487559,0.14137433278450093,-6.773577345956111,1.3017076736305742e-11,-0.48575746263643876,0.14167399027690383,-3.428698956576425,0.0006080640187593079,-1.2900756800610422,0.03938350110159716,-32.75675457936177,1.3603286146625684e-227,0.0137930988052229,0.05094743988728639,0.2707319314913188,0.7866008314428705
4.968,0.07893725768027993,0.07857965599437855,15461,0.646045271361693,0.09323710145444161,6.929057867348758,4.403914061873964e-12,-0.8014842134156925,0.11575025795713788,-6.924254231143751,4.555471013565548e-12,-0.40720600595493617,0.13116907794560298,-3.104435986992363,0.0019098662030071246,-0.9871466259548022,0.1420903097511116,-6.947318418011117,3.871599457788538e-12,-0.49793355310953546,0.14239148483060549,-3.4969334978274635,0.00047196053162815095,-1.2864454116957136,0.03958295512622702,-32.499984086416426,3.4741813156080384e-224,0.02860041353233607,0.0512054583885845,0.5585422810844733,0.5764822333669153
5.022,0.07790563283055807,0.07754763061734349,15461,0.6603916519537422,0.09354894731447554,7.059316763167412,1.7444538137339203e-12,-0.8099690769858368,0.11613740253991355,-6.974231033860693,3.2001943512541007e-12,-0.41986773884526585,0.13160779314892568,-3.190295413358607,0.0014241132858092097,-0.9718368175200337,0.1425655526979172,-6.816771647350627,9.655574583677272e-12,-0.4927536347121742,0.14286773510389617,-3.4490197129102262,0.0005641260625951274,-1.2789073363319423,0.03971534642208958,-32.201842651449645,2.935878204952681e-220,0.016807239503684412,0.051376722938431346,0.32713724314074705,0.7435685149856963
5.076,0.07705500653824116,0.07669667407022174,15461,0.6727582255574227,0.09394646686656437,7.161080645139812,8.36516243336653e-13,-0.7952793720009965,0.11663090770019323,-6.818770321545555,9.522609740621445e-12,-0.43521177755972,0.13216703697246215,-3.2928919912943133,0.0009938520760411742,-0.9720258593922119,0.14317135956457558,-6.789247949788395,1.1682542315581794e-11,-0.4855064064012962,0.14347482604074585,-3.383913539392728,0.0007163802961742942,-1.2742595314729808,0.039884109697080686,-31.949052922353438,5.9230492278806725e-217,0.01495101251865551,0.051595039151243687,0.28977616384452576,0.7719913719401713
5.13,0.07638112510027373,0.0760225309984619,15461,0.6843920384675869,0.09424697338210974,7.261687181113238,4.0051594964698354e-13,-0.7788447852918516,0.117003974925038,-6.656566888354359,2.8973613611323256e-11,-0.4446555154853319,0.13258979960606881,-3.3536178258540743,0.0007995408790310143,-0.9780191927291279,0.1436293217192328,-6.8093282139211375,1.0166953691503259e-11,-0.4951183222041962,0.14393375889346527,-3.4399040642763,0.000583457086601067,-1.2719284423228046,0.04001168697838199,-31.78892314663008,7.148203334414758e-215,0.01919049599349873,0.05176007617660398,0.37075865050934775,0.7108223835942036
5.184,0.07649802986415499,0.07613948115050051,15461,0.7050419877158078,0.09456466088039836,7.455660297957575,9.41584189223783e-14,-0.7858783488655157,0.11739837167593477,-6.694116261125376,2.2445056993032438e-11,-0.45246098361184706,0.13303673302179417,-3.401022960611372,0.0006730412483300867,-0.9911957836629116,0.14411346713271866,-6.877884512695042,6.3078106514221795e-12,-0.4981148681063676,0.14441893050313334,-3.449096779563538,0.0005639652048480888,-1.2766414689284897,0.04014655828811555,-31.7995246259107,5.207903225003657e-215,0.027883973479220763,0.051934548931767216,0.5369060491091462,0.5913402417066429
5.2379999999999995,0.07562062199974884,0.07526173263337099,15461,0.7310192377666668,0.0949860810198956,7.696066938623869,1.48772531749718e-14,-0.7785434727132643,0.11792154849175387,-6.602215478604464,4.1826048481131024e-11,-0.4899842782414806,0.13362960099241172,-3.666734575292976,0.0002464912891344865,-1.031382030911863,0.1447556977171366,-7.12498400530845,1.0869084545641346e-12,-0.537620149320701,0.14506252236157235,-3.7061271275889434,0.00021118725523215333,-1.2708676351113875,0.040325468337986184,-31.515260392257936,2.4577810873144043e-211,0.04015652587020677,0.05216599125548297,0.7697836253803779,0.44144002044140274
5.292,0.07519744995846922,0.07483839629597078,15461,0.7532421918000658,0.09522730622831375,7.909939088207723,2.748540701207188e-15,-0.7877137835533115,0.11822102026494934,-6.66306027293571,2.7724930806592635e-11,-0.5079678432728467,0.13396896469711578,-3.79168297986991,0.00015019896565921228,-1.0470798333990476,0.14512331708806545,-7.215104053634925,5.63963872690887e-13,-0.548995955635933,0.14543092093970725,-3.774960318538694,0.00016063177308943183,-1.2676088974787423,0.04042787828479042,-31.35482125846896,2.8268961407186396e-209,0.04134391240712145,0.0522984712144183,0.7905376858458386,0.4292259532339058
5.346,0.0751921205592837,0.0748330648276514,15461,0.7748072188301729,0.09560065005327816,8.104622912065699,5.684255782429963e-16,-0.8033834297830007,0.11868451219436597,-6.769067125349299,1.3428102374754652e-11,-0.5378851561610812,0.13449419729780096,-3.9993186841368353,6.38206763547866e-05,-1.066922286594225,0.14569228093298697,-7.323121580373702,2.542150198065303e-13,-0.5694372105944885,0.1460010907622322,-3.900225728599772,9.65096802326768e-05,-1.268345541327296,0.04058637797686248,-31.250523070828237,6.10965383307725e-208,0.035114339470153536,0.05250351021065084,0.6687998446060137,0.5036331557112128
5.4,0.07457293264120313,0.07421363651048263,15461,0.8003532887181528,0.09614330089964743,8.32458716550149,9.164167856969099e-17,-0.8187678574526996,0.11935819224734998,-6.859754173856283,7.159739046047955e-12,-0.5826928596333903,0.1352576166883044,-4.308022526939699,1.6573783145544754e-05,-1.076406336091451,0.1465192631712217,-7.3465175349235,2.1359909347758063e-13,-0.573029776453232,0.1468298258746902,-3.9026796704252447,9.553706457159004e-05,-1.2630320082695234,0.04081675540994409,-30.943959057603436,4.8581255375052266e-204,0.034507710082387365,0.052801531973445226,0.6535361530749121,0.5134204133553284
