peth_time,r_squared,r_squared_adj,n_trials,Intercept_beta,Intercept_se,Intercept_tstat,Intercept_pvalue,C(Q_diff_bin)[T.1]_beta,C(Q_diff_bin)[T.1]_se,C(Q_diff_bin)[T.1]_tstat,C(Q_diff_bin)[T.1]_pvalue,C(Q_diff_bin)[T.2]_beta,C(Q_diff_bin)[T.2]_se,C(Q_diff_bin)[T.2]_tstat,C(Q_diff_bin)[T.2]_pvalue,C(Q_diff_bin)[T.3]_beta,C(Q_diff_bin)[T.3]_se,C(Q_diff_bin)[T.3]_tstat,C(Q_diff_bin)[T.3]_pvalue,C(Q_diff_bin)[T.4]_beta,C(Q_diff_bin)[T.4]_se,C(Q_diff_bin)[T.4]_tstat,C(Q_diff_bin)[T.4]_pvalue,Reward_beta,Reward_se,Reward_tstat,Reward_pvalue,Port_beta,Port_se,Port_tstat,Port_pvalue
-2.16,0.020793518272068767,0.020413342337659013,15461,0.3399430025386498,0.03206778610451237,10.60076306579877,3.6350040363179934e-26,0.06885710696190038,0.04000364141853514,1.721270977346487,0.08522167718605128,-0.440421456545868,0.04359895159912977,-10.101652457043457,6.4448224861170806e-24,0.05416945239664463,0.04910629476822242,1.1031060814569678,0.2699982772779434,0.06919622899864201,0.04929420932354454,1.4037395050698505,0.16041652775644638,0.06826743692667528,0.012904140838209973,5.290351196767095,1.2374700938455747e-07,-0.06176644583957088,0.01773137789146696,-3.483454372110322,0.0004963573547119672
-2.106,0.023509133745482802,0.023130012146056922,15461,0.3233385218819423,0.029939128515968107,10.799864188080454,4.30708467055396e-27,0.05716013476835816,0.037348202262322654,1.5304654924722318,0.12592201672948716,-0.43647493256982917,0.040704855983311666,-10.722920448331198,9.866079322756627e-27,0.06888281898258519,0.04584662206543614,1.5024622508561234,0.13299820240708563,0.06348157661593194,0.046022062864606805,1.3793726891966929,0.1677998349003967,0.06643335867588884,0.012047564795530355,5.514256183999575,3.5587439169446106e-08,-0.06968672890638261,0.016554370162245945,-4.209566913352634,2.5730725253331033e-05
-2.052,0.02401741024182691,0.023638485980240875,15461,0.30465708552184567,0.02779214848411142,10.961983946509786,7.372088564175465e-28,0.059745085662448814,0.03466990638473276,1.7232548885323256,0.08486244466776488,-0.4087491645621836,0.037785849408048085,-10.817519546751893,3.558244794953886e-27,0.05600860943043052,0.04255889169445781,1.3160260335849907,0.18818482505048392,0.07021355107594571,0.042721751369485486,1.6435082557522809,0.10029816097818706,0.06380475802125425,0.01118361576526023,5.705199406032133,1.1833583826574846e-08,-0.06027155777834533,0.015367231326212363,-3.922083067464356,8.816609937779937e-05
-1.998,0.025399597580726962,0.025021209951988976,15461,0.3034849383670145,0.025479060546269968,11.911151033841533,1.4375865435918003e-32,0.03982355058749522,0.03178439566898279,1.2529277259896918,0.2102509678749279,-0.41692091950858073,0.0346410046495791,-12.035474251571582,3.256080742194188e-33,0.006227403186673915,0.03901679565669988,0.15960826823062182,0.8731917512356153,0.0424226569813547,0.039166100829092304,1.0831473157482006,0.2787599390485915,0.054072737415822636,0.01025282458361172,5.2739356822951375,1.3532826073271886e-07,-0.04760053810254566,0.014088245736487181,-3.3787413275497395,0.0007299836457110616
-1.944,0.027552772235689194,0.027175220574851444,15461,0.272321482559633,0.023533331209505987,11.571735430708264,7.679960066988753e-31,0.037657200611257775,0.029357154248831317,1.2827265303740016,0.19960713987117665,-0.40001603136327546,0.03199561594385106,-12.502213805330753,1.0804809347430584e-35,0.0102682319934291,0.03603724608508586,0.28493387006280274,0.7756986246399485,0.038571993079059105,0.036175149445644324,1.0662566339087611,0.2863243044538087,0.047973824804674506,0.009469859232875947,5.0659490943779435,4.1105442823568045e-07,-0.054587374441143456,0.013012385306576777,-4.19503212939396,2.7435525745764212e-05
-1.89,0.02786842183894145,0.027490992728745556,15461,0.23959024364554962,0.02210376849571747,10.839339169335284,2.8089407550289504e-27,0.0427236695009797,0.02757381585430283,1.5494289846108757,0.12129910763769096,-0.37466173832261723,0.030052000773060833,-12.467114624144124,1.6719332248872792e-35,0.01682111581392872,0.033848116851649915,0.4969586901289837,0.6192252520962187,0.03529691563234414,0.03397764309378832,1.038827664853452,0.29890114533653545,0.04499819726433616,0.00889460035670473,5.059046551812372,4.2618905034321063e-07,-0.05182432182425271,0.012221931091398875,-4.240272788047695,2.245459965270064e-05
-1.836,0.02649430322227342,0.026116340611902822,15461,0.24490299498912926,0.021002205063993452,11.660822958489975,2.73249059312257e-31,0.008116451594971175,0.026199647136236643,0.3097924011253319,0.7567230075706681,-0.381488008563411,0.02855432922858372,-13.360075997916642,1.735300564874011e-40,-0.021312768502448034,0.03216126206199162,-0.6626844575118709,0.5075425490461309,-0.005594002120526339,0.03228433323418049,-0.17327296431830233,0.862439142900612,0.033606952340033414,0.008451329043279436,3.9765286818122325,7.024697283197565e-05,-0.043354174955616366,0.011612838919720354,-3.7332968497474317,0.00018966765597554602
-1.782,0.024958641433417195,0.024580082603897324,15461,0.21385587195183364,0.020165027825878267,10.605285239298665,3.4645808343000314e-26,0.001938476652619004,0.02515529259525987,0.07706038978788425,0.9385765012138387,-0.35719929268952066,0.027416113769446023,-13.02880837500764,1.3401097000437213e-38,-0.010662014689785308,0.03087926922051057,-0.34528066754583053,0.7298880783923176,0.001921197155421107,0.030997434603821043,0.0619792308613914,0.950580173086147,0.028584344131826468,0.008114447259424023,3.522648335489389,0.00042849073751153195,-0.04141542517836899,0.01114993493493089,-3.714409583559215,0.00020439558626656474
-1.728,0.02210222370457271,0.021722555873734506,15461,0.17813513222325972,0.01942640596414046,9.169742079522196,5.328220191484166e-20,0.009018691485244108,0.02423388305346763,0.37215214191411317,0.7097846790668196,-0.32222937470074997,0.026411892938765277,-12.200162080310696,4.450218615510315e-34,-0.003019458430195581,0.02974819697415907,-0.10150055254839309,0.919154435750513,0.006684297759319357,0.02986203409488705,0.2238393318445724,0.8228852828438391,0.026617543212107186,0.007817224354824931,3.4049864765207056,0.0006633554625554534,-0.0324073547527731,0.01074152559520634,-3.0170160156054227,0.0025569172964083056
-1.674,0.02238190567472753,0.022002346430133768,15461,0.15465972281398113,0.01900311216486576,8.138652315062714,4.299275539591619e-16,-0.010172429158387392,0.02370583620590269,-0.42911075019806655,0.6678486109447168,-0.3195407170457106,0.02583638810638795,-12.367855589176003,5.709695489381347e-35,2.5276391191479315e-05,0.029099995379792718,0.0008686046462066263,0.9993069650618489,0.006011004644667322,0.029211352034117368,0.20577632413750568,0.8369683464990391,0.030021247586253085,0.007646890089029979,3.9259420806009433,8.676568830116438e-05,-0.03140174229016139,0.010507471947424329,-2.988515453315945,0.0028077696676315103
-1.6199999999999999,0.01986622778794056,0.01948569183393034,15461,0.12115647562359412,0.018629004950319265,6.503647186025238,8.080271573785213e-11,0.0010580419015624018,0.02323914820898173,0.04552842866906274,0.9636867038435166,-0.2919210683666082,0.02532775672514013,-11.525737219232278,1.3055133731914747e-30,-0.015000945105483141,0.02852711457372255,-0.5258486646701066,0.5990009044560619,0.026774724454091993,0.028636278990933135,0.9349931414821545,0.34980644320828447,0.027513365104756816,0.007496348602649693,3.670235545747141,0.0002431425097548981,-0.023713756080516877,0.010300615247949382,-2.302168900565211,0.021338876632681934
-1.566,0.016770352651308662,0.0163886147268818,15461,0.08353037027634987,0.018299724078111,4.564569931208074,5.043772924523577e-06,0.022184645675727376,0.022828379785652733,0.9718011476955568,0.33116469453043185,-0.25670095051087066,0.02488007066526875,-10.317533015258332,7.070712960618472e-25,-0.016116787671061387,0.028022877595232757,-0.5751296459933569,0.5652119923303576,0.03522727423575988,0.028130112453961333,1.2522976683230114,0.21048036934335623,0.024760800234023137,0.007363845325483759,3.3624823905975383,0.000774324738534646,-0.013755408501878258,0.010118544569339766,-1.3594255979816074,0.17403159939553703
-1.512,0.011002153454066632,0.010618176032086812,15461,0.03246329188706473,0.0180019245689426,1.8033234037138044,0.0713569084033674,0.04754594985729928,0.022456883457825098,2.117210517950651,0.03425791567768944,-0.18353414906496712,0.02447518626370257,-7.49878456848166,6.79066898995721e-14,0.00806511979203835,0.027566848905525434,0.2925658938995308,0.7698579140213252,0.04205949108809394,0.02767233868393702,1.5199109684396945,0.1285538111824797,0.02383759419870587,0.007244010211349763,3.2906626996960373,0.0010017553940799694,-0.004073016377579587,0.009953881015212615,-0.4091887748461887,0.6824068021342484
-1.458,0.0074760877342126,0.007090741320753602,15461,0.015583742756953562,0.01761528479914642,0.8846716323149484,0.37634752340297106,0.06067743464803184,0.021974561458462164,2.761258046615789,0.0057647106813975306,-0.14987161430871068,0.02394951578072307,-6.257813965046513,4.007021571172541e-10,-0.002044561628966391,0.026974776648249862,-0.07579531262213596,0.939582926496239,0.02340986848037113,0.027078000749817577,0.8645345975377757,0.3873077018067095,0.01283604329694761,0.007088425599838307,1.8108454573100705,0.07018418731082567,0.009937431315056911,0.009740094636452867,1.020260242427779,0.30762102468122743
-1.404,0.003326774882921213,0.002939817502909281,15461,-0.008857576034946968,0.017386978690555034,-0.5094373319591509,0.6104529884974791,0.07244242444225164,0.021689756150356846,3.3399372468767843,0.0008399562761927279,-0.07546658584449156,0.023639113717237283,-3.1924456537244232,0.0014135598220769655,0.0069831461852026605,0.026625165140011165,0.2622761642409003,0.7931120329723932,-0.004304551228814411,0.02672705138680046,-0.16105597158915463,0.8720514222781537,0.00963066739390489,0.006996554768160521,1.3764871015848432,0.1686908203594942,0.02264449250978916,0.009613856365024627,2.3554015839232014,0.0185151237929053
-1.35,0.0020465940851620568,0.0016591396762394295,15461,-0.033697149433466515,0.01730970331550335,-1.9467202192475381,0.05158638025369381,0.06766813945636468,0.021593357341160118,3.1337479571728872,0.0017291181117103387,-0.0098111995274282,0.023534051106251206,-0.4168937801287476,0.6767618937059106,0.024040515788019225,0.02650683120410285,0.9069554788690894,0.3644444822903655,-0.014315658433814321,0.02660826462363139,-0.5380154864026822,0.5905741049997062,0.006166945394433181,0.006965459003715088,0.885360949098112,0.3759757624420419,0.033103175805581496,0.009571128161952528,3.458649309197881,0.000544354200517799
-1.296,0.003107263990826392,0.0027202213859308655,15461,-0.08006384111474012,0.017142109551287154,-4.670594414018801,3.028580905021308e-06,0.07875708083598977,0.021384288937565405,3.6829412970397435,0.00023134424683787466,0.07351777747274094,0.023306192769209675,3.15443102186415,0.0016111950693426496,0.06046959314868061,0.02625019020119438,2.3035868572841522,0.021259052564464552,-0.005584120334911842,0.02635064153522519,-0.21191591587806555,0.8321754281479854,0.004535271666503929,0.006898018940032388,0.6574745163692801,0.5108856436317035,0.0322681649207167,0.009478459826324812,3.404367957660943,0.0006648583745778965
-1.242,0.0052629654947872195,0.004876759838838396,15461,-0.11787474532443283,0.016949419076617487,-6.954500611000086,3.67998764001342e-12,0.09660015605972848,0.021143913109052316,4.5686981194777605,4.9455895104056415e-06,0.1406574142481863,0.02304421326581159,6.103806305979027,1.0604611718744811e-09,0.07145659824174656,0.025955117905984516,2.753083168436337,0.005910582127523124,0.017246074072463983,0.026054440089884907,0.6619245707436796,0.5080294336664795,-0.005812832973522545,0.006820479910203041,-0.8522615783717631,0.3940821330466763,0.028244909645466196,0.009371914659429952,3.0137822069310434,0.0025843117015708086
-1.188,0.008487045497429513,0.008102091587308125,15461,-0.1475953778178818,0.016924796495137773,-8.720658937333965,3.043633502537134e-18,0.09073522484779367,0.021113197146400482,4.297559683577473,1.7374533520035896e-05,0.1929940184223215,0.023010736719140078,8.387129051013442,5.4076234779492264e-17,0.07335005772607463,0.025917412660597237,2.830145843901702,0.004658679743973047,0.013594046209354418,0.02601659055822122,0.5225145154563196,0.6013196326307446,-0.0126800429335422,0.006810571734497397,-1.8618176898885501,0.06264776026800423,0.023665346530743744,0.009358299990320666,2.5288082830450964,0.011454918283367763
-1.134,0.01128107761735142,0.010897208487398169,15461,-0.15549302861081624,0.01695396780809994,-9.171483063482507,5.243311354169159e-20,0.05203170097525138,0.0211495875208293,2.4601756854126653,0.013897764385274352,0.20159068726917873,0.02305039766292259,8.745648999949564,2.4427020201089287e-18,0.06804569014392042,0.02596208350530188,2.6209641506631924,0.008776731423178826,0.0009071013959506116,0.026061432344389845,0.03480627557087745,0.9722346660104663,-0.023994297732191503,0.006822310328788642,-3.517034050905141,0.00043764955354615165,0.028700280148716343,0.009374429808950386,3.0615494204580096,0.0022057269193485247
-1.08,0.01619903994675531,0.015817080210743906,15461,-0.16458711510432517,0.016960719546090693,-9.704017253340007,3.35384760593526e-22,0.0071832411770744705,0.02115801011990283,0.33950457232825354,0.7342342666827513,0.23198778527352826,0.02305957723948922,10.060365932305656,9.784109649257144e-24,0.047950252534191676,0.02597242262989536,1.846198686101731,0.06488247220580887,-0.013729372448760652,0.026071811033605532,-0.5265983414448668,0.5984801017464034,-0.02844639034634129,0.006825027241569942,-4.1679526453872215,3.090208998643309e-05,0.028335394513047264,0.009378163076265692,3.021422669089498,0.0025200149175422532
-1.026,0.020142849104898608,0.019762420548837256,15461,-0.18731088702489626,0.01725652814713577,-10.854494335581983,2.3828538463217424e-27,0.0010380697238577669,0.021527022847072683,0.04822170400580622,0.9615401761463009,0.2737094634555749,0.02346175482784964,11.666197412082557,2.5667108512534624e-31,0.04943060084071033,0.02642540258649582,1.8705713443310363,0.061423405251808366,0.005676825953108329,0.026526524403967227,0.2140056445637982,0.8305454787703054,-0.030194513070955702,0.0069440612103197335,-4.348249843489704,1.3810632062065787e-05,0.026650382818676478,0.00954172578906358,2.7930359148679678,0.005228010393828114
-0.972,0.02225057463510116,0.021870964401362936,15461,-0.20055610650956604,0.017791582517358684,-11.272527686274664,2.334995205647113e-29,-0.011479715703419243,0.022194487794483127,-0.5172327385844313,0.605001103390681,0.3006037613642159,0.02418920790222852,12.427184990068307,2.743387389412852e-35,0.05111046417271756,0.027244746258539804,1.875975048095634,0.0606775400999475,0.012094623175971054,0.027349003450050625,0.4422326831052656,0.6583270264359273,-0.031072758933709622,0.007159368151901357,-4.340153806094947,1.4328763191733624e-05,0.022011764350280988,0.00983757568652714,2.237519186808064,0.0252666210620002
-0.918,0.023273495430936486,0.022894282345171324,15461,-0.1828147103878718,0.01832684495724123,-9.975241827734173,2.3018429378625524e-23,-0.04454075734196014,0.022862212302813264,-1.9482260400704645,0.0514059994255833,0.2901868335447913,0.024916943865453848,11.646164758878053,3.2406493411745935e-31,-0.0034729881822200305,0.028064408553453626,-0.12375062797440077,0.9015143337642934,-0.02475252690549157,0.028171802338274734,-0.8786277359280747,0.3796168125512346,-0.033504274650592004,0.007374758821127392,-4.543101064486086,5.585225852130278e-06,0.02503666985062499,0.010133540632836,2.4706734553861613,0.01349659824788229
-0.864,0.02441236324347673,0.024033592321997532,15461,-0.19795409640541453,0.01890054646622323,-10.47345888962386,1.3932808312235195e-25,-0.04724924829859621,0.023577888444963876,-2.0039643672454654,0.04509129777875889,0.3025653949322345,0.02569694109510153,11.774373993094102,7.239133659575302e-32,-0.008058806569389305,0.028942933666388688,-0.27843779287474113,0.7806800368018647,-0.02583864691788527,0.029053689294263024,-0.8893413382440006,0.3738335043662824,-0.036514628048482455,0.007605617448126766,-4.801007715353323,1.5934730412343564e-06,0.030153414769201137,0.01045075985774636,2.8852844366958337,0.0039160104590511575
-0.8099999999999999,0.02551182518669448,0.025133481130211965,15461,-0.18583808658873902,0.019655426200157644,-9.45479811510007,3.6918424409972e-21,-0.07326105264739416,0.024519579215009964,-2.9878592941981035,0.002813800979546962,0.31848390730939335,0.026723265920760114,11.917851218251636,1.3275211058135792e-32,-0.030201662560237166,0.03009890204563157,-1.0034140951204733,0.3156768167310374,-0.023710437807358084,0.030214081205865197,-0.7847479341107809,0.4326134014830061,-0.038180406889389236,0.007909382552797632,-4.8272297659802055,1.3976916812817452e-06,0.016317197110918644,0.010868158732161258,1.5013764072687392,0.13327866307414094
-0.756,0.024345096602935268,0.023966299565250315,15461,-0.1844071881545806,0.020506802558732936,-8.992488596231683,2.69262248499136e-19,-0.08232366408853149,0.025581646750625457,-3.2180752432021884,0.001293201183567041,0.32889147042644,0.027880786322361656,11.796348446695498,5.590168900557696e-32,-0.025454517161190224,0.03140263839608114,-0.8105853030606115,0.41761634189395624,-0.010047127429302851,0.03152280655085626,-0.31872566337307745,0.749938859614705,-0.03873161256705517,0.008251978090935889,-4.6936155356009275,2.7072149176625618e-06,0.004777564021546268,0.011338913897253099,0.4213422965230959,0.6735110086391359
-0.702,0.02102350841126921,0.02064342177030032,15461,-0.13117335284198267,0.02148415324255921,-6.105586352927968,1.048736781095246e-09,-0.09464369678941995,0.02680086363602326,-3.531367424376899,0.00041462104451814096,0.3048067236108055,0.029209579804413795,10.435162903806882,2.080859883351486e-25,-0.04717789487528359,0.03289928274238802,-1.4340098306914986,0.15158969022490557,-0.03509229678333627,0.03302517809075694,-1.062592204253938,0.2879835278944707,-0.03658815944562227,0.00864526594783102,-4.232161239042247,2.327919792823348e-05,0.0024127523225817285,0.011879324583881972,0.20310517702794176,0.8390554993403927
-0.648,0.01614172892053156,0.01575974693357174,15461,-0.05170924202021286,0.02264662383625061,-2.283309088105288,0.022425678888669698,-0.1052432111347809,0.02825101228794653,-3.7252899139364137,0.00019578515348035456,0.2626286668341088,0.030790059946840316,8.5296575351767,1.60235020968682e-17,-0.07831151058722814,0.03467940636698609,-2.258156029503974,0.02394982070402886,-0.04726696158984786,0.03481211369620011,-1.3577733889513077,0.17455542569880952,-0.03117780386381129,0.009113046424237544,-3.421227371440701,0.0006250050573140665,0.0049101787582515755,0.012522094412684082,0.39212120564095715,0.6949740671508464
-0.594,0.009323481005705792,0.008938851840831541,15461,0.05901934138099236,0.023702723296222496,2.4899814524856,0.012785402255377876,-0.1282727263707789,0.029568466008054732,-4.3381596575160914,1.4459201966764122e-05,0.17129580549360063,0.03222591925714993,5.315466849113867,1.0786240288801868e-07,-0.10989451185009096,0.036296640909368245,-3.0276771926221673,0.0024684741970124294,-0.05024531758140795,0.036435536893444496,-1.379019546997484,0.16790868473893222,-0.020407274715063976,0.009538022945105541,-2.1395707299630704,0.0324050913252352,0.003978131892464433,0.013106047996342941,0.30353405493207986,0.7614869848789394
-0.54,0.007275568488835926,0.006890144223981043,15461,0.11122889489851777,0.024869917756251234,4.4724271301846015,7.788797380471548e-06,-0.14001364850023187,0.03102450754745243,-4.513001480719041,6.438820237555934e-06,0.1454419401598221,0.03381282190779486,4.301384266490145,1.7077644257933663e-05,-0.1235156381449466,0.038083998322168945,-3.2432424006553777,0.0011842846297292812,-0.04741707473587436,0.038229733968553524,-1.2403192440438646,0.2148761679587706,-0.007850537874049457,0.010007704314711216,-0.7844494228820542,0.4327884719722783,0.00098586122117237,0.013751429812728576,0.07169154295939748,0.9428483142995452
-0.486,0.007200393538457139,0.0068149400870031185,15461,0.091127119321537,0.026627083719905617,3.4223469712311405,0.0006224388121095792,-0.15625020730443034,0.033216521579658834,-4.703990661084603,2.5733277101919965e-06,0.1390141390887951,0.03620184226458917,3.8399741668608884,0.00012353815875000673,-0.1447308211787845,0.040774795544237165,-3.549516784744241,0.0003870845837859903,-0.05272144653574851,0.040930828036796624,-1.2880620565103686,0.1977436477656322,-0.011341737984247646,0.010714791389484815,-1.0585122539462688,0.2898385116253429,-0.009239792640374342,0.014723027091631324,-0.6275742469852758,0.5302921560087619
-0.432,0.007538698038719316,0.007153375933648176,15461,0.049221837224686996,0.02842923770035839,1.7313808320673505,0.08340382034403176,-0.1660134809995741,0.035464656869699136,-4.681096495858539,2.8776796783686276e-06,0.12100324123518212,0.03865202775328691,3.130579384024482,0.0017478691132973383,-0.19601159415759895,0.043534484170493354,-4.502444393046259,6.766757840487037e-06,-0.06788989195462884,0.043701077135258636,-1.5535061468737652,0.1203227392230559,-0.014944808931853652,0.011439981731596736,-1.3063665032415859,0.19144739319299328,-0.01737034309336679,0.015719499786748962,-1.1050188192380928,0.26916863796523316
-0.378,0.008845416274583129,0.008460601501556475,15461,0.004877231589097646,0.03001203886035983,0.16250917212890648,0.8709070306789392,-0.16846352992727584,0.03743915582123822,-4.499661550373714,6.855827808150716e-06,0.10577994960000756,0.040803983954474085,2.592392686901078,0.009540064010883422,-0.24944070095124865,0.04595827170821733,-5.427547461638961,5.799481957782864e-08,-0.12029011841239186,0.046134139755932696,-2.6073991852622105,0.009132060444193964,-0.02458412258485482,0.01207690406296612,-2.0356311896392505,0.04180442596262972,-0.0245643458856179,0.01659468479027774,-1.4802538400734981,0.13882590210941068
-0.324,0.010263925788492334,0.009879661750361701,15461,0.01940750618179068,0.031494250582314476,0.616223781260219,0.5377559112385655,-0.17662249849421927,0.03928817234012662,-4.495564134802664,6.989017177815223e-06,0.10171628263808187,0.04281918004298954,2.3754841296811593,0.01753807031586182,-0.29320528073090485,0.04822802383547683,-6.0795624081785675,1.2334515524078566e-09,-0.13546311033650196,0.04841257752041444,-2.7980974629863566,0.005146822529838087,-0.041347776699429406,0.012673349004622293,-3.2625769782201073,0.0011064373163506519,-0.024833375964611208,0.017414250446337848,-1.4260376030042439,0.15387768724512946
-0.27,0.00929077944995238,0.008906137588731933,15461,0.18558788686712033,0.03314431339183654,5.599388488549312,2.187714188897384e-08,-0.21343591240270637,0.04134657826609395,-5.162117915274585,2.4719892133064767e-07,0.022084756240794493,0.04506258432208173,0.49009076095026444,0.6240766329031529,-0.34840321744325053,0.05075481101206553,-6.864437291677186,6.929454359374513e-12,-0.18283089710152453,0.050949033927616516,-3.5885056694357162,0.0003336072780229419,-0.03155310341572845,0.013337337557388924,-2.36577227501061,0.018004778007037533,-0.0283336302044738,0.018326626720924957,-1.5460363020393195,0.12211627710546621
-0.216,0.009806225349239694,0.009421783609372625,15461,0.2901912983645614,0.03463148232250006,8.379407374544412,5.772711745130694e-17,-0.2644717901247181,0.04320177876035815,-6.121780114465953,9.47721222031516e-10,-0.10469042106625567,0.047084520168117726,-2.223457320844581,0.02619938068863081,-0.38610670140395564,0.05303215425120573,-7.280615069397774,3.483094374952253e-13,-0.2030991513301154,0.05323509185280906,-3.8151366751027496,0.0001366374495937412,-0.0033809812671622853,0.013935777289678139,-0.24261160299013163,0.8083095114630123,-0.06466347177901215,0.019148933387562392,-3.3768706836179367,0.0007349624070571009
-0.162,0.00968392806336238,0.009299438841696706,15461,0.19965257878563616,0.0357846501431328,5.579279886405434,2.4557062932528664e-08,-0.2703531752290944,0.04464032247028686,-6.0562549790952955,1.4255457096390132e-09,-0.18817850122890203,0.04865235237934624,-3.8678191706263116,0.00011026326919662571,-0.4328517326623649,0.05479803228009939,-7.8990378787663245,2.998835999914707e-15,-0.2277378622223431,0.05500772734907261,-4.140106730407989,3.489864281830608e-05,0.006550207467487739,0.014399814311723842,0.4548813842797113,0.6492009658600268,-0.05718922738447721,0.01978655939433687,-2.8903068110388808,0.0038540168462651613
-0.108,0.007099642864671019,0.006714150296868948,15461,0.07236558250285206,0.03682636559665826,1.9650481748711783,0.049426547089763316,-0.27542678849726526,0.04593983255580272,-5.995380765977035,2.075284235032584e-09,-0.21396302158805156,0.0500686553785711,-4.273392604020791,1.9367383865484483e-05,-0.42154223373442046,0.05639324019244841,-7.475049000480539,8.130871445056774e-14,-0.2107960622931443,0.05660903962720426,-3.7237173370424625,0.00019700822279768978,0.005615232066893115,0.014819002679820786,0.3789210507762067,0.7047516972087977,-0.03191990148035845,0.020362559567895525,-1.5675780529420633,0.11700011145465215
-0.054,0.004969473498686483,0.004583153894764602,15461,-0.0730557176922746,0.03755869955261458,-1.9451077529969742,0.05178012308839769,-0.287677730721713,0.046853398115870235,-6.139954459872366,8.456360709591896e-10,-0.2449944396060428,0.05106432725302102,-4.797761035646439,1.6194739155046907e-06,-0.418528951564627,0.05751468359339803,-7.276906094510253,3.579831661387378e-13,-0.21463638666919022,0.05773477444413229,-3.717627525797049,0.00020181262971731608,0.012671830624256024,0.015113695318641089,0.8384336429375222,0.40180016883104785,0.019212259571210553,0.020767492109028673,0.9251121642587753,0.35492201145431945
0.0,0.0038552794574956417,0.0034685272688547153,15461,-0.2959414502744703,0.03817491729585682,-7.752248629143441,9.588132212570412e-15,-0.2671792612101729,0.04762211203818659,-5.61040344023236,2.053185345230956e-08,-0.2088327919111865,0.051902129010665994,-4.023588162795228,5.75910064803381e-05,-0.38830523668936473,0.05845831500101817,-6.642429510371649,3.188568103087157e-11,-0.18831740027469793,0.058682016836396816,-3.2091160193031456,0.0013341553924753672,0.008139252591393612,0.015361662562774693,0.529841907289198,0.5962291583168358,0.06117900741417097,0.021108220016881275,2.898349901850707,0.003756592453977163
0.054,0.004547026089699813,0.004160417387294446,15456,-0.32153222385208213,0.038522202768070606,-8.346672847031124,7.610178313549353e-17,-0.2791561475624906,0.04806150203946319,-5.808310929052448,6.434687460866704e-09,-0.21260887131481618,0.052372416473604175,-4.05955817261118,4.940786018874555e-05,-0.3868397848888484,0.05899021648681711,-6.557693935151056,5.638067942536047e-11,-0.22284652760307944,0.05921118484295178,-3.763588386115635,0.00016811215021803248,-0.0022149899521629072,0.015501717052993629,-0.14288674890599667,0.886381487450747,0.11139297898655345,0.02129797859549706,5.2302136790627065,1.7152402431066167e-07
0.108,0.0066452904606795205,0.006259096703326139,15440,-0.15677495300362523,0.03922521656534977,-3.9967899920306604,6.450566120389215e-05,-0.3206833719003809,0.04887872160726051,-6.560797037145631,5.522465331661186e-11,-0.24230001508166205,0.05330991175143641,-4.545121293980259,5.5320502209494115e-06,-0.39574184224742487,0.06005955028133573,-6.589157600975356,4.566529646571007e-11,-0.23497854187054162,0.06033621630438108,-3.894485870395548,9.882186609682576e-05,-0.03981001802941231,0.015775448570321135,-2.5235426968655705,0.011627849783599126,0.14171218931828677,0.021702084134044414,6.529888486423317,6.787496606925595e-11
0.162,0.008279680581209647,0.007889060091712308,15240,0.15643480316248765,0.04078305941578654,3.8357790073476923,0.000125671446568493,-0.3223168775134141,0.0504811465041113,-6.384896141120009,1.7648101458049987e-10,-0.23677243067523168,0.055404830727219224,-4.273497952569511,1.935991769693537e-05,-0.4186909142080636,0.06262971449620014,-6.68517999125585,2.3865741299697625e-11,-0.29463242060756,0.0630141364014492,-4.675655931083807,2.9552900948922935e-06,-0.08033757242939718,0.01646420108384774,-4.879530565756551,1.0741412403654298e-06,0.16746438443783024,0.022817648085245366,7.339248278884543,2.2564165820481753e-13
0.216,0.008159006403232194,0.00772563573897489,13739,0.39184388121790326,0.04573323906761182,8.568032555896664,1.1638747982978008e-17,-0.30626905913461305,0.053849073322332595,-5.68754558321425,1.3150571880106299e-08,-0.1962349944590085,0.06239944169759681,-3.144819715054696,0.0016654358616140816,-0.42696027074345894,0.07160664430739634,-5.962578959999633,2.543821107208914e-09,-0.33357374278836577,0.07203931069798526,-4.630440513053034,3.6823441785611227e-06,-0.10198708657176613,0.01969681359116557,-5.177846970004806,2.2763264457886651e-07,0.18028765744951608,0.02735595932029402,6.590434476767542,4.5454199362714216e-11
0.27,0.006886019715587888,0.006408216501594954,12478,0.48430875050108685,0.052289970093549104,9.26198178416696,2.3320812312350734e-20,-0.305949760862754,0.05728660504552756,-5.340685848281733,9.422187684911192e-08,-0.10176437013968986,0.07005775252270459,-1.4525782868456945,0.14636603721342348,-0.390838153880923,0.08312090690990631,-4.7020439070106335,2.60330091513729e-06,-0.33908429932788275,0.08394698157159465,-4.039267320632521,5.393960539064211e-05,-0.11029491917214732,0.02598841371368197,-4.244003515846794,2.2115460654849326e-05,0.16184763349807285,0.03317822044508832,4.8781288244780665,1.0841971650897685e-06
0.324,0.007751492099475676,0.007252791224337196,11945,0.5001310124977292,0.056486946893592425,8.853921835071977,9.636044500968205e-19,-0.3507057058121718,0.05914339609311481,-5.92975258404208,3.1178632656938885e-09,-0.05954215726456083,0.07409977582423509,-0.803540315773627,0.42167850306387566,-0.4070446845625565,0.08984642485293944,-4.530449433339244,5.942942904754634e-06,-0.368789953323665,0.09075416062758726,-4.063614833451074,4.8627899616150326e-05,-0.13397331879727273,0.032146313801355374,-4.167610620152164,3.0997889992248676e-05,0.1531824978739395,0.03652289226424294,4.194150254193039,2.758743873613014e-05
0.378,0.009280790266801509,0.00877102993249057,11668,0.40870133266891595,0.06005411833393524,6.805550460274895,1.0559550312814951e-11,-0.32813041747137445,0.060551797535140485,-5.419003742720404,6.112427420822611e-08,0.014385867715777198,0.07673966026438257,0.187463270833037,0.8513006803408234,-0.3629519288719262,0.094383083017415,-3.8455188924582644,0.00012093739634520034,-0.3563749586232027,0.09541431885607657,-3.73502596775606,0.000188590137608818,-0.2269931178821329,0.0381373446492826,-5.951990626762288,2.7251825048790192e-09,0.13239851735865932,0.038747518503823714,3.41695474887234,0.0006354202227888034
0.432,0.01076919238317009,0.010251496365228485,11472,0.26274305916237944,0.06261633196920241,4.196078736959689,2.7362182644664353e-05,-0.3380490249232503,0.06108380564449481,-5.534184082941417,3.19550762389956e-08,0.07298268383970385,0.07814872993628591,0.9338946890014221,0.35037788627989863,-0.33640732586692146,0.09646522318552564,-3.487343052323944,0.000489673150375568,-0.29912789622276403,0.09773599591900121,-3.0605704010083095,0.002214265594885161,-0.3100849829275347,0.04492735901303868,-6.9019187804371676,5.4010763344893955e-12,0.09938999453310376,0.03984425384728284,2.49446243651722,0.012628774275908125
0.486,0.011935997401162135,0.011413626794448462,11356,0.1276540934920861,0.06538104669339324,1.952463289410531,0.050907776117566216,-0.31755590292787284,0.06177223797624958,-5.140754379822986,2.7819199382218726e-07,0.05559107524672646,0.07942311197014143,0.699935747514219,0.48398177819211796,-0.34197068209080317,0.09839149050066869,-3.4756123761381486,0.0005115936718660799,-0.26741108112335005,0.09979337034553831,-2.6796477581369293,0.007380600695377149,-0.4265501605927172,0.051561055998044864,-8.272719639584022,1.4554243286558851e-16,0.10060566188194063,0.04074689167073598,2.4690389317277575,0.013562262779396816
0.54,0.012421285788816405,0.01189481112997437,11262,-0.0016822241306304006,0.06904751455937284,-0.024363282898240794,0.9805632675399739,-0.3251612557113348,0.06225448993022791,-5.223097258940861,1.7909667859072613e-07,0.01586739347747363,0.08053931991578489,0.1970142471287963,0.843819946123052,-0.36227577360458574,0.1000215658395992,-3.6219766263762923,0.0002936464475343439,-0.2601850656376976,0.10145947027166935,-2.5644236554855087,0.010347586181975382,-0.5340499429575877,0.05983602595661656,-8.925224134116036,5.13585202275972e-19,0.10202229110814878,0.041492574305376416,2.4588084209306147,0.013954841921374065
0.594,0.01101527697346627,0.01048480063356294,11193,-0.19089760415323942,0.07335859079246725,-2.602252879874589,0.009273563827354558,-0.32113524942860244,0.0631180267970664,-5.087853117796263,3.6801433658053804e-07,-0.02780782309889175,0.08182597971087936,-0.3398410040081011,0.7339826475904347,-0.3060317976537744,0.1019973067044333,-3.0003909666025796,0.0027022743040949213,-0.19787424595122738,0.10331055348867689,-1.9153342932473487,0.055475355092115756,-0.6088386807791099,0.06884696816699695,-8.843362271266548,1.0678658243715604e-18,0.07971623712924492,0.042352146473485064,1.8822242499362334,0.05983151048258901
0.648,0.009924233778638492,0.009390835682443033,11144,-0.3573955564368829,0.07803572552214676,-4.579896631260936,4.7025187568419644e-06,-0.34007060468698613,0.0640112357315441,-5.312670514801556,1.1011349773504491e-07,-0.08669104711182041,0.08315007260308262,-1.0425853447614009,0.29716301029296066,-0.3180225949358585,0.1039361552077202,-3.0597879467474884,0.0022202043101463664,-0.1689802849981333,0.10516719621793287,-1.6067775035854686,0.10813153399581238,-0.6386631115200493,0.07783253976156228,-8.205605437990013,2.5466772786942107e-16,0.07353723414183341,0.043154152714745125,1.7040592739225962,0.08839790928451073
0.702,0.009262127591071367,0.008725675354409046,11088,-0.4756449089068675,0.08343925574634051,-5.700493186958087,1.2251284815958238e-08,-0.3588996719035019,0.06479120090317411,-5.539327360822532,3.1056574961144876e-08,-0.17273495558692206,0.08429433903255261,-2.049188089845697,0.040467222681175904,-0.3530046431370307,0.10562021709044143,-3.342207134783265,0.00083390094457758,-0.18604726610656072,0.10682284863316284,-1.7416429957364281,0.08159868186803348,-0.6370905064112516,0.08836438062269289,-7.20981126016788,5.967840242172241e-13,0.10866989322414841,0.04386336197027088,2.4774638409568612,0.013246777852588655
0.756,0.008760468729034021,0.008219792621067978,11007,-0.5359334669796447,0.08898326298862762,-6.0228569843313,1.7684309213268827e-09,-0.34908646435139123,0.06536676309798209,-5.340427578280494,9.457543778406251e-08,-0.2386798041046637,0.08536714235174363,-2.795921211948459,0.00518417669039587,-0.35510374765826336,0.10734045710028563,-3.3082004423224918,0.0009419898505732932,-0.17960796274865748,0.10856440611214825,-1.654390874326899,0.09807665013951843,-0.7132798379057081,0.10025248776073578,-7.114834293269943,1.190159792661881e-12,0.10458771643527627,0.044681371648196556,2.3407454287383693,0.019263053102605204
0.8099999999999999,0.00850734500182937,0.007959508559248207,10866,-0.6284011522884956,0.0975322693213875,-6.443007598006291,1.2208725539642518e-10,-0.3511831220238326,0.06631562879734633,-5.295631337478707,1.2092286875252414e-07,-0.3320734784770317,0.0869112792922618,-3.820832936543808,0.00013374318446442046,-0.3855123938621573,0.10983115492448814,-3.510045889321727,0.0004498454495907995,-0.15883179813343895,0.11124388873201532,-1.4277799881309625,0.1533839515501549,-0.6846282893228142,0.11632784182945131,-5.885334744940513,4.089935575775259e-09,0.12703952124746856,0.04582061143762431,2.772540943073353,0.005571532105109531
0.864,0.008933511261025928,0.00837427125985657,10640,-0.5954969612706457,0.10968853356266207,-5.428980969377756,5.7923106236570184e-08,-0.3711180631217092,0.0678903540267566,-5.46643287462378,4.6955561528453185e-08,-0.4804438615664933,0.0896584427052984,-5.358601455366359,8.56212124482375e-08,-0.5141295385061857,0.11401263719492603,-4.509408352928322,6.570460170445618e-06,-0.2479280564946667,0.1153698155838293,-2.148985462445493,0.03165805691887266,-0.6745828686598585,0.13830002348180193,-4.877677180934267,1.0889811890727787e-06,0.1698674266972774,0.04775504300475654,3.5570573495318203,0.0003766640491812816
0.918,0.009098112268074776,0.008492549900342983,9825,-0.7241482039657002,0.13340238973355273,-5.428300088267204,5.824868039152581e-08,-0.39538788432868216,0.07045714259898052,-5.611750203653635,2.057266529338926e-08,-0.5832324889273887,0.09459706617896876,-6.165439505533581,7.305452160707972e-10,-0.5175484897309115,0.12189989385468161,-4.245684498691094,2.1993323572500473e-05,-0.2651657099689093,0.12314594401882469,-2.153263853565285,0.031322224823426184,-0.4948910964545159,0.17960125356326284,-2.7554991217263147,0.005871071236329684,0.18374974438022873,0.051581893226625056,3.5622915888900044,0.0003693738201098377
0.972,0.01009925268058054,0.009494302132208587,9825,-0.6500007733255297,0.13645415035223163,-4.763510465952635,1.929796393212091e-06,-0.40336160045453,0.07206894530744527,-5.596885020778286,2.2409924163698136e-08,-0.6798936777919646,0.09676110238389837,-7.026518518717321,2.2582422333714672e-12,-0.5746739532529281,0.12468851927758352,-4.6088762348166155,4.099580080381553e-06,-0.2981281964437992,0.12596307452943473,-2.3667904070897645,0.01796238207590225,-0.5311916953538279,0.18370987585844406,-2.891470547632032,0.0038428499973056397,0.19595993454046542,0.052761899002386065,3.7140424860675214,0.00020510496084201173
1.026,0.01303201861820924,0.012390713886967109,9241,-0.5215529704856494,0.15862382714483478,-3.2879862998730616,0.0010128400731284515,-0.44415337441672775,0.07487095434275198,-5.932252077133097,3.0955127405517415e-09,-0.8277371986952314,0.10115859457157025,-8.182569184564965,3.146540558170846e-16,-0.6667271857286532,0.1317139068752321,-5.061934624414566,4.230296213047651e-07,-0.3569672883092799,0.13324556501715612,-2.6790181591658855,0.0073969229606433585,-0.6024905940567072,0.2205390821575219,-2.73189943552215,0.006309004706256777,0.2293706372970851,0.05616566098939188,4.083823340749195,4.467465272941414e-05
1.08,0.013927677651721093,0.01324274665680436,8645,-0.4670373787759401,0.1749386718790952,-2.669720615569336,0.007605640926019166,-0.4706876263417575,0.07825211936291845,-6.015014419721947,1.871825787376273e-09,-0.9117214669938268,0.10731064796078522,-8.496095069028,2.2874329078214035e-17,-0.7313080983105655,0.1404075564609817,-5.208466814346926,1.9479863287874558e-07,-0.41073810399421784,0.1421159054322787,-2.890162805808836,0.0038600126099215828,-0.5589716703223844,0.2446368476326787,-2.2849038308475844,0.022342598102945407,0.24658223213023633,0.06030669512040522,4.088803600295507,4.37535332475405e-05
1.134,0.016000929410509457,0.015262837846121813,8006,-0.32862866233851135,0.20192524459870123,-1.6274768565545918,0.10367524542770742,-0.4911934816805903,0.0828528169647608,-5.928506714376485,3.1838879133108614e-09,-1.027494874594378,0.11447047881027912,-8.976068635978413,3.449834210433581e-19,-0.7843589257801424,0.15092452140129536,-5.197027749351607,2.075039273622508e-07,-0.43816549133031985,0.15273968098054178,-2.86870765028074,0.0041323145810655436,-0.6254094260953026,0.28798924447375357,-2.1716416084847934,0.029911995174372975,0.2637228332164585,0.06523444674036596,4.042692877676715,5.3336474741780595e-05
1.188,,,7314,,,,,,,,,,,,,,,,,,,,,,,,,,,,
1.242,,,6582,,,,,,,,,,,,,,,,,,,,,,,,,,,,
1.296,,,5843,,,,,,,,,,,,,,,,,,,,,,,,,,,,
1.35,,,4441,,,,,,,,,,,,,,,,,,,,,,,,,,,,
1.404,,,4441,,,,,,,,,,,,,,,,,,,,,,,,,,,,
1.458,,,3768,,,,,,,,,,,,,,,,,,,,,,,,,,,,
1.512,,,3126,,,,,,,,,,,,,,,,,,,,,,,,,,,,
1.566,,,2550,,,,,,,,,,,,,,,,,,,,,,,,,,,,
1.6199999999999999,,,2092,,,,,,,,,,,,,,,,,,,,,,,,,,,,
1.674,,,1685,,,,,,,,,,,,,,,,,,,,,,,,,,,,
1.728,,,1342,,,,,,,,,,,,,,,,,,,,,,,,,,,,
1.782,,,1060,,,,,,,,,,,,,,,,,,,,,,,,,,,,
1.836,,,644,,,,,,,,,,,,,,,,,,,,,,,,,,,,
1.89,,,644,,,,,,,,,,,,,,,,,,,,,,,,,,,,
1.944,,,495,,,,,,,,,,,,,,,,,,,,,,,,,,,,
1.998,,,383,,,,,,,,,,,,,,,,,,,,,,,,,,,,
2.052,,,320,,,,,,,,,,,,,,,,,,,,,,,,,,,,
2.106,,,257,,,,,,,,,,,,,,,,,,,,,,,,,,,,
2.16,,,204,,,,,,,,,,,,,,,,,,,,,,,,,,,,
2.214,,,163,,,,,,,,,,,,,,,,,,,,,,,,,,,,
2.268,,,131,,,,,,,,,,,,,,,,,,,,,,,,,,,,
2.322,,,112,,,,,,,,,,,,,,,,,,,,,,,,,,,,
2.376,,,84,,,,,,,,,,,,,,,,,,,,,,,,,,,,
2.43,,,52,,,,,,,,,,,,,,,,,,,,,,,,,,,,
2.484,,,52,,,,,,,,,,,,,,,,,,,,,,,,,,,,
2.538,,,41,,,,,,,,,,,,,,,,,,,,,,,,,,,,
2.592,,,32,,,,,,,,,,,,,,,,,,,,,,,,,,,,
2.646,,,21,,,,,,,,,,,,,,,,,,,,,,,,,,,,
2.7,,,14,,,,,,,,,,,,,,,,,,,,,,,,,,,,
2.754,,,14,,,,,,,,,,,,,,,,,,,,,,,,,,,,
2.808,,,14,,,,,,,,,,,,,,,,,,,,,,,,,,,,
2.862,,,11,,,,,,,,,,,,,,,,,,,,,,,,,,,,
2.916,,,11,,,,,,,,,,,,,,,,,,,,,,,,,,,,
2.9699999999999998,,,8,,,,,,,,,,,,,,,,,,,,,,,,,,,,
3.024,,,7,,,,,,,,,,,,,,,,,,,,,,,,,,,,
3.078,,,7,,,,,,,,,,,,,,,,,,,,,,,,,,,,
3.132,,,4,,,,,,,,,,,,,,,,,,,,,,,,,,,,
3.186,,,4,,,,,,,,,,,,,,,,,,,,,,,,,,,,
3.2399999999999998,,,4,,,,,,,,,,,,,,,,,,,,,,,,,,,,
3.294,,,4,,,,,,,,,,,,,,,,,,,,,,,,,,,,
3.348,,,4,,,,,,,,,,,,,,,,,,,,,,,,,,,,
3.402,,,4,,,,,,,,,,,,,,,,,,,,,,,,,,,,
3.456,,,4,,,,,,,,,,,,,,,,,,,,,,,,,,,,
3.51,,,4,,,,,,,,,,,,,,,,,,,,,,,,,,,,
3.564,,,3,,,,,,,,,,,,,,,,,,,,,,,,,,,,
3.618,,,3,,,,,,,,,,,,,,,,,,,,,,,,,,,,
3.672,,,3,,,,,,,,,,,,,,,,,,,,,,,,,,,,
3.726,,,3,,,,,,,,,,,,,,,,,,,,,,,,,,,,
3.78,,,3,,,,,,,,,,,,,,,,,,,,,,,,,,,,
3.834,,,3,,,,,,,,,,,,,,,,,,,,,,,,,,,,
3.888,,,3,,,,,,,,,,,,,,,,,,,,,,,,,,,,
3.942,,,3,,,,,,,,,,,,,,,,,,,,,,,,,,,,
3.996,,,3,,,,,,,,,,,,,,,,,,,,,,,,,,,,
4.05,,,3,,,,,,,,,,,,,,,,,,,,,,,,,,,,
4.104,,,3,,,,,,,,,,,,,,,,,,,,,,,,,,,,
4.158,,,3,,,,,,,,,,,,,,,,,,,,,,,,,,,,
4.212,,,3,,,,,,,,,,,,,,,,,,,,,,,,,,,,
4.266,,,3,,,,,,,,,,,,,,,,,,,,,,,,,,,,
4.32,,,3,,,,,,,,,,,,,,,,,,,,,,,,,,,,
4.374,,,3,,,,,,,,,,,,,,,,,,,,,,,,,,,,
4.428,,,3,,,,,,,,,,,,,,,,,,,,,,,,,,,,
4.482,,,3,,,,,,,,,,,,,,,,,,,,,,,,,,,,
4.536,,,3,,,,,,,,,,,,,,,,,,,,,,,,,,,,
4.59,,,3,,,,,,,,,,,,,,,,,,,,,,,,,,,,
4.644,,,3,,,,,,,,,,,,,,,,,,,,,,,,,,,,
4.6979999999999995,,,3,,,,,,,,,,,,,,,,,,,,,,,,,,,,
4.752,,,3,,,,,,,,,,,,,,,,,,,,,,,,,,,,
4.806,,,3,,,,,,,,,,,,,,,,,,,,,,,,,,,,
4.86,,,3,,,,,,,,,,,,,,,,,,,,,,,,,,,,
4.914,,,3,,,,,,,,,,,,,,,,,,,,,,,,,,,,
4.968,,,3,,,,,,,,,,,,,,,,,,,,,,,,,,,,
5.022,,,3,,,,,,,,,,,,,,,,,,,,,,,,,,,,
5.076,,,3,,,,,,,,,,,,,,,,,,,,,,,,,,,,
5.13,,,3,,,,,,,,,,,,,,,,,,,,,,,,,,,,
5.184,,,3,,,,,,,,,,,,,,,,,,,,,,,,,,,,
5.2379999999999995,,,3,,,,,,,,,,,,,,,,,,,,,,,,,,,,
5.292,,,3,,,,,,,,,,,,,,,,,,,,,,,,,,,,
5.346,,,3,,,,,,,,,,,,,,,,,,,,,,,,,,,,
5.4,,,3,,,,,,,,,,,,,,,,,,,,,,,,,,,,
