peth_time,r_squared,r_squared_adj,n_trials,Intercept_beta,Intercept_se,Intercept_tstat,Intercept_pvalue,C(reward_seq_3)[T.001]_beta,C(reward_seq_3)[T.001]_se,C(reward_seq_3)[T.001]_tstat,C(reward_seq_3)[T.001]_pvalue,C(reward_seq_3)[T.010]_beta,C(reward_seq_3)[T.010]_se,C(reward_seq_3)[T.010]_tstat,C(reward_seq_3)[T.010]_pvalue,C(reward_seq_3)[T.011]_beta,C(reward_seq_3)[T.011]_se,C(reward_seq_3)[T.011]_tstat,C(reward_seq_3)[T.011]_pvalue,C(reward_seq_3)[T.100]_beta,C(reward_seq_3)[T.100]_se,C(reward_seq_3)[T.100]_tstat,C(reward_seq_3)[T.100]_pvalue,C(reward_seq_3)[T.101]_beta,C(reward_seq_3)[T.101]_se,C(reward_seq_3)[T.101]_tstat,C(reward_seq_3)[T.101]_pvalue,C(reward_seq_3)[T.110]_beta,C(reward_seq_3)[T.110]_se,C(reward_seq_3)[T.110]_tstat,C(reward_seq_3)[T.110]_pvalue,C(reward_seq_3)[T.111]_beta,C(reward_seq_3)[T.111]_se,C(reward_seq_3)[T.111]_tstat,C(reward_seq_3)[T.111]_pvalue,Port_beta,Port_se,Port_tstat,Port_pvalue
-2.16,0.053596046197830316,0.05310606227145076,15461,0.1739110084492513,0.0450730050674916,3.858429412213358,0.00011458167207632496,-0.2104606188913615,0.06599429843051347,-3.189072751685649,0.0014301468750091632,-0.28455585726633864,0.07939748600221853,-3.583940394011815,0.00033949118123129037,-0.7141309572810348,0.0588333969771014,-12.138190109250063,9.440095321240398e-34,0.4615646704019049,0.06608485834847244,6.98442399570603,2.9769489794817877e-12,0.6011102669279467,0.06338908881993652,9.482866501448926,2.8264359110358213e-21,0.4814037883185522,0.058902297933985034,8.172920330851731,3.241724193509719e-16,0.19194001035314281,0.04862960623609511,3.9469785015589167,7.949402950099489e-05,-0.056356885703643736,0.012421816640026813,-4.536927837273413,5.75094990584255e-06
-2.106,0.05404417906756742,0.053554427154063666,15461,0.15025361011574087,0.04212955689499963,3.566465474351441,0.00036292205621597383,-0.22238714609795746,0.061684605814737864,-3.6052292652379094,0.00031285904393303513,-0.2655648132084071,0.0742125114321018,-3.5784372214835574,0.000346712774368849,-0.6436056492346668,0.054991339973037935,-11.703763711708506,1.6560018832213108e-31,0.44254969527204424,0.06176925180650935,7.164562987719524,8.155996001706556e-13,0.5494831430751853,0.05924952685011471,9.27405115766121,2.0246006658295565e-20,0.46863334456938155,0.055055741420840285,8.51197954064768,1.865297741272921e-17,0.20584886010943668,0.04545389772963309,4.528739456709697,5.978039122592885e-06,-0.0612438141584333,0.0116106221471509,-5.274808996644659,1.3468680561408454e-07
-2.052,0.054747170044436966,0.05425778209209131,15461,0.1391747090375991,0.039104026798917224,3.5590889335584435,0.0003732596087160794,-0.21979444394935757,0.057254731752150234,-3.8388869744569725,0.00012408592118927405,-0.2673685693753546,0.06888294702668235,-3.881491441877295,0.0001042492180617678,-0.5844733499549227,0.0510421421562417,-11.450799775719254,3.085199497954218e-30,0.39670592092489426,0.057333298900124334,6.919293474041382,4.7173740539501554e-12,0.5232154548031835,0.054994527750303605,9.513954864360029,2.100668044227067e-21,0.46131291379286343,0.05110191862023415,9.027311033488349,1.9633803895541121e-19,0.19850276016189716,0.042189630414693,4.70501301411653,2.560486998228726e-06,-0.052922879352570035,0.0107768064289368,-4.910812836952033,9.162651414080145e-07
-1.998,0.05652571146860608,0.056037244324660174,15461,0.10008999002044248,0.03584111854734555,2.7926022980623553,0.005235020022264772,-0.18138447818515493,0.05247729699750786,-3.456437136877855,0.0005488385300017965,-0.23773864952642387,0.06313523369266427,-3.7655463616989335,0.0001668011921862657,-0.5123615778437334,0.04678309672146036,-10.951852565345524,8.238242962096698e-28,0.3963275497362084,0.05254930836551727,7.542012674638313,4.8847073808385034e-14,0.5126690171474833,0.050405688362726214,10.170856381491054,3.189322635348206e-24,0.4529500813610057,0.0468378853329584,9.670592046184426,4.642867827803651e-22,0.21390416087277564,0.038669254011547916,5.531634016236692,3.224121445977875e-08,-0.04908198767904403,0.00987757088975846,-4.969034211633408,6.800691885169683e-07
-1.944,0.059619031784002074,0.0591321661519979,15461,0.06051586508536191,0.03308633814773042,1.8290287917375057,0.06741455761896456,-0.1683807404063526,0.04844384505591874,-3.4757922335023297,0.0005107449752187736,-0.25761015163557877,0.05828260321262158,-4.42001793735581,9.936515063187999e-06,-0.443755838837499,0.04318730610149594,-10.275145150165502,1.0951381788524367e-24,0.38355570051663707,0.0485103215658327,7.906682292264725,2.821104268755217e-15,0.5164349785428842,0.04653146211202147,11.09861919446246,1.632778673017099e-28,0.434917510729828,0.04323788361135446,10.058714127617863,9.94877680824276e-24,0.22760099438800638,0.035697100592897414,6.375895818084781,1.8705991701190527e-10,-0.0555138814280013,0.009118371964452294,-6.088135211463246,1.169352449754481e-09
-1.89,0.05829572489223811,0.057808174141470436,15461,0.028027257942339807,0.031103371781843615,0.9011003096037494,0.36754903250886883,-0.1384869150939063,0.04554045590021346,-3.0409646183023207,0.0023621659652397447,-0.2241208353220042,0.0547895469133441,-4.090576541479286,4.3248372012752746e-05,-0.3866530766268357,0.040598957549590725,-9.52371932590997,1.913344192469411e-21,0.37814927149517,0.04560294826770911,8.292211049059144,1.202373596896942e-16,0.508556055184787,0.04374268796869718,11.626081496151222,4.0925165503200285e-31,0.41629281980870947,0.04064650379317638,10.241786647308041,1.5433317039247592e-24,0.22784823723375047,0.0335576631755763,6.789752791832697,1.1641910915084108e-11,-0.0527825071965239,0.00857187978884735,-6.157635022506715,7.566570615289721e-10
-1.836,0.05547340377299981,0.05498439181533632,15461,-0.004457495785550099,0.02957666104352312,-0.1507099053199661,0.8802065264060592,-0.11742871711887312,0.043305100082891665,-2.711660217713366,0.006702120426040245,-0.15791607410094685,0.05210019894788828,-3.0310071226195863,0.00244142948391503,-0.3263404614696857,0.03860615545436064,-8.453068108671902,3.088094220733834e-17,0.38707142503513375,0.043364525009044044,8.92599250088423,4.905782782144998e-19,0.4933460265408694,0.0415955756905423,11.860540895291487,2.6202336196906734e-32,0.4008731508851007,0.03865136788792859,10.37151264730011,4.0403977010606484e-25,0.24008479977762,0.03191048340733647,7.523696733545022,5.6176840189664465e-14,-0.051170018941289995,0.008151128591420422,-6.277660616856134,3.52880323905513e-10
-1.782,0.05435889884742495,0.05386930987452687,15461,-0.0039783484729099105,0.028392058383651678,-0.14012187560168826,0.888565523200049,-0.12257238208467341,0.04157064680337158,-2.9485319933663434,0.003197649728090489,-0.18251323903034794,0.05001348489444326,-3.6492805773393737,0.00026384197882679404,-0.3279553861049054,0.0370599040241756,-8.84933177082616,9.744080802497844e-19,0.3572583565886643,0.04162769164593444,8.582228378823784,1.0180127962687665e-17,0.4582822045027974,0.0399295921797805,11.477257329336355,2.2787102476096868e-30,0.3656162940273299,0.03710330561205731,9.85400863874827,7.690822732833038e-23,0.20898382500665025,0.030632406633677382,6.822311661823288,9.29145228503614e-12,-0.0453344711988309,0.007824660076392919,-5.79379433179538,7.015307693449436e-09
-1.728,0.049969942273225376,0.04947808099560347,15461,-0.006763830489604059,0.027375420980164676,-0.2470767662168522,0.8048520967456814,-0.14832149698528696,0.04008212230626116,-3.7004402075315737,0.00021597278258898126,-0.16642921887489434,0.048222646810942404,-3.45126677777316,0.0005594535574599469,-0.3093319132791342,0.035732896165446,-8.656782586189044,5.325479105823049e-18,0.3539968433543016,0.04013712453818121,8.819686198934239,1.2686084577633851e-18,0.4108748274993238,0.038499829097181276,10.672120815450725,1.6999768796552203e-26,0.3220049073985363,0.03577474366813195,9.000900478439416,2.495119039319549e-19,0.17797960609896843,0.0295355488461296,6.02594544716887,1.7194271316179104e-09,-0.03526129494314291,0.00754448165481666,-4.673786292611749,2.9819358775402416e-06
-1.674,0.04484153838640614,0.044347021968278444,15461,-0.020038574628590513,0.026854942848269742,-0.7461782637858637,0.45557108827213144,-0.13862148331068183,0.03932005665052337,-3.525464994690864,0.0004239636792377882,-0.1551551782522572,0.047305808558651255,-3.2798335548982496,0.001040981835262406,-0.28943464519702733,0.035053520638879204,-8.256935107282898,1.6145097488286127e-16,0.3397279501787528,0.03937401314660102,8.628227681893787,6.829875533426838e-18,0.3705789658068644,0.03776784696104191,9.812022543649947,1.164025918069955e-22,0.30581680464428046,0.03509457251142532,8.714076928696576,3.2248745273368078e-18,0.15547571541905789,0.028974001051154545,5.3660423061544185,8.16435553311192e-08,-0.03126742247665033,0.007401041386969828,-4.224732823640107,2.4059580599335422e-05
-1.6199999999999999,0.03794562044175043,0.03744753378394128,15461,-0.038163624248576604,0.026387193041885065,-1.4462934419738587,0.14811519732642972,-0.13034984325963955,0.03863519394240922,-3.3738627908518577,0.0007430344019636672,-0.1224165575422512,0.046481852874991875,-2.633641947782887,0.00845586571134104,-0.25906617828989176,0.034442970931714466,-7.521597913359684,5.708289693727738e-14,0.319090440974474,0.03868821064350253,8.247743580461078,1.7430361436275977e-16,0.33447489979763756,0.037110020087106434,9.013061674785998,2.2345974636832043e-19,0.2687621187947533,0.034483307777401516,7.793977321714055,6.905046631232926e-15,0.148291955627339,0.028469342245569337,5.20882970699534,1.924759884486191e-07,-0.024116775792216428,0.007272132690520185,-3.3163277979862222,0.0009141904530623233
-1.566,0.03107244722701774,0.03057080210520935,15461,-0.04448416618619323,0.02597222247512922,-1.7127593231111005,0.08677688787511648,-0.12115665914006314,0.038027608728568744,-3.1860183480073148,0.001445321933870535,-0.1062164978251337,0.045750869446751524,-2.3216279626938423,0.02026591332949212,-0.22833104431833354,0.03390131350170282,-6.735168072672605,1.6951862701289674e-11,0.310187769257086,0.03807979167783157,8.145731780293959,4.0560861389411473e-16,0.29071749792946955,0.036526420079200206,7.959101858301663,1.8526003864865264e-15,0.2468812947528694,0.03394101600164156,7.273833368480454,3.661991108503355e-13,0.11211047640806444,0.028021627361001757,4.000855302361589,6.34080800820998e-05,-0.015863371177090153,0.007157769597055915,-2.2162450134766796,0.026689237312590056
-1.512,0.023026422907086563,0.022520612098340553,15461,-0.034191851958858814,0.02558050278268021,-1.3366372134799902,0.1813607655067815,-0.1148771181794451,0.03745406662180485,-3.0671467357450157,0.002164863245943249,-0.10386706070730581,0.04506084314938256,-2.305040328761115,0.021177500985892876,-0.20607722578272372,0.03339000523337032,-6.171823704201399,6.919177430522135e-10,0.29054605139203793,0.03750546253449982,7.7467662510434545,1.0009533899066402e-14,0.22149716443478318,0.03597551928303657,6.156885817051293,7.602349770941139e-10,0.1866036410617279,0.03342910893006532,5.5820704480071,2.416701374778961e-08,0.05762966546747661,0.02759899802066388,2.088107163322676,0.03680450123100781,-0.004707757984136843,0.007049814287961186,-0.6677846808214762,0.5042810199615709
-1.458,0.019014430175861685,0.01850654222876147,15461,-0.028205831471829788,0.02503784184598304,-1.1265280628152465,0.25995956368034917,-0.08375645317774225,0.03665952168854934,-2.2847121107939525,0.02234320554981445,-0.04307722889003369,0.04410492920353297,-0.976698742474867,0.32873360817746367,-0.19592850405398166,0.03268167468685221,-5.995057044393243,2.079418868590725e-09,0.28401650099672815,0.03670982729608642,7.736797525795136,1.082283709880198e-14,0.1770722820324005,0.035212340030535014,5.028699651282735,4.993491622896492e-07,0.15371410493296958,0.032719948843609806,4.69787118762534,2.6515106826946927e-06,0.020459541269368223,0.027013517029729754,0.7573816192408954,0.4488328139146526,0.003427316004229511,0.00690026058850707,0.4966937060229257,0.6194121274939525
-1.404,0.014097036287948117,0.013586602447041018,15461,-0.02520344006014216,0.02472357188965354,-1.0194093382877834,0.3080246348231313,-0.03276419969752421,0.036199378743682516,-0.9051039226258045,0.36542444597875545,0.03115129382434118,0.043551333000634455,0.7152776201795561,0.47444832167731554,-0.15439470202297212,0.03227146087769918,-4.784248925330331,1.7321348314450442e-06,0.28382306840196614,0.036249052925349065,7.829806450018667,5.20193749633034e-15,0.1357464288553708,0.03477036181884537,3.9040844487789275,9.498450899081664e-05,0.09198303788433393,0.03230925462493719,2.8469563582360964,0.004419758197749629,-0.01118144212744827,0.026674448795755694,-0.41918175003591474,0.6750891356176674,0.012092738676420073,0.006813649905080289,1.7747813352434898,0.07595368244047407
-1.35,0.011583698465535308,0.01107196338837535,15461,-0.0009720801280406068,0.024629230553108263,-0.03946855448628411,0.968517333753111,-0.025068784588670154,0.03606124749840655,-0.6951724171433026,0.4869577094950279,0.024085064279437872,0.04338514783200484,0.5551453776923755,0.5788032628602293,-0.13017247066154664,0.03214831796109072,-4.049122284378768,5.166082471426188e-05,0.2368163078823327,0.03611073213105845,6.55805889016162,5.624294586888427e-11,0.0907045362382134,0.03463768348171863,2.6186663518097624,0.008836039370861618,0.02019548382555515,0.032185967493219225,0.6274623818535152,0.5303654591127777,-0.06314420977070812,0.026572663213873273,-2.3762845772169827,0.017500083398452364,0.024694395358772134,0.00678765006809614,3.638136190143732,0.0002755124588878074
-1.296,0.009027450405511561,0.008514391876081273,15461,-0.0011138243706495618,0.024435276930248676,-0.04558263750515336,0.9636434970859501,0.002956257791696419,0.035777267469794996,0.0826295019370119,0.9341472126144097,0.05297228718552597,0.043043492554460897,1.2306688895772722,0.21846546131973746,-0.05700205133465985,0.031895152003512374,-1.7871697657494356,0.07392964846271918,0.17501090386681956,0.03582636241411465,4.88497553404612,1.0447745016386415e-06,0.041787007923038764,0.03436491392912312,1.2159788326321301,0.22401156130518146,-0.044846466493913335,0.031932505047971904,-1.4044142927885208,0.16021561700015433,-0.09392201742046058,0.0263634051825172,-3.5625905216047222,0.00036831859695364967,0.029636983984585325,0.006734197755870161,4.400967280586754,1.0849161370490782e-05
-1.242,0.01097063644587648,0.010458583966687196,15461,0.0010852417971540602,0.024163045384624212,0.04491328720694443,0.9641770062416188,0.04804765131809876,0.03537867567771814,1.3580963786148637,0.17445293320865748,0.08328438484188097,0.04256394830617491,1.9566884219196976,0.05040209550239234,0.012062884720515454,0.031539810562012494,0.38246535110912677,0.7021214849983679,0.12133108760294735,0.03542722365902965,3.4247980810097327,0.0006168549984095383,-0.01756791347380273,0.03398205705948822,-0.5169761631277571,0.6051801980722576,-0.08830493345033552,0.031576747459069396,-2.7965177086335027,0.0051720396413155924,-0.12626458303555493,0.026069692507958712,-4.843347615128492,1.289063949512561e-06,0.02887542259468131,0.006659172575314424,4.336187757278224,1.4589310462573988e-05
-1.188,0.014817808489114626,0.014307747815280325,15461,0.005019868081034033,0.02412009077788743,0.2081197839286781,0.8351381829508593,0.044474988472371156,0.03531578306313191,1.2593516160427727,0.2079223799173513,0.074033618269116,0.04248828244404728,1.7424478941131758,0.08144999606064035,0.07248121293553886,0.03148374229173949,2.302179082267359,0.02133830423533694,0.06321009339371857,0.03536424474077549,1.7874011973691721,0.07389226068154306,-0.09228717288327964,0.03392164721156292,-2.7205982158738324,0.006523682059299769,-0.13653894068845482,0.03152061352613418,-4.331734868524957,1.4887210058671896e-05,-0.16049544462086035,0.026023348457711596,-6.1673633153576795,7.116638329475402e-10,0.02527627444888613,0.006647334574987404,3.8024676152146335,0.00014381283878409264
-1.134,0.02111570846551014,0.020608908418119798,15461,-0.014175553257337077,0.024118317802638473,-0.5877504962550213,0.5567083650743634,0.08381252598833425,0.03531318713553591,2.3734058799805444,0.017637041397794536,0.12205820523816639,0.04248515929356508,2.8729609884422316,0.004071981678896207,0.14311534230598963,0.031481428042745084,4.546024472322839,5.508357751952142e-06,6.801657379479303e-05,0.03536164525094767,0.0019234561432904548,0.9984653298161003,-0.1291509080253262,0.033919153761539714,-3.807609969673476,0.0001408586189061491,-0.15121409216010911,0.03151829656687692,-4.7976606806543725,1.6202860137168628e-06,-0.16411467478422892,0.026021435581299344,-6.306903178784346,2.924140829159638e-10,0.03344847002953534,0.006646845954949382,5.032231866999852,4.902482077285733e-07
-1.08,0.029556708356364703,0.0290542784875355,15461,-0.00015053140169747224,0.024083640489725243,-0.0062503591083620915,0.9950130481267001,0.0747762569569557,0.03526241384154903,2.120565463639595,0.033974272978765784,0.09381940434360285,0.042424074139324745,2.2114661603572277,0.027018153759261473,0.1847025700927423,0.03143616405127905,5.875480538638659,4.302884794382716e-09,-0.11904326787800644,0.035310802283891336,-3.371298871119492,0.0007499796751749514,-0.21451259470692333,0.03387038480848229,-6.333337985968265,2.4654530549961783e-10,-0.20298269792259602,0.03147297956585366,-6.449427436569125,1.1560863999551741e-10,-0.19819599094714357,0.025984021965992997,-7.627610198549545,2.5304444372627307e-14,0.034390811220910415,0.006637289121054416,5.181454445282174,2.2293250623694207e-07
-1.026,0.03660222319012729,0.036103441012125814,15461,-0.0006340539046910578,0.024463650492248933,-0.025918204844037958,0.9793229142480314,0.09308036877305675,0.03581881103484857,2.5986448484428393,0.009368143048330186,0.07836297201380098,0.04309347345740657,1.8184417668548962,0.06901599032434322,0.22489196549528354,0.031932187764370026,7.042798544051474,1.9636273674778217e-12,-0.2012122720215954,0.03586796298684817,-5.609804830438088,2.0602897657121142e-08,-0.2655610604077856,0.034404817508639926,-7.71871730873435,1.2467162946616242e-14,-0.22873004043397205,0.0319695841821429,-7.154614183619339,8.767770965949755e-13,-0.2063788072325828,0.026394017633262865,-7.819150918975497,5.659815580422931e-15,0.037106683947674454,0.006742017318467858,5.503795406462564,3.776177216900896e-08
-0.972,0.041542839042158275,0.041046614780725243,15461,0.009403768293270888,0.02518451260332269,0.3733948892078306,0.7088596850815568,0.06863151459821897,0.036874271819285216,1.8612303704482847,0.06273062729769419,0.07215920358457671,0.044363294257857,1.62655196805627,0.10385267857531578,0.24866522478582137,0.0328731227360465,7.564393160408563,4.115788778854159e-14,-0.2665130440101601,0.036924872115222405,-7.2177106850503945,5.533005979624019e-13,-0.3267546715700407,0.03541861262430525,-9.225507363487536,3.1804492245661754e-20,-0.27342173633123484,0.032911621101407725,-8.307756566860203,1.055515103770558e-16,-0.21858182783193747,0.027171761219685512,-8.04444828087104,9.288326904893725e-16,0.035596614010584074,0.006940682061435243,5.128691055936821,2.9529164107907684e-07
-0.918,0.04598985799349942,0.0454959360975602,15461,-0.008091370841000435,0.025895489075424702,-0.31246256123732746,0.7546932279300486,0.07898057526626588,0.037915258401092125,2.0830815507244678,0.03726019090493401,0.09878456395681097,0.04561570120092856,2.165582493661198,0.03035835372244374,0.29368754950478704,0.03380115407014376,8.688684087393291,4.029333723345483e-18,-0.32011367378386507,0.03796728717890861,-8.431302249102826,3.7171623788996586e-17,-0.3678639736953653,0.03641850492506211,-10.101017997644721,6.4865265981760554e-24,-0.2863161896888251,0.03384073927138771,-8.460695476913088,2.8935190590669764e-17,-0.19726031185582646,0.027938839115416617,-7.060433364497899,1.7305465882635285e-12,0.029315998431213706,0.007136622388879575,4.107825359639943,4.0145946578185744e-05
-0.864,0.0525709095245982,0.0520803948518177,15461,-0.019824751048950845,0.026629375230268912,-0.744469251626173,0.4566039581315592,0.10486997440167477,0.0389897885293649,2.689677947924561,0.007159781218437474,0.08924550179525521,0.0469084642554268,1.902545803019558,0.057118408281422214,0.3221945081350039,0.034759089211572544,9.269359912564504,2.115137274271644e-20,-0.40346143150584524,0.03904329181880701,-10.33369402811213,5.981851140789768e-25,-0.4006711924087508,0.037450616597746955,-10.69865408925885,1.2798625879464097e-26,-0.32319360934028935,0.03479979626964048,-9.28722705259758,1.7903102401561083e-20,-0.18655775402363897,0.028730634441216533,-6.49333917095844,8.651630255438262e-11,0.033931485001322474,0.007338876470596085,4.623525840402443,3.8032717502193175e-06
-0.8099999999999999,0.06010858073417469,0.05962196855749036,15461,-0.019683006156063925,0.027598115226027797,-0.7132011006860669,0.47573209586486354,0.1470774139895896,0.04040818333765329,3.639792780600939,0.00027374757208939595,0.16677013781077366,0.0486149295806893,3.430430512790821,0.00060419958120208,0.35630382490569246,0.036023577005380295,9.890850785097681,5.338531296553141e-23,-0.47302132417664255,0.04046363300307827,-11.69003594266134,1.9439383869464397e-31,-0.44445462734163294,0.03881301845097672,-11.451173989547014,3.0720200373615494e-30,-0.35338902751924745,0.036065764930157236,-9.798462009709183,1.3302591930829326e-22,-0.1694711800743554,0.029775815353125342,-5.691571433544885,1.2816025795529455e-08,0.020947203520246906,0.007605854689180767,2.754089366188397,0.005892450762361102
-0.756,0.0610287080656049,0.060542572268589945,15461,-0.019357926805741592,0.028762219348532618,-0.6730331401470655,0.5009362728810348,0.17829212614087814,0.04211262338441162,4.233697922672626,2.312081966417864e-05,0.13556560362312678,0.050665534829514025,2.675696685711412,0.007465270741367067,0.3568335682526632,0.037543071875080096,9.504644943279617,2.2961273862424856e-21,-0.5526387016212306,0.042170411948112246,-13.104892176562421,4.984802932705336e-39,-0.47721820742153914,0.04045017353985127,-11.79768010021976,5.503424440399082e-32,-0.3653991757061868,0.03758703931040515,-9.721414147270547,2.8304539540862885e-22,-0.1410734695854044,0.03103177609970653,-4.546097172528212,5.506459006643424e-06,0.013637733339653586,0.007926673945363078,1.7204862258313711,0.08536411596796042
-0.702,0.05854381290624655,0.058056390598664964,15461,-0.0001296676295309641,0.030121636927787063,-0.004304800228547551,0.996565332539707,0.16129589023977303,0.04410303448042503,3.6572515279274858,0.0002557808283394677,0.13008739922239848,0.05306019074514258,2.451694903383049,0.01422950518925602,0.3788460187461982,0.03931750768157152,9.635555280218508,6.52115307437468e-22,-0.5817298524804032,0.044163554362888734,-13.172170149629965,2.069318801297893e-39,-0.47420797510631607,0.04236201060387019,-11.194180076594204,5.628442151855894e-29,-0.37338242307711156,0.03936355319382699,-9.485485754768336,2.756743481416676e-21,-0.10030732906001577,0.03249846201271766,-3.086525418364795,0.0020286887965046407,0.005543591116697879,0.008301320274833287,0.6677963183162704,0.5042735905892552
-0.648,0.055780322740632604,0.05529146968484211,15461,0.03570906117593014,0.03171904637725376,1.1257923946142872,0.2602708889448801,0.1357758609198875,0.046441904847865,2.9235635653762233,0.003465517197640453,0.15236542221981533,0.055874076666747534,2.7269429994982435,0.006399620416764459,0.37800460669909053,0.0414025921824767,9.129974399503366,7.684188900889522e-20,-0.621222161764175,0.046505634218324314,-13.357997847052236,1.7839754445419672e-40,-0.4925207597821453,0.0446085510624535,-11.040949505232739,3.0917533023267156e-28,-0.3575821347408428,0.04145107957850358,-8.626606070986002,6.926897441861953e-18,-0.04040879129398512,0.0342219191553924,-1.1807868258498253,0.2377055937446627,0.0024664623993897374,0.008741555560912155,0.28215371763104935,0.7778294238456637
-0.594,0.052720553921693836,0.05223011672465616,15461,0.03677306819682179,0.033137349747083385,1.1097166332699375,0.2671384225781335,0.1342813780394362,0.04851853443387516,2.7676305479186585,0.005653261983748323,0.17126618118452497,0.05837246171527774,2.9340236157917547,0.003350906389350127,0.40117334870127364,0.043253891093348075,9.274849928194534,2.0095716244754458e-20,-0.5972138152544963,0.04858511343543009,-12.292115280294594,1.4483317996026702e-34,-0.4500801638341927,0.04660320303094601,-9.657708796009688,5.261351055969813e-22,-0.28033832809548453,0.04330454658220982,-6.473646538782878,9.854988144880436e-11,0.09707409597231277,0.035752137393445634,2.715196993791738,0.0066309940773190855,-0.0011167575378960345,0.0091324304176823,-0.12228481212775054,0.9026750501323453
-0.54,0.049953605411246826,0.04946173567550327,15461,0.012995808253603532,0.0347839424297939,0.37361516107133613,0.7086957783113295,0.16681648833177712,0.05092941715033889,3.2754446774709867,0.0010572805918979324,0.1810494483140234,0.061272985416351206,2.954800506027063,0.00313343205693218,0.4538424505423296,0.04540317403590847,9.995830912248438,1.872823001393971e-23,-0.5440177927503542,0.05099930445800819,-10.667161023701562,1.7924805528044437e-26,-0.40989067177882155,0.04891891305867333,-8.37898158708471,5.79359700973742e-17,-0.2009714544583954,0.04545634659260864,-4.421196807995873,9.882518652316181e-06,0.18991476012275993,0.03752865869863812,5.060526187408125,4.2290079890699927e-07,-0.004171937729980223,0.009586220271605127,-0.4352015300897805,0.6634222303561403
-0.486,0.04624749123220284,0.04575370272132129,15461,-0.008474379387774941,0.037312732520272014,-0.22711763023977966,0.8203352798765441,0.17153479155599136,0.054631982081371246,3.139823689729946,0.0016936800344401755,0.19048511793341463,0.06572752700972047,2.8981026154421374,0.003759554801142868,0.45293657825328476,0.04870398149354486,9.299785445945856,1.5920332468113224e-20,-0.5711056850058734,0.05470695019123658,-10.439362512614677,1.9915001800024456e-25,-0.43808086580827826,0.052475314488137935,-8.34832282724683,7.504990260290238e-17,-0.21538724839961068,0.048761019691258546,-4.4172014810884574,1.006666192084966e-05,0.18235259326620606,0.04025698946268526,4.529712621338243,5.950607494770889e-06,-0.016112539125754333,0.010283137789707145,-1.566889353742016,0.11716103364385613
-0.432,0.04743232205719805,0.046939146971543,15461,-0.09120162987548933,0.03982013673528903,-2.290339445134689,0.02201505394410437,0.18047469867188196,0.05830323457061578,3.0954491633443495,0.001968663997697279,0.2077190339869457,0.07014439672509923,2.961306158224028,0.003068030358735908,0.5011569156483706,0.05197687415608778,9.641921023249388,6.131363837272261e-22,-0.6124062733204975,0.058383240514538595,-10.489419016883724,1.178328767231386e-25,-0.4446949466576805,0.0560016395746326,-7.940748700134784,2.147133045313742e-15,-0.2035707023717856,0.052037745303245383,-3.911981604612099,9.193370910015194e-05,0.2202422952098479,0.04296224684386986,5.1264147336203285,2.988764010200835e-07,-0.033057656504177135,0.010974161504561156,-3.0123172955343773,0.0025968099863902297
-0.378,0.047686817731743325,0.04719377440672734,15461,-0.15386316459676064,0.04205920930049183,-3.6582514782312225,0.0002547860275600176,0.18064008705048037,0.061581605357172095,2.933344884446767,0.003358237198666618,0.20529596646251172,0.07408859197872035,2.7709524635247034,0.005595938645837339,0.5135914906826361,0.05489951587682195,9.355118756146801,9.47444337052509e-21,-0.6538505200274912,0.061666110007748826,-10.603077118782583,3.5468776139925206e-26,-0.4718843566759563,0.05915059246777553,-7.97767760201274,1.595079912570579e-15,-0.23399341683161104,0.05496380978760588,-4.257227032402248,2.081998686579769e-05,0.22124772715208385,0.04537799917759628,4.875660698176326,1.095227374009292e-06,-0.0562297472922312,0.011591234823879814,-4.851057557421652,1.2400185934254494e-06
-0.324,0.050640449493072004,0.050148935358716895,15461,-0.13894160319816737,0.04409946726859994,-3.1506413071138777,0.0016322323592300526,0.20544795799768073,0.06456887884872083,3.1818418046103467,0.0014663123721904904,0.20903608677480984,0.07768256919903693,2.690900789329215,0.007133603464129187,0.5522804590329455,0.05756264665307393,9.594424355806666,9.702048718368253e-22,-0.7374569210915549,0.06465748275103217,-11.405592821037908,5.1695434133411216e-30,-0.5002581810205323,0.06201993950515036,-8.066086246004627,7.788044556293545e-16,-0.2882014716354829,0.05763005940907534,-5.000887984337183,5.769256079461441e-07,0.20604796032482509,0.047579248938081235,4.330626584563622,1.4962251146076341e-05,-0.06425970130990148,0.012153516179210866,-5.287334164233111,1.258012442121815e-07
-0.27,0.053533493338191906,0.0530434770261744,15461,-0.10665284190339117,0.046316416614216524,-2.302700634026484,0.02130891379519138,0.21178432103181907,0.0678148576003234,3.1229781868746285,0.0017936167709845022,0.2988453755512829,0.08158779372029196,3.662868695479335,0.00025023946811807607,0.6327332546635286,0.060456411129915025,10.465941375577945,1.5076299318656031e-25,-0.6996059890005781,0.06790791575969075,-10.302274501787243,8.278547790290812e-25,-0.4730589853876144,0.06513777908048292,-7.2624365163434925,3.9831260907186157e-13,-0.20190627849128878,0.06052721283083028,-3.3357934232921647,0.0008525672674613674,0.34407748676456723,0.04997113236278902,6.885525112110214,5.979335959979793e-12,-0.07871338483662499,0.012764492488206481,-6.166589459733771,7.151451980081318e-10
-0.216,0.05659115358193112,0.05610272031948327,15461,-0.21396313300545453,0.04832895002063018,-4.427224943105945,9.610761644258194e-06,0.2537828098065008,0.07076153777009163,3.586451309623259,0.0003362431809806106,0.3816054830458039,0.08513293327168105,4.482466049043592,7.431589903412978e-06,0.6993139092901383,0.06308335327969883,11.0855538415899,1.8874197265437032e-28,-0.5945287385873452,0.07085863947747408,-8.390349334555676,5.2622396105225466e-17,-0.31411202066969207,0.06796813526954151,-4.621460033058384,3.841294946747894e-06,0.020952499508688497,0.06315723144461409,0.3317513929828107,0.7400814896028637,0.5787552223007729,0.05214246988386923,11.099497656895926,1.6169359925535667e-28,-0.11729755393220741,0.013319133141053244,-8.806695802947113,1.4237093910113665e-18
-0.162,0.05397504810298526,0.05348526039814594,15461,-0.36598392277031433,0.050004323961124225,-7.319045510041249,2.6203040028712197e-13,0.23619886302015566,0.07321456098534232,3.226118682422245,0.0012574253382282782,0.36207052600251793,0.08808415604437336,4.110506840981946,3.968304356440895e-05,0.667334710291889,0.065270204144836,10.224186043773644,1.848759676100062e-24,-0.5765916783502717,0.07331502882565455,-7.864576848512532,3.947112444534081e-15,-0.25315155197627304,0.07032432224579395,-3.599772367396173,0.0003194925980481147,0.051116717388461366,0.06534664337412817,0.7822393737319235,0.43408589544980125,0.6338513083230851,0.053950043505873006,11.748856296178595,9.768160305629217e-32,-0.12084869984013541,0.013780854915785899,-8.769318056001289,1.9822579128392793e-18
-0.108,0.05047684342290981,0.049985244584402344,15461,-0.5008544190525379,0.05148790365524318,-9.727613351792277,2.664186522743694e-22,0.2259994063046111,0.07538676585458792,2.9978657890767857,0.002723096774969738,0.36546623541568946,0.09069752734767576,4.029506052736453,5.616181356911608e-05,0.6581233278259769,0.0672067076675226,9.792524446841973,1.4102494721676655e-22,-0.5705902390795796,0.07549021447808033,-7.558466259825752,4.306979234758871e-14,-0.2591433818899678,0.07241077654057956,-3.578795785248096,0.00034623790294940643,0.05274180271711394,0.0672854147744587,0.7838519372126178,0.43313900932743055,0.6522247126734253,0.055550688864149905,11.741073351375556,1.070142873181901e-31,-0.0906818652713925,0.01418971948790879,-6.39067356818882,1.6988797465991906e-10
-0.054,0.046205900084829166,0.04571209004086585,15461,-0.6672961382668547,0.05257339979737718,-12.69265713913646,9.905999988539556e-37,0.22149180257027673,0.07697611087921839,2.8774096280054327,0.0040150390287681855,0.3800153551831483,0.09260966221912471,4.103409364392129,4.091946587900516e-05,0.6515239115500447,0.06862359623201154,9.494167419429438,2.5376785618586304e-21,-0.556442935816614,0.07708174046316439,-7.218868339934869,5.486271253492434e-13,-0.21801332628089823,0.07393738013100797,-2.9486211966748805,0.0031967275345222237,0.059793565869235954,0.06870396268521876,0.8703073815871785,0.3841459657241131,0.6690803173667977,0.05672183886588007,11.795814993742562,5.625618094431102e-32,-0.03834906327247688,0.014488874914108009,-2.6467937296591533,0.008134129077646813
0.0,0.04197715661409773,0.04148115721291423,15461,-0.8074547429018335,0.05352432769765166,-15.085752173534726,4.6418275894953413e-51,0.16889494261206298,0.07836842584784864,2.155140170098229,0.031166265068430364,0.3136190622755625,0.09428475098984475,3.326296765734068,0.0008821333222597842,0.5964509220995525,0.06986483405428848,8.537212321095335,1.5014908194821755e-17,-0.6133853431788827,0.07847596602001712,-7.816219083208539,5.792612250025144e-15,-0.24909260797969604,0.07527473167971423,-3.309113196704014,0.0009380601634636905,-0.015850649710844447,0.06994665414570238,-0.22661054920263593,0.8207295861713694,0.5956770560913147,0.0577478021731861,10.315146787835747,7.2475217188337275e-25,0.009367522221008548,0.014750944239137654,0.6350455990576083,0.5254080787691711
0.054,0.04204275913453881,0.04154663316011509,15456,-0.7813093225870452,0.05402139220787066,-14.46296162787919,4.2177126572597375e-47,0.12978266850760814,0.07909620722887602,1.640820376280037,0.10085506670215562,0.2978836032820353,0.09516034059624814,3.1303335130536496,0.0017493333940279399,0.519076697959733,0.07053112962166182,7.359540400729836,1.9383254860459114e-13,-0.7078158270542934,0.07920474783008706,-8.936532801956846,4.462225940855873e-19,-0.3174942198095926,0.075973782726308,-4.178997127908593,2.9440819005412926e-05,-0.08391679593219345,0.0706052537855428,-1.188534725575568,0.23464107901894302,0.528542546834765,0.05828514660873393,9.068220251427897,1.3527287888964393e-19,0.05599752065177217,0.014890395100073376,3.760647066476848,0.0001700996322565679
0.108,0.044425478134342944,0.04393007302936425,15440,-0.6061801115241547,0.05499761369419712,-11.021934786019884,3.8147262185520173e-28,0.1191805531914595,0.08047334887040443,1.480994078963829,0.13862856871748874,0.23215321790598026,0.09688634684299074,2.3961396571407154,0.016580608001970466,0.4617998379623881,0.07178224313515863,6.433343648691309,1.2850358535154356e-10,-0.7723123200611821,0.08058419059146925,-9.58391856259384,1.0737451305793437e-21,-0.38395676386648747,0.07728186048586537,-4.968265016558602,6.827773138285211e-07,-0.116231911885427,0.0718304968192595,-1.618141555917269,0.10565253264406395,0.5139538042026737,0.05932708123260732,8.663055615151258,5.04231289457815e-18,0.08962104344594098,0.015141431907137709,5.918927879185151,3.3091579308127313e-09
0.162,0.04335214210979943,0.04284966801990908,15240,-0.2505567079239768,0.05823313304351981,-4.302648592455541,1.6982089026951038e-05,0.11786653653701948,0.08495487586650499,1.3874016686485502,0.16533961536397226,0.2131298440765827,0.10194390449756964,2.090658045000265,0.03657526252772428,0.4491140151738861,0.07546257085380736,5.95148045040698,2.7155946748446526e-09,-0.8506958861208622,0.08426479616341159,-10.095507553013471,6.875776683409637e-24,-0.49387409288778916,0.08094929290691977,-6.1010303506378305,1.0793724714995068e-09,-0.18055513012872543,0.0752419924284709,-2.3996590773479434,0.016422281654168366,0.43166487242937235,0.06258839806576162,6.896883220686079,5.5248120440797316e-12,0.10155798707389346,0.015695072064187358,6.470692626230501,1.0053384471257541e-10
0.216,0.0441518886712472,0.04359494876661274,13739,0.15138572908564019,0.06830991802836307,2.216160309587593,0.026696857245750504,0.04866089521278629,0.10009010932491323,0.4861708668418269,0.6268537842678442,0.08120315858310839,0.1174411907388493,0.6914367784611244,0.48930278882270173,0.2437871566179369,0.08751806899554225,2.7855637060542806,0.005350798957551515,-1.0974731639968038,0.09444496646046839,-11.620239861657112,4.545085584842278e-31,-0.7326709168920487,0.09114592589669,-8.03843846758987,9.8383600136374e-16,-0.39069703486100094,0.0847171872491299,-4.611780059600759,4.028401231975248e-06,0.2288476198423903,0.07239513998861913,3.16109092237913,0.0015752106675988584,0.09670821394584522,0.016920341324533388,5.715500183534988,1.1165547319419582e-08
0.27,0.04686919086375063,0.046257670575588716,12478,0.5670760937924921,0.07726968299838968,7.338920929755983,2.286678605922741e-13,-0.15067633371739797,0.11388942828795019,-1.323005444688319,0.18585782802422884,-0.20305067522333822,0.13201734496374065,-1.5380605880167284,0.12405917549007907,-0.06882007233880384,0.09866062031308533,-0.697543479053884,0.48547574523556536,-1.4664005367432567,0.1037752940704485,-14.130536076802457,5.4743868348622195e-45,-1.1480151812195551,0.10058718022782524,-11.413136133445184,5.066474281874714e-30,-0.7157659606182949,0.0935424808298591,-7.651774405258449,2.1277676714967125e-14,-0.12058798299935536,0.08128847216208432,-1.4834573684557655,0.13797820998010127,0.0785105721457398,0.018130843149921406,4.330221793688625,1.5012260713613533e-05
0.324,0.0479047294756203,0.04726659591628757,11945,0.7180513523351209,0.08162238733369256,8.797235363865907,1.5939591601164173e-18,-0.23778938310750947,0.12055434488631844,-1.9724663041530566,0.048579443996607456,-0.30337826511154553,0.14006343868320792,-2.166006118111373,0.030330452017923722,-0.23727408925683394,0.10389516877314502,-2.283783664425452,0.022401732409822045,-1.6154953124760896,0.10850229187166967,-14.889043213822667,1.0831936865809893e-49,-1.3670393874298499,0.1054407891518544,-12.964995789827201,3.497458116556779e-38,-0.897295177440368,0.09796379575073531,-9.159457027609436,6.061337576548477e-20,-0.30483422714658853,0.08566250299625162,-3.5585491490941763,0.00037435644854182234,0.06772791667807078,0.01877414492398644,3.6075100598344405,0.0003104125231983743
0.378,0.04633860064266082,0.045684231383302576,11668,0.7055880951745599,0.08370280457817371,8.42968283715727,3.87236577790224e-17,-0.2554119265116927,0.12410067056537132,-2.058102710872556,0.039602451787540044,-0.3485703876994557,0.14308345702311107,-2.4361333934163616,0.014860079053498308,-0.3709980932478222,0.10697836336231684,-3.4679731638005817,0.0005262921386704979,-1.6776252033158947,0.11119089600975499,-15.087792827649428,5.892236998512249e-51,-1.4733021334737533,0.10790908952540298,-13.653179171036577,4.0715601981432544e-42,-1.0089650417870306,0.1004254731452433,-10.046903541373265,1.1830651589621191e-23,-0.42673951046373393,0.08783534828088825,-4.858402896053485,1.1987597026023505e-06,0.05478059488889787,0.019247413285806477,2.8461276367611665,0.004433167331864014
0.432,0.04655554650916849,0.04589013992904745,11472,0.6119897067367468,0.08540787606057973,7.165494974991101,8.226078281339693e-13,-0.23434004234937095,0.12639695119834465,-1.8540007502367666,0.06376472200382352,-0.4233818669120043,0.14577464739534368,-2.904358710357806,0.0036870916526881557,-0.4937670282792276,0.1088304203489295,-4.537031343774319,5.763144127525066e-06,-1.7310360394826383,0.11299605881139718,-15.319437312162608,1.873621418265868e-52,-1.5513248575777954,0.10948360684676833,-14.169471597231968,3.404949437309198e-45,-1.1025436206097605,0.10208673969811867,-10.800066922208497,4.641783559355166e-27,-0.5156085398498496,0.08953858740083101,-5.758506525702282,8.70412015025734e-09,0.04291464724858912,0.01945087112669758,2.2063097826855675,0.027382074526923275
0.486,0.04250442360883899,0.041829358427634244,11356,0.41621779188902763,0.0868400547524675,4.792924107146548,1.664529731771777e-06,-0.3328879511603138,0.12861674496765058,-2.588216264095636,0.0096597388657277,-0.47301039310616955,0.14826594983201294,-3.1902833633892063,0.001425201020782974,-0.5162727284833071,0.11055554411883937,-4.669804057301283,3.0494620889949472e-06,-1.7057119807383712,0.1148271561335617,-14.854604417393782,1.8910137844392862e-49,-1.517732357142664,0.11115324248739832,-13.654413701109373,4.086231058891578e-42,-1.0846979184252308,0.10367369319027991,-10.462614816223487,1.675382674894351e-25,-0.5215750692310992,0.0910160405147751,-5.730584040803547,1.0263367087502666e-08,0.04721104809202353,0.019726367544948088,2.3932965856207145,0.016713886672787063
0.54,0.037874847849480586,0.03719085236230335,11262,0.1574150302054392,0.08814865041186663,1.7857905874897875,0.07416009083977157,-0.31531505981751046,0.13051662836043476,-2.4158995200729234,0.015712212321545987,-0.44355676128443,0.15022270929022224,-2.952661174732923,0.003156984485244211,-0.5005453722413955,0.11207198839126123,-4.46628438940435,8.036553016000302e-06,-1.6296555310517533,0.11636437307744574,-14.004763553937115,3.422113491462634e-44,-1.398190108273641,0.11260904247860486,-12.416321793512186,3.62113513852262e-35,-1.0266055832737118,0.10521218641639016,-9.757477895296216,2.1023682893401625e-22,-0.47595252922287223,0.09234942026856376,-5.153822599413643,2.5955647611550237e-07,0.047477977705339465,0.019951428398176305,2.3796781241827913,0.017344330949641416
0.594,0.0325090075329203,0.031816953890239974,11193,-0.16775072653057105,0.08972570504424274,-1.8695949666581617,0.061566193884097814,-0.31870480050385674,0.13283747629676396,-2.399208486856963,0.01644681904839958,-0.5034316848515354,0.1539931719318393,-3.2691818639489103,0.0010818483506188999,-0.42888779273280836,0.11412123609303629,-3.758176895167535,0.0001720262414249234,-1.471678146985081,0.1184546754522928,-12.423976861747379,3.3056864655215255e-35,-1.2502510974228953,0.11452801997519999,-10.916552103962209,1.323721691973256e-27,-0.904583932042671,0.10706120571456515,-8.449222349077344,3.295161158117781e-17,-0.356433729820093,0.09398025681104683,-3.792644773643525,0.00014983580940535545,0.04754097801945843,0.020282660742330826,2.343922162058268,0.019099563333220576
0.648,0.02921950106744986,0.028522038652410764,11144,-0.4615209677784077,0.09122061237658921,-5.059393439205326,4.2729874909905826e-07,-0.28998946530911396,0.1350235508750698,-2.147695445940583,0.03175947274135869,-0.4598215963678848,0.15654872217466054,-2.937242731721977,0.003318231499137645,-0.4022077432421658,0.11603502512146585,-3.466261525958506,0.0005297403073203179,-1.3481761644202646,0.12038129535009538,-11.19921629435429,5.873334381616581e-29,-1.1104467857276534,0.11632796816322993,-9.54582808641073,1.631916053253039e-21,-0.8027424558568472,0.1087669955863029,-7.380386407932896,1.6907484833856738e-13,-0.24464549927133672,0.09553364254905633,-2.560830852290718,0.01045528176555891,0.047844710035507054,0.0205934152039681,2.323301383555262,0.02018088514468934
0.702,0.028346701733861557,0.027645083682942717,11088,-0.7301615421849346,0.09258954460342005,-7.886004249317413,3.4130568502995858e-15,-0.27490043086438265,0.1368766075111245,-2.008381387170488,0.04462700287243773,-0.4519636106994991,0.15897544866564756,-2.8429774187966315,0.0044775981110386906,-0.33900334538616406,0.11777374389147569,-2.8784288771404225,0.004004259278451714,-1.1851020474322238,0.12212790644349619,-9.703777637263636,3.5598824876040217e-22,-0.9718127076513042,0.11797308283951921,-8.237579999272187,1.9547998069590524e-16,-0.7007963219831992,0.11035172760458585,-6.350569557862332,2.2291942116637535e-10,-0.09662586613074511,0.09694473149327942,-0.9967108541369635,0.3189266476687232,0.07270105547861483,0.020862405157911424,3.484787824238242,0.0004944321218613996
0.756,0.02815966908479406,0.027452747585674064,11007,-0.9709508093093425,0.09414319616690683,-10.313552639406252,7.939430386992345e-25,-0.26125088168226973,0.13939837542603253,-1.8741314659071797,0.06093879708334308,-0.4368261105761173,0.1613343968419681,-2.707582010573986,0.006788005774135552,-0.2931416899214545,0.11962755812177697,-2.4504528431738595,0.014283131110284895,-1.0906851649309965,0.12383246475704957,-8.807748170650102,1.468217571472874e-18,-0.7929740489634688,0.11965297224982072,-6.627282499157951,3.5791384663569817e-11,-0.5555788423744238,0.11193977491964369,-4.96319420664592,7.0382329236197e-07,0.0546333997794441,0.09850496178469062,0.5546258664498571,0.5791618709432524,0.0666029767887379,0.0210819690909506,3.15923889753387,0.0015861013486346105
0.8099999999999999,0.030707765133945797,0.029993540405298003,10866,-1.2554553536709754,0.09617259063925628,-13.054190859641006,1.174856646088305e-38,-0.21315967817399564,0.14265308140487296,-1.4942521821103418,0.13513877985927972,-0.2694758998482438,0.16516395714644658,-1.6315660178165057,0.10279994480439805,-0.1945644840537407,0.12224394363080607,-1.5916083715472469,0.111501841095307,-0.9564782336855813,0.12623332344756097,-7.577066083369937,3.822253042917507e-14,-0.5573866217757615,0.12203337729797034,-4.567493206508446,4.99027292009049e-06,-0.34219494268982203,0.11419846620018982,-2.9964933337191635,0.002737213307163974,0.28179485168496016,0.10056900534021612,2.802004958999772,0.005087603312939574,0.08299726114222389,0.0214374304059162,3.871604925155521,0.00010875479395310211
0.864,0.03457337609734523,0.03384687689771959,10640,-1.4015602467770876,0.09974660734411565,-14.051207194865759,1.8902331431403838e-44,-0.19881186469551798,0.14764027432869412,-1.3465964188938018,0.1781389555961871,-0.24529420782491984,0.17231851358046665,-1.423493057873762,0.15462261961461368,-0.14870856468913493,0.12639629043767864,-1.176526337712875,0.23941095700006604,-0.929946572374747,0.13060227392429574,-7.1204470215717315,1.1452912415559753e-12,-0.43782753711958505,0.12590357332771143,-3.4774830097949176,0.0005081691590717356,-0.22028854095502542,0.11812307333500599,-1.8649069545479098,0.0622219790844546,0.42588948334443444,0.1041884310272013,4.0876849679523835,4.389039079109661e-05,0.08117905578679563,0.02200612635308689,3.688929822735854,0.00022632273612640695
0.918,0.042939018925766015,0.0421590181261946,9825,-1.5973580106781373,0.10688749865543827,-14.944292183573015,5.997552370951154e-50,-0.2270558619699016,0.1596933027359965,-1.4218245729770413,0.15510895537657127,-0.2739490492423152,0.18338138021791328,-1.4938760353792724,0.13524016554078705,-0.1412875655655946,0.13481425940299427,-1.0480164797942477,0.2946568175949178,-0.8339272571867885,0.13849563471499116,-6.021325212905948,1.7919611421390278e-09,-0.26192892642414073,0.13344442485130822,-1.9628315436631965,0.04969394968313492,-0.07410181372955087,0.1255497169890179,-0.5902188830583561,0.5550575006222338,0.6290673627192584,0.11129012048719654,5.652499610615751,1.625478935391472e-08,0.08983017717756799,0.022903158954095094,3.922174113955853,8.835117640471837e-05
0.972,0.04800743272468222,0.04723156266170325,9825,-1.7706583219953493,0.10909793476306334,-16.22998937460025,1.7800460657727614e-58,-0.11437486216291162,0.16299576417399356,-0.7017045058963591,0.48288009854870584,-0.15384929848443474,0.18717371168229235,-0.8219599702418559,0.41111964396877476,-0.0272301646678246,0.13760222161144425,-0.1978904435476054,0.8431348790025384,-0.7012611879973688,0.14135972785566164,-4.960827235840511,7.137082460139153e-07,-0.06615117850935733,0.13620405884745457,-0.4856769986821401,0.627207034552115,0.12365309254688626,0.1281460882319192,0.9649384874167872,0.3345993939781361,0.8582863308016003,0.11359160292285392,7.555895935234826,4.531498709035566e-14,0.08381570613840862,0.02337679684596873,3.5854230453674165,0.00033816641662308763
1.026,0.053558145033945515,0.05273800477834234,9241,-1.9640079630552403,0.11562821078388079,-16.98554314505603,9.708797879808818e-64,-0.019136350278296146,0.17348564783633658,-0.1103050916139706,0.9121698170240548,0.05351766450896601,0.1974040058332637,0.27110728722581967,0.7863145782336814,0.1141423452388052,0.1454495831150816,0.7847553962976593,0.4326171326390952,-0.5058275790870796,0.14876598399805344,-3.400156174772442,0.0006763262424523261,0.10634060437441102,0.14335993525873017,0.7417735239799866,0.4582434339513958,0.38029996054712045,0.1349671200248011,2.8177230163704894,0.004846830712691869,1.0988201072777966,0.12016097310671771,9.144567315561845,7.259321192383132e-20,0.08932251154671585,0.02430198121324956,3.6755238498010514,0.0002387071874090593
1.08,0.05755225058150959,0.05667920959084871,8645,-2.0741376560353495,0.12399219709009486,-16.72796921671003,7.661644028874577e-62,-0.019725067401109606,0.18597018490796147,-0.1060657514045692,0.9155326477399716,0.06723864715754987,0.2133307497519326,0.3151849756105812,0.7526288276716737,0.23010050290629205,0.15521602934774295,1.4824532226035714,0.13825622971457044,-0.3777431280320904,0.15861548400606915,-2.3815022246985467,0.017263723091941643,0.22270007216707674,0.15286870145810397,1.456806200634282,0.14520624033969007,0.5508622831262194,0.14362356773611917,3.8354588443195023,0.00012622184664005782,1.2637966876016424,0.1285313281903883,9.832596499194587,1.0718990468317601e-22,0.08106220884132224,0.025412148957805917,3.189899798553721,0.001428308556318174
1.134,0.06175406190117683,0.06081546398886084,8006,-2.1695004115224945,0.13602754548091409,-15.948978597330461,2.1323342163825025e-56,0.05667488616457637,0.20136188153654527,0.2814578694443239,0.7783665200212047,0.062329911371532744,0.2357263098210525,0.2644164387880564,0.7914658598353823,0.26984479687249807,0.16905640028177493,1.5961820813807344,0.11048765995856265,-0.2518194382661037,0.17198938451470835,-1.4641568662894329,0.1431903993448818,0.3776294281371974,0.16593154015512152,2.275814638881611,0.02288343475126276,0.7296162342406681,0.1559327146388917,4.679045291620237,2.9295057312742187e-06,1.4364946592519623,0.14060157014664948,10.21677537280471,2.3531335255136816e-24,0.0799936918588374,0.026897985347172148,2.9739659244497036,0.002948552630224239
1.188,,,7314,,,,,,,,,,,,,,,,,,,,,,,,,,,,,,,,,,,,
1.242,,,6582,,,,,,,,,,,,,,,,,,,,,,,,,,,,,,,,,,,,
1.296,,,5843,,,,,,,,,,,,,,,,,,,,,,,,,,,,,,,,,,,,
1.35,,,4441,,,,,,,,,,,,,,,,,,,,,,,,,,,,,,,,,,,,
1.404,,,4441,,,,,,,,,,,,,,,,,,,,,,,,,,,,,,,,,,,,
1.458,,,3768,,,,,,,,,,,,,,,,,,,,,,,,,,,,,,,,,,,,
1.512,,,3126,,,,,,,,,,,,,,,,,,,,,,,,,,,,,,,,,,,,
1.566,,,2550,,,,,,,,,,,,,,,,,,,,,,,,,,,,,,,,,,,,
1.6199999999999999,,,2092,,,,,,,,,,,,,,,,,,,,,,,,,,,,,,,,,,,,
1.674,,,1685,,,,,,,,,,,,,,,,,,,,,,,,,,,,,,,,,,,,
1.728,,,1342,,,,,,,,,,,,,,,,,,,,,,,,,,,,,,,,,,,,
1.782,,,1060,,,,,,,,,,,,,,,,,,,,,,,,,,,,,,,,,,,,
1.836,,,644,,,,,,,,,,,,,,,,,,,,,,,,,,,,,,,,,,,,
1.89,,,644,,,,,,,,,,,,,,,,,,,,,,,,,,,,,,,,,,,,
1.944,,,495,,,,,,,,,,,,,,,,,,,,,,,,,,,,,,,,,,,,
1.998,,,383,,,,,,,,,,,,,,,,,,,,,,,,,,,,,,,,,,,,
2.052,,,320,,,,,,,,,,,,,,,,,,,,,,,,,,,,,,,,,,,,
2.106,,,257,,,,,,,,,,,,,,,,,,,,,,,,,,,,,,,,,,,,
2.16,,,204,,,,,,,,,,,,,,,,,,,,,,,,,,,,,,,,,,,,
2.214,,,163,,,,,,,,,,,,,,,,,,,,,,,,,,,,,,,,,,,,
2.268,,,131,,,,,,,,,,,,,,,,,,,,,,,,,,,,,,,,,,,,
2.322,,,112,,,,,,,,,,,,,,,,,,,,,,,,,,,,,,,,,,,,
2.376,,,84,,,,,,,,,,,,,,,,,,,,,,,,,,,,,,,,,,,,
2.43,,,52,,,,,,,,,,,,,,,,,,,,,,,,,,,,,,,,,,,,
2.484,,,52,,,,,,,,,,,,,,,,,,,,,,,,,,,,,,,,,,,,
2.538,,,41,,,,,,,,,,,,,,,,,,,,,,,,,,,,,,,,,,,,
2.592,,,32,,,,,,,,,,,,,,,,,,,,,,,,,,,,,,,,,,,,
2.646,,,21,,,,,,,,,,,,,,,,,,,,,,,,,,,,,,,,,,,,
2.7,,,14,,,,,,,,,,,,,,,,,,,,,,,,,,,,,,,,,,,,
2.754,,,14,,,,,,,,,,,,,,,,,,,,,,,,,,,,,,,,,,,,
2.808,,,14,,,,,,,,,,,,,,,,,,,,,,,,,,,,,,,,,,,,
2.862,,,11,,,,,,,,,,,,,,,,,,,,,,,,,,,,,,,,,,,,
2.916,,,11,,,,,,,,,,,,,,,,,,,,,,,,,,,,,,,,,,,,
2.9699999999999998,,,8,,,,,,,,,,,,,,,,,,,,,,,,,,,,,,,,,,,,
3.024,,,7,,,,,,,,,,,,,,,,,,,,,,,,,,,,,,,,,,,,
3.078,,,7,,,,,,,,,,,,,,,,,,,,,,,,,,,,,,,,,,,,
3.132,,,4,,,,,,,,,,,,,,,,,,,,,,,,,,,,,,,,,,,,
3.186,,,4,,,,,,,,,,,,,,,,,,,,,,,,,,,,,,,,,,,,
3.2399999999999998,,,4,,,,,,,,,,,,,,,,,,,,,,,,,,,,,,,,,,,,
3.294,,,4,,,,,,,,,,,,,,,,,,,,,,,,,,,,,,,,,,,,
3.348,,,4,,,,,,,,,,,,,,,,,,,,,,,,,,,,,,,,,,,,
3.402,,,4,,,,,,,,,,,,,,,,,,,,,,,,,,,,,,,,,,,,
3.456,,,4,,,,,,,,,,,,,,,,,,,,,,,,,,,,,,,,,,,,
3.51,,,4,,,,,,,,,,,,,,,,,,,,,,,,,,,,,,,,,,,,
3.564,,,3,,,,,,,,,,,,,,,,,,,,,,,,,,,,,,,,,,,,
3.618,,,3,,,,,,,,,,,,,,,,,,,,,,,,,,,,,,,,,,,,
3.672,,,3,,,,,,,,,,,,,,,,,,,,,,,,,,,,,,,,,,,,
3.726,,,3,,,,,,,,,,,,,,,,,,,,,,,,,,,,,,,,,,,,
3.78,,,3,,,,,,,,,,,,,,,,,,,,,,,,,,,,,,,,,,,,
3.834,,,3,,,,,,,,,,,,,,,,,,,,,,,,,,,,,,,,,,,,
3.888,,,3,,,,,,,,,,,,,,,,,,,,,,,,,,,,,,,,,,,,
3.942,,,3,,,,,,,,,,,,,,,,,,,,,,,,,,,,,,,,,,,,
3.996,,,3,,,,,,,,,,,,,,,,,,,,,,,,,,,,,,,,,,,,
4.05,,,3,,,,,,,,,,,,,,,,,,,,,,,,,,,,,,,,,,,,
4.104,,,3,,,,,,,,,,,,,,,,,,,,,,,,,,,,,,,,,,,,
4.158,,,3,,,,,,,,,,,,,,,,,,,,,,,,,,,,,,,,,,,,
4.212,,,3,,,,,,,,,,,,,,,,,,,,,,,,,,,,,,,,,,,,
4.266,,,3,,,,,,,,,,,,,,,,,,,,,,,,,,,,,,,,,,,,
4.32,,,3,,,,,,,,,,,,,,,,,,,,,,,,,,,,,,,,,,,,
4.374,,,3,,,,,,,,,,,,,,,,,,,,,,,,,,,,,,,,,,,,
4.428,,,3,,,,,,,,,,,,,,,,,,,,,,,,,,,,,,,,,,,,
4.482,,,3,,,,,,,,,,,,,,,,,,,,,,,,,,,,,,,,,,,,
4.536,,,3,,,,,,,,,,,,,,,,,,,,,,,,,,,,,,,,,,,,
4.59,,,3,,,,,,,,,,,,,,,,,,,,,,,,,,,,,,,,,,,,
4.644,,,3,,,,,,,,,,,,,,,,,,,,,,,,,,,,,,,,,,,,
4.6979999999999995,,,3,,,,,,,,,,,,,,,,,,,,,,,,,,,,,,,,,,,,
4.752,,,3,,,,,,,,,,,,,,,,,,,,,,,,,,,,,,,,,,,,
4.806,,,3,,,,,,,,,,,,,,,,,,,,,,,,,,,,,,,,,,,,
4.86,,,3,,,,,,,,,,,,,,,,,,,,,,,,,,,,,,,,,,,,
4.914,,,3,,,,,,,,,,,,,,,,,,,,,,,,,,,,,,,,,,,,
4.968,,,3,,,,,,,,,,,,,,,,,,,,,,,,,,,,,,,,,,,,
5.022,,,3,,,,,,,,,,,,,,,,,,,,,,,,,,,,,,,,,,,,
5.076,,,3,,,,,,,,,,,,,,,,,,,,,,,,,,,,,,,,,,,,
5.13,,,3,,,,,,,,,,,,,,,,,,,,,,,,,,,,,,,,,,,,
5.184,,,3,,,,,,,,,,,,,,,,,,,,,,,,,,,,,,,,,,,,
5.2379999999999995,,,3,,,,,,,,,,,,,,,,,,,,,,,,,,,,,,,,,,,,
5.292,,,3,,,,,,,,,,,,,,,,,,,,,,,,,,,,,,,,,,,,
5.346,,,3,,,,,,,,,,,,,,,,,,,,,,,,,,,,,,,,,,,,
5.4,,,3,,,,,,,,,,,,,,,,,,,,,,,,,,,,,,,,,,,,
