peth_time,r_squared,r_squared_adj,n_trials,Intercept_beta,Intercept_se,Intercept_tstat,Intercept_pvalue,C(Q_diff_bin)[T.1]_beta,C(Q_diff_bin)[T.1]_se,C(Q_diff_bin)[T.1]_tstat,C(Q_diff_bin)[T.1]_pvalue,C(Q_diff_bin)[T.2]_beta,C(Q_diff_bin)[T.2]_se,C(Q_diff_bin)[T.2]_tstat,C(Q_diff_bin)[T.2]_pvalue,C(Q_diff_bin)[T.3]_beta,C(Q_diff_bin)[T.3]_se,C(Q_diff_bin)[T.3]_tstat,C(Q_diff_bin)[T.3]_pvalue,C(Q_diff_bin)[T.4]_beta,C(Q_diff_bin)[T.4]_se,C(Q_diff_bin)[T.4]_tstat,C(Q_diff_bin)[T.4]_pvalue,Reward_beta,Reward_se,Reward_tstat,Reward_pvalue,Q_chosen_beta,Q_chosen_se,Q_chosen_tstat,Q_chosen_pvalue,RPE_abs_beta,RPE_abs_se,RPE_abs_tstat,RPE_abs_pvalue,Port_beta,Port_se,Port_tstat,Port_pvalue
-2.16,0.05561441810842571,0.055419548759570114,38779,0.19552108207592436,0.022871619243836152,8.548633133118322,1.2903391334248895e-17,0.10480654558752027,0.03064366162267101,3.4201704377906834,0.0006264635914243504,0.1469926829479918,0.033177356804509235,4.430512165695297,9.426675880028625e-06,0.14487094966793118,0.03255774051442637,4.449662273207771,8.624465706045273e-06,0.03635818346903816,0.03272951181719545,1.1108684930013613,0.2666318482238617,-0.02551339174929139,0.009278736165492386,-2.7496623779621707,0.005968433096395474,0.45274627122555783,0.011039001454503044,41.013335589413565,0.0,-0.012180128805892582,0.009155497831808263,-1.3303622620690345,0.18340676723006583,-0.021329905327557044,0.010804705090168513,-1.9741311909536234,0.04837391428547562
-2.106,0.05816364708547972,0.057969303757563484,38779,0.18585860862699627,0.021100882936714388,8.808096286037983,1.3245133345542436e-18,0.07997691736113023,0.028271208512118253,2.828917530244549,0.004672970205307273,0.12928259319835522,0.030608743290889712,4.223714510906904,2.408562777232206e-05,0.11296222295106964,0.030037098115122663,3.7607568653310417,0.00016964886242029932,0.007372941254529182,0.030195570766882732,0.24417293885418195,0.8070981765778047,-0.023768225384040893,0.00856037010503652,-2.7765417957871685,0.005496692720084407,0.42690464635531566,0.010184354458963958,41.917693269166136,0.0,-0.014149423219749487,0.008446672966908216,-1.6751475137232266,0.09391335706531681,-0.0217203381977207,0.009968197478401549,-2.178963473063504,0.029340381992733894
-2.052,0.06222954586616514,0.062036041516588925,38779,0.16601065380477523,0.01923544971031841,8.630453475476722,6.339249905621049e-18,0.07309599359108197,0.025771879367122483,2.8362694295524085,0.004566756763403317,0.11771488148609201,0.027902763312502066,4.218753539487212,2.4621416669349936e-05,0.0992441379186343,0.02738165469047938,3.624475549066856,0.00028991869744133067,-0.012449052251007878,0.02752611749483378,-0.4522632824387373,0.6510818543989726,-0.023330551942166967,0.007803586662747614,-2.9897216434516234,0.0027940694645141825,0.4045789431090796,0.009284001935606297,43.57807612657055,0.0,-0.012496843581187436,0.007699940972222085,-1.6229791405246368,0.10460199441393322,-0.023751224781972665,0.009086954411973625,-2.613771755108218,0.008958343424897446
-1.998,0.06684341584387732,0.06665086354381933,38779,0.14906064888242376,0.017423723430081216,8.555039884590785,1.2207802457404758e-17,0.0579680932943673,0.023344507413584435,2.483157698184499,0.013026537521645799,0.09417708194949288,0.025274690127533552,3.7261419022067046,0.00019470882165983482,0.06902496102534256,0.024802663081434213,2.7829657161698296,0.005389055395920588,-0.03313411908557364,0.02493351939032803,-1.328898602995721,0.18388924549461538,-0.02181705998679136,0.007068591471581154,-3.08647912027531,0.0020268492503586017,0.3789810657579562,0.00840957110368828,45.06544520347087,0.0,-0.011022609718116246,0.006974707841427819,-1.5803686647123796,0.11403062099818304,-0.02774390936901186,0.008231082864210502,-3.370626906168677,0.0007507050884611754
-1.944,0.0697150820769391,0.0695231223311722,38779,0.13348553570381805,0.015869608969085198,8.41139412847882,4.188201820707604e-17,0.04289037820841817,0.021262286773325385,2.017204389427497,0.04368106641228916,0.07707725063691435,0.02302030623639702,3.3482287266469464,0.0008140725205637564,0.04248178160600964,0.022590381790311278,1.88052517218764,0.060044028674019055,-0.04321063934112006,0.02270956632980515,-1.9027505287235844,0.05708050610549425,-0.015750219230627135,0.006438106244417157,-2.4464056094577553,0.014433267867020438,0.35072605125451856,0.007659476778817831,45.789818467032404,0.0,-0.007189904211465918,0.006352596594019505,-1.1318055703764782,0.2577231855713674,-0.02847034371563116,0.0074969088536863656,-3.797611024926864,0.00014631997958676658
-1.89,0.06786613869275893,0.06767379742656199,38779,0.11533799360845245,0.014631396843191315,7.882910623268667,3.281578119783971e-15,0.02758995602733794,0.01960331575782958,1.40741272385609,0.15931305736198853,0.06702470482958119,0.02122416731582093,3.1579427278458927,0.0015900857620540988,0.023835021237967723,0.020827787342280073,1.144385663549724,0.2524707961480398,-0.050883782027921085,0.020937672614078823,-2.4302501508074026,0.01509291104735064,-0.013624854806168043,0.005935778730540804,-2.295377813877286,0.021716794677690335,0.31684548176343136,0.0070618529152424725,44.867187913181326,0.0,-0.00888877866155292,0.005856940894565899,-1.5176486875255948,0.12911113964770576,-0.030527627104981112,0.006911969207886714,-4.416632393290814,1.005215273185574e-05
-1.836,0.06440737224687842,0.06421431728113114,38779,0.1006519565316159,0.013627787487826039,7.3857885310825555,1.5459358100333854e-13,0.016189069332703917,0.018258668264388607,0.8866511564963804,0.3752722424232321,0.0495014266825155,0.01976834097837126,2.504075923046628,0.012281242544049577,0.005904374469019727,0.019399149840864893,0.3043625374026435,0.7608533390943107,-0.05782219803315375,0.01950149776759837,-2.9650131862807485,0.0030285416590694735,-0.011404951921651587,0.0055286266910469705,-2.0628905800640704,0.03912966899944223,0.2854711988416574,0.006577460226840409,43.40143292341703,0.0,-0.0038333400461275187,0.005455196567718311,-0.7026951272135094,0.4822499840535197,-0.03021568502455485,0.006437857471640568,-4.69343801997141,2.6956830532283378e-06
-1.782,0.05681063699807476,0.05661601448314024,38779,0.08068901398058971,0.012838826460684797,6.284765529597004,3.31833619219276e-10,0.017178423233285764,0.01720160909899057,0.9986521106501505,0.3179694797279795,0.04545482312227031,0.018623881496807826,2.440673987861304,0.01466432667729745,6.56229066995372e-05,0.01827606414571533,0.00359064764581284,0.9971351023101267,-0.06366979008919224,0.01837248678740356,-3.465496577896312,0.0005298256600420649,-0.006558314163651065,0.005208554852772017,-1.2591427658980494,0.20798635072702512,0.2520519434482148,0.006196667689446909,40.675401051030384,0.0,-0.0006925645261682575,0.005139375860125886,-0.13475654340472648,0.8928050652144764,-0.028177012113055774,0.006065147033651142,-4.645726139320578,3.3999438314702347e-06
-1.728,0.048644703013656754,0.04844839549815794,38779,0.05673336344259582,0.012182131056565989,4.6570967903039735,3.2176201760996422e-06,0.023208364202778747,0.016321760954508924,1.421927711566403,0.15505528184914363,0.039167667780449285,0.017671285290039355,2.216458346837207,0.026665909355545227,-0.004031095020305691,0.01734125851012053,-0.23245688990525712,0.8161843940366826,-0.06808393553686018,0.017432749213064706,-3.905519129813198,9.418257390587253e-05,-0.005782037552013101,0.004942141559906801,-1.1699457577095664,0.24202999002654177,0.22125275978979927,0.005879713238432837,37.629855541861666,2.1583369334718813e-304,0.0005959651690572295,0.004876501015784093,0.12221163640245941,0.9027320444386089,-0.02615026381439179,0.005754919755908883,-4.543984090749818,5.536721559779852e-06
-1.674,0.0385781179506296,0.0383797332445065,38779,0.031516307914559345,0.011699684705880628,2.693774123564053,0.007067842371591857,0.032249481715435804,0.015675373719574566,2.05733415307122,0.0396607671533298,0.03651380872568034,0.016971453129269395,2.1514839329054096,0.03144418017150198,-0.005679894178401733,0.01665449632987048,-0.34104268696583906,0.7330732945342288,-0.05573887110814194,0.016742363745924034,-3.329211570959429,0.0008717336360323081,-0.0038008558390422616,0.004746418976634937,-0.8007838873375123,0.4232616756295169,0.18819928924626034,0.0056468602029674676,33.32812970070699,3.767619646080715e-240,0.0017964451075752868,0.004683377981049505,0.3835789284666532,0.7012926634555852,-0.02576863316198633,0.005527008890245615,-4.662310785760505,3.137187389024041e-06
-1.6199999999999999,0.028034361054316115,0.027833800695493238,38779,0.0110894592402043,0.011331276845043188,0.9786592801371128,0.3277544647682651,0.0330222176507801,0.015181776580418053,2.1751220929817414,0.02962699060134679,0.025898130373435916,0.016437044134511244,1.57559535409777,0.11512724676787928,-0.002158345101447896,0.016130067892655534,-0.13380880451412422,0.8935544593389839,-0.05906834701449123,0.01621516847801242,-3.642783428034511,0.0002700572352925587,-0.0020630635760003455,0.004596960413795086,-0.4487886321164019,0.6535866483456133,0.154651468305957,0.005469047916557931,28.27758517853513,3.8464918268082736e-174,0.0010408459024927957,0.004535904497202169,0.2294682137013266,0.818506233805405,-0.021000201649647363,0.005352970565857143,-3.9230930548344447,8.756996915009724e-05
-1.566,0.018357876813094864,0.018155319759045496,38779,-0.0029696519017693387,0.011029195968173927,-0.2692537071912247,0.7877358861963902,0.03165789021112123,0.014777045106237185,2.1423694644986147,0.03216997217447549,0.010892792100610211,0.015998848441899256,0.6808485085766026,0.49597141848060466,-0.005479623705187165,0.015700055889629985,-0.3490193757084967,0.7270766588412628,-0.05896585565389949,0.015782887775722145,-3.7360625312563567,0.0001871920650197838,-0.003788503114769761,0.00447440989705081,-0.8467045268398082,0.3971650610958394,0.12073024111112686,0.005323248390796938,22.679806059745495,3.872280618293416e-113,-0.0002131565625761564,0.0044149816721183,-0.04828028254846283,0.96149311716255,-0.01595589634507748,0.005210265549952706,-3.06239599346761,0.002197231440425444
-1.512,0.00923336632168037,0.00902892646948994,38779,-0.010189880378709857,0.010830885813951576,-0.9408168965814392,0.34680456222784717,0.019217743314806367,0.014511346853851003,1.3243252682438906,0.18540284889586386,-0.012153408487970968,0.0157111815883001,-0.7735515256867405,0.4392007637520984,-0.009993578788116337,0.015417761467284387,-0.6481861072583165,0.5168684250730855,-0.060925928362580546,0.015499103996930906,-3.930932289675903,8.476398135904382e-05,-0.003189905112211635,0.004393957893178666,-0.7259753483673013,0.4678582654313308,0.08042381232507174,0.005227533869775729,15.384656384545256,2.9821773124614233e-53,-0.0010541046588746876,0.004335598215807151,-0.24312784681743085,0.8079076459123085,-0.011190386079147192,0.0051165825137883215,-2.187082109785389,0.028742483622122176
-1.458,0.0031379325762598276,0.0029322349611092813,38779,-0.013068647120000255,0.010664116498693406,-1.225478652788673,0.2204023727573611,-0.00048233645872875717,0.01428790738455356,-0.033758369630125386,0.973070007015925,-0.03159420376468674,0.015469267580490833,-2.0423852390097625,0.04112008330616335,-0.015605301179851825,0.015180365416132154,-1.0279924594745322,0.30395978803912627,-0.05804312823898104,0.01526045546853872,-3.8034990737100864,0.00014288520613163502,-0.0007597977453999312,0.004326301621872147,-0.1756229250310891,0.8605911078998646,0.03971131102621262,0.00514704255457523,7.715364814870834,1.2351597311657055e-14,-0.00027448288773489676,0.004268840541679212,-0.06429916626188263,0.9487323488086181,-0.007096545057662586,0.005037799579784229,-1.4086596628694255,0.15894384716680474
-1.404,0.0009736967558673371,0.0007675472439904185,38778,-0.007931756199318454,0.010594761686402956,-0.7486488544143343,0.4540734197293309,-0.020806784324772985,0.014194955278864232,-1.4657872403270986,0.14271436832560475,-0.05538771415498973,0.015369096210147138,-3.6038367772348967,0.0003139465195886287,-0.022994420037841648,0.015081653559873436,-1.5246617319881346,0.12735164826732076,-0.059192341561171195,0.015161264372820107,-3.904182402312465,9.470439179043892e-05,0.0018025909336180895,0.00429823474785837,0.41937935905344514,0.6749412303635719,0.00045891466576996644,0.005113570047232625,0.08974447627217369,0.9284907351545999,-0.002435848520313493,0.0042411461374788255,-0.574337323297588,0.5657428894423427,-0.004531696985131648,0.00500513509656627,-0.9054095239588199,0.3652540986180417
-1.35,0.0020589053083909237,0.0018529797297704986,38778,-0.007614302942226351,0.010555415282013305,-0.7213646018457763,0.4706895697463075,-0.027580712016101495,0.014142238618761157,-1.9502366463759706,0.05115511653237886,-0.06556921275524835,0.01531201907217206,-4.282205530583051,1.8549451995587786e-05,-0.030366551783881868,0.015025643914975717,-2.0209817266876806,0.04328851622724563,-0.054757461394618775,0.01510495907245295,-3.6251313977063635,0.00028918417673961383,0.004241100590327367,0.004282272134676808,0.9903855843219203,0.3219918698319991,-0.03566708754890641,0.005094579474258111,-7.000987565141549,2.5829086329565856e-12,-0.004977287507672981,0.004225395537706958,-1.1779459374291055,0.23882539026515043,-0.0011481920874950099,0.004986547224996958,-0.23025793914860807,0.8178925570742559
-1.296,0.006344350085882078,0.006139308810654054,38778,-0.012194306506497905,0.010580380404152746,-1.15253951565973,0.2491065478713564,-0.02294281856853293,0.014175687109891972,-1.618462540170144,0.10557108805855855,-0.06378748565441875,0.01534823426751256,-4.156014597030032,3.245414345615877e-05,-0.022295320362340536,0.015061181790610067,-1.4803167953420902,0.13879684913374793,-0.03875011927997948,0.015140684540194385,-2.559337338883753,0.010490951813414123,0.005057529334027272,0.004292400343185922,1.1782520104528396,0.23870338528811325,-0.06981287560912752,0.005106628910061994,-13.671029722087248,1.897658477801186e-42,-0.004487584847671084,0.004235389224631437,-1.0595448516450323,0.2893583151429083,-0.0013963686250839785,0.004998341148513948,-0.2793664104938358,0.7799651360647841
-1.242,0.013011133560487664,0.012807467978927178,38778,-0.0071677989588645775,0.01058047315973358,-0.6774554266763118,0.4981210841737448,-0.019377495303509386,0.014175811384638377,-1.366940824601251,0.17165178044225296,-0.057341439141774884,0.015348368821690187,-3.735995649305771,0.00018724182170813984,-0.028821653274946346,0.015061313828269553,-1.913621454514089,0.05567589766211055,-0.03458745107180568,0.015140817274834836,-2.2843846830707477,0.02235431187863046,0.003830548031762875,0.0042924379735991775,0.8923944982601552,0.3721870578087234,-0.09862954307559775,0.005106673678615918,-19.313852672554106,1.006623438666337e-82,-0.0022393982306409053,0.004235426355242302,-0.5287302960348116,0.596995584376899,0.0017001447525428729,0.004998384967735822,0.3401388175415004,0.7337538332456202
-1.188,0.02133171382060506,0.021129765194397576,38778,-0.008067345526777545,0.010613390654614986,-0.7601101089471014,0.44719339281310344,-0.016453185839098144,0.014219914535003096,-1.15705237177043,0.24725809287649936,-0.04255017055499141,0.015396119980310265,-2.763694398939981,0.005717800094847347,-0.030501112310527507,0.015108171914232676,-2.0188486392449563,0.043509824038607425,-0.010345861198827628,0.01518792270836511,-0.6811900085012547,0.49575533799437743,0.0020653052669850056,0.004305792414642745,0.4796574168233249,0.6314737177845877,-0.12587880280303795,0.005122561333368126,-24.573410567691848,2.511323375975746e-132,0.0012619574252318597,0.004248603424288689,0.2970287643269834,0.7664461401510668,0.007441489385126064,0.005013935719493968,1.4841613058966574,0.13777426209739896
-1.134,0.028936954001737236,0.028736574720146568,38778,-0.005397075320414384,0.01068301464978815,-0.5052015275970263,0.6134201693350874,-0.015329772922173399,0.01431319737864528,-1.0710236515738132,0.2841654624941446,-0.030461154963655944,0.015497118748571797,-1.965601184185494,0.0493518238541968,-0.030739076382616592,0.01520728173904389,-2.0213393103447044,0.043251510171921775,0.012501817301394973,0.015287555699531583,0.8177773835864444,0.41348934020777184,0.0021697769678947453,0.004334038474742622,0.5006362958103638,0.6166299553481609,-0.14691001436963627,0.005156165409309076,-28.49210657679854,9.800654220242884e-177,0.004095131912449748,0.00427647432379023,0.9575953466312973,0.3382728179129567,0.011503173396345854,0.005046827209847318,2.279288138476582,0.022655352064964506
-1.08,0.03488296296657656,0.03468381064652004,38778,-0.003140516729062147,0.010807020860232138,-0.2905996730901737,0.7713590645199713,-0.017573849142190543,0.01447934199460327,-1.213718769039412,0.22486252849317656,-0.0242685955775816,0.01567700607736517,-1.5480376455694032,0.12162139557343371,-0.03285333545287102,0.015383804700158644,-2.135579337700005,0.032719964583939866,0.020619990222450913,0.015465010464071095,1.3333317989248092,0.1824307768677703,-0.0004646161217579633,0.004384347091251159,-0.10597156477074812,0.9156054614179912,-0.16231802056633512,0.005216017104152861,-31.119150364192944,5.1464523548729074e-210,0.0031189838124200337,0.004326114747616173,0.7209665009784341,0.47093447288129786,0.014106300212383996,0.005105409729629895,2.763010406494172,0.005729793638066258
-1.026,0.039041543770612086,0.038843249575511885,38778,-0.012449386056823346,0.011018740306463637,-1.1298375050658456,0.2585516915911977,-0.013541735835554042,0.014763005578540132,-0.9172749927859298,0.35900426408630437,-0.008309531291081366,0.015984132998668837,-0.5198612456348671,0.6031632564553984,-0.022502759437007015,0.015685187537683873,-1.4346503274470792,0.15139483178314392,0.03731890680242291,0.01576798419695858,2.3667519155442327,0.01794984200567199,-0.003158247761800378,0.00447024047021762,-0.7065051159645173,0.47987831818571736,-0.17364005883578362,0.005318203661124265,-32.650133372116144,1.0794892188572917e-230,-0.0006348696268441926,0.0044108673015850145,-0.14393305974452159,0.8855540776900352,0.014057823157497549,0.005205429386732595,2.700607791035953,0.00692429594423091
-0.972,0.04245867965879491,0.04226109059117045,38778,-0.022225560005992524,0.011261978666016205,-1.973504005389362,0.04844525854842713,-0.016268538439771264,0.015088898480915103,-1.0781793290178343,0.28096044309370793,0.0015284632575218603,0.016336982251971013,0.09355848185104414,0.9254603750371679,-0.018119983154862754,0.016031437578961513,-1.1302781216977131,0.2583660429059493,0.049063094193255836,0.01611606197198965,3.044359985617419,0.0023333222439607137,-0.0014194821365197412,0.004568920893618053,-0.31068214345809714,0.7560439435982224,-0.18562708544762982,0.005435602846359577,-34.15022964232037,7.303437032481658e-252,-0.004347598229698601,0.0045082370640806635,-0.9643677046928274,0.33486762282506666,0.015212204251869584,0.005320339083265948,2.859254647831846,0.004248642636411591
-0.918,0.04056550159095962,0.04036752186521808,38778,-0.034816454801613085,0.011637183550066509,-2.9918282763026545,0.002774866195328827,-0.011567050601562873,0.015591601298321631,-0.741877013158874,0.4581663484321875,0.015429654669626374,0.01688126631726404,0.9140105001392497,0.36071701258049005,-0.0030952095900969364,0.016565542096147717,-0.1868462602752204,0.8517821527972347,0.054181384115925255,0.016652985841486456,3.2535537249390343,0.001140687034696814,-0.000468247564846632,0.004721139387806639,-0.09918105067094235,0.9209950328296759,-0.18475830952595637,0.005616695778267367,-32.89448402045205,4.426105574421942e-234,-0.0037087237144068845,0.004658433811478519,-0.7961310312638723,0.42596075408224,0.017419478369691432,0.005497591879425901,3.1685652103208692,0.00153312283488426
-0.864,0.03728152015181618,0.03708286277507733,38778,-0.03710937515567565,0.012070887529481872,-3.0742872108649766,0.0021115276842410243,-0.016048617553626885,0.01617268172035392,-0.9923287820243877,0.3210433607041872,0.008567597803452457,0.01751041101949108,0.4892859336034857,0.6246420463577709,0.0015520061121982393,0.01718292013245367,0.09032260525188261,0.9280313237780846,0.06494940330235535,0.017273622802098727,3.7600336678918374,0.0001701398768842656,0.003043410934973511,0.004897090633316954,0.6214732711434651,0.5342919298015374,-0.18548693555415985,0.005826023344488156,-31.837657452856593,1.3306178982289455e-219,-0.0005813635017867592,0.004832048094796218,-0.12031409671042959,0.9042349611291183,0.018384282226540823,0.005702480585103743,3.2239096568894965,0.0012655790401945243
-0.8099999999999999,0.03266438239432623,0.03246477226920441,38778,-0.036086654931650426,0.012584460650916184,-2.867556737842652,0.004138776018971453,-0.017434431360130637,0.016860771524256045,-1.0340233443676834,0.30113169989864647,-0.006844760651634611,0.01825541642385042,-0.374944098382332,0.7077040926667113,0.0011839262673438188,0.017913991970065223,0.06608947181187713,0.9473069335808116,0.07409918075328457,0.018008553714120364,4.11466583766713,3.885409892454332e-05,0.006527288505245014,0.0051054443369163505,1.2784956753024648,0.20108236216665207,-0.18361589156252742,0.006073899814819777,-30.230312840281115,1.923587828343798e-198,0.0019002646506312063,0.005037634470852173,0.3772136826572403,0.7060168775167057,0.01939139430648977,0.005945100752581684,3.2617435958623546,0.0011082489133166463
-0.756,0.02815618578915946,0.027955645395708717,38778,-0.04712524609490422,0.013187717224938266,-3.5734195153797605,0.00035277688354622204,-0.00796940698815928,0.017669020010006708,-0.45103842678574535,0.6519643765555736,-0.004563080359937031,0.01913051947949045,-0.23852359915417054,0.8114762746605706,0.01893957865377169,0.018772728289617693,1.0088879123790586,0.31303468941794266,0.08663053158167901,0.018871823004559283,4.590469694461937,4.436358245491436e-06,0.010058931496097576,0.0053501821087591495,1.880110114313569,0.0601005637572696,-0.17711958411568893,0.006365062073964731,-27.826843172538453,9.419644888029989e-169,0.004617751134617514,0.00527912166655814,0.874719589031214,0.3817319175041797,0.021847640765150018,0.006230088819349363,3.5067944292055326,0.00045405205612004403
-0.702,0.024765321625850323,0.024564081526105785,38778,-0.05920866804187795,0.013934089403635446,-4.249195360152507,2.1504020952893486e-05,-0.015473381871067643,0.018669016046877634,-0.828826855802909,0.407207491894801,-0.015387448761328646,0.02021323055525686,-0.7612562830698445,0.446508637042604,0.02191246747528133,0.019835189811549345,1.1047268860781185,0.2692848057596178,0.10207432647109038,0.01993989289198943,5.1191010415154885,3.08459985927404e-07,0.013262405131234592,0.005652981070006965,2.346090490484917,0.018976509743489252,-0.17695039890116693,0.006725299192084322,-26.311156403188363,3.057484988031578e-151,0.0071694351938804395,0.005577898890293685,1.2853289984076708,0.198685018900743,0.02321156433620272,0.006582686989772788,3.526153434344583,0.0004221291299143398
-0.648,0.021227898173717952,0.02102592291539651,38777,-0.0859033668550202,0.014767430433244499,-5.817082886785381,6.0353013285684196e-09,-0.016251927008944872,0.019785527153218997,-0.8214048017568626,0.41142078050309694,-0.016673943650343897,0.021422532988615624,-0.7783367008562794,0.4363752949335672,0.024749466673965687,0.021021463751189923,1.1773426896861423,0.23906598222710554,0.10458039270227902,0.021132520520127717,4.948789360108331,7.498909092893211e-07,0.010030689875520499,0.0059911898074994354,1.6742400420972547,0.09409149921429992,-0.17161815577181097,0.007127563636780326,-24.078095197384247,3.653506544339054e-127,0.008333432114855018,0.005911601158534358,1.4096742813618865,0.15864390404799034,0.025967930338471834,0.006976510093117876,3.7221949071769336,0.00019777757429700185
-0.594,0.017820270453943188,0.017617592012022953,38777,-0.12050216071904774,0.015772592617545503,-7.639971667371957,2.22256794996175e-14,-0.023087935447540283,0.021132251878334698,-1.092544967780296,0.27460042565148873,-0.022634346346809553,0.02288068240394124,-0.9892338850396675,0.3225548971487331,0.034263700805547366,0.022452313926301128,1.5260654611376212,0.1270017203404927,0.09911416531094401,0.02257092990230284,4.391230921364552,1.1300883295163732e-05,0.013885311286266466,0.006398987051623303,2.1699233291531703,0.03001870721002099,-0.16580872702793498,0.007612709476219128,-21.78051422373264,1.5070120125088318e-104,0.011970480805602656,0.006313981109473678,1.8958689609700927,0.05798480340428981,0.03177825945782169,0.007451374298891261,4.26475146504856,2.005982272034852e-05
-0.54,0.012683214397306353,0.012479475894293102,38777,-0.14514572537119125,0.016932474607562944,-8.572032661213113,1.0537115022489822e-17,-0.022953391949401606,0.022686271496829547,-1.011774541824089,0.3116521795557643,-0.015285430602059072,0.02456327778208589,-0.62228790219548,0.5337562344827752,0.0408753504835487,0.02410340802280149,1.6958328235111477,0.08992557366677276,0.10131878021970256,0.024230746758442584,4.1814138552870075,2.9033767624706507e-05,0.01812339523879016,0.006869554574382772,2.638219849999306,0.008337581908948542,-0.14544828387881453,0.008172531493487192,-17.797213017132375,1.4192246426996245e-70,0.010737515889850766,0.006778297481028359,1.5841021908383017,0.11317862260665579,0.03781590413868714,0.007999332079817437,4.727382706625949,2.282304263442328e-06
-0.486,0.006772802968816105,0.006567844818376467,38777,-0.14250086984373345,0.018285872174725614,-7.79294903092976,6.708906993699043e-15,-0.015954049460185197,0.02449956490865531,-0.6511972567540938,0.514923020735766,-0.010803464730105182,0.026526598629291968,-0.40726912941546406,0.6838125820936704,0.04821716219737345,0.026029971891015892,1.8523708899591764,0.063980178241168,0.11228911656920265,0.026167488698026736,4.291169009950514,1.781654137680232e-05,0.02350871149992245,0.007418631933950062,3.16887422225909,0.001531494282475939,-0.10928728045949204,0.008825754634061432,-12.382768951871515,3.7759848592642487e-35,0.007869248550372049,0.0073200807426569425,1.0750220970261835,0.28237152574300417,0.03421196654224899,0.008638711546001052,3.9603089372842946,7.498651046699133e-05
-0.432,0.002766327601675389,0.0025605373837275236,38776,-0.10690386661471299,0.019560818969186836,-5.465204027659231,4.6521781552054654e-08,-0.018247228508758543,0.02620763246191859,-0.6962562732544789,0.4862725261734503,-0.020626626952823867,0.02837803951815451,-0.7268517241872269,0.4673211821084089,0.04425441638151041,0.027844823660687426,1.5893229176376789,0.11199566185320076,0.11588724591949642,0.027991719577410465,4.140054547167525,3.479568835401986e-05,0.028047340910043565,0.007935972884485727,3.5342032184704357,0.0004094824743388007,-0.06631303111333312,0.009441678683041093,-7.023436545499364,2.2003592886451545e-12,0.006814137313915794,0.007830502240215417,0.8702043757704535,0.3841941131542429,0.020941812433112404,0.009241078172249466,2.2661654887845994,0.023446740782120185
-0.378,0.0011538866706490847,0.0009477637076487078,38776,-0.06294120299375287,0.020783683452543462,-3.0283949973290354,0.0024601815308159794,-0.02359341142150111,0.027846029247913524,-0.8472809969223508,0.39684374669800093,-0.027779321194441813,0.030152121507702443,-0.9213056927800423,0.35689658296269244,0.025966034167842628,0.029585571118839398,0.877658709495321,0.38013439738507715,0.10096747789604366,0.02974165038313054,3.394817590664451,0.0006874313457709268,0.026565332371643106,0.008432098297056951,3.1505007930131916,0.0016311469667827086,-0.02731859111224051,0.01003193482430716,-2.7231627388615163,0.006468912728950358,0.00203607236998103,0.00832003404823879,0.24471923530313341,0.8066751284146996,0.00869049514609447,0.00981879356865323,0.8850878761561009,0.3761147273799882
-0.324,0.0016347920179007325,0.001428762980500542,38775,-0.053060741021416474,0.021899513797692473,-2.4229186780853293,0.015400922824788417,-0.015170776046810748,0.029340975626521184,-0.5170508383878669,0.6051236203976691,-0.04450792663168205,0.03177172951301413,-1.4008657165940872,0.16126223695139777,0.01606182287881293,0.031173986209850665,0.5152316027437503,0.6063941256733832,0.09412150684852101,0.03133854957688952,3.0033778882329165,0.0026717099288812423,0.028236946415259624,0.00888494248444034,3.178067439908505,0.0014837662146997537,0.01906136908143282,0.010570576290961305,1.803247860547757,0.07135705864299041,-0.0018993426406791532,0.008766929202737118,-0.2166485660778646,0.8284833742442925,-0.0035361010746484223,0.010346156355376281,-0.3417792031347875,0.7325189142463784
-0.27,0.003070042903146386,0.002864310053309671,38775,-0.10758254330828844,0.02284103678538546,-4.710055166021348,2.4850661860302557e-06,-0.012466151724926785,0.030602428428118094,-0.40735825113384294,0.6837471345278823,-0.06705389474555112,0.033137687404664606,-2.0234934902582347,0.04302914145996469,0.014399104330616256,0.03251424540033969,0.4428552517004077,0.6578729071402301,0.09535733642695621,0.032685883819109404,2.9173858952287746,0.0035318132854169756,0.02945586774689523,0.009266931677018309,3.1785998616936855,0.0014810444958369094,0.04870261034053094,0.011025035721569817,4.417456012885946,1.0013959583867993e-05,-0.0056253621568908025,0.009143844665432171,-0.6152075371705724,0.5384212821410124,-0.01331108645220268,0.010790967328480124,-1.2335396862032302,0.21738195867975912
-0.216,0.0031198338182124585,0.00291411124354779,38775,-0.14893172205561866,0.02369938069602649,-6.284203117619399,3.3303614006563186e-10,0.019154184158843915,0.031752437875539934,0.6032350723406685,0.546355848160796,-0.043751850322006805,0.03438296941457402,-1.2724860902636748,0.20320809522327793,0.051148541387284044,0.033736099067084205,1.5161368030599867,0.12949291766505047,0.15420115014640365,0.03391418749042102,4.546803611024365,5.463136247322539e-06,0.03174284082161794,0.009615173941589436,3.301327777786482,0.0009631530768170399,0.044036744310695465,0.01143934582338902,3.849585893334689,0.00011850748935956403,-0.004833867541142287,0.009487461440019345,-0.5095006258209815,0.6104042600011771,-0.01397332766795951,0.011196481368116608,-1.248010621243056,0.2120347055187863
-0.162,0.004420323895955924,0.004214864398759066,38774,-0.07788429776006203,0.024437940271130026,-3.1870238201732297,0.0014385893104075852,0.026624491979486253,0.032741814098549864,0.8131648386784242,0.41612855000051663,-0.04297689685930561,0.035456876188484615,-1.212089204667818,0.2254856231335307,0.04485325172042542,0.03478739297354287,1.2893536389616207,0.19728286412118878,0.14191163019276193,0.03497077000770942,4.058007020190778,4.95902045713933e-05,0.03300321251241892,0.009914932183425576,3.3286372414719247,0.000873532659232,0.0734306232958466,0.01179654465932103,6.224756945062337,4.872333071576671e-10,-0.0038835430137383257,0.009783179371988067,-0.3969612399071387,0.6913982286885574,0.004050705745237945,0.01154546644494885,0.35084816750821984,0.7257041653901029
-0.108,0.007841694626707252,0.007636941203697067,38774,-0.04735303454326161,0.02501482268624541,-1.8929990085158204,0.05836544264425398,0.035462582734475195,0.03351471789415919,1.0581196848043728,0.2900074744708599,-0.044350948381706806,0.03629387178390409,-1.2219955105857825,0.221716755191244,0.05503824995466535,0.03560858473731247,1.545645533533196,0.12219836111792128,0.1418179681046432,0.03579629057272712,3.9618062608055005,7.451790207277903e-05,0.03959049166706206,0.010148984233648354,3.900931438616501,9.59848934711687e-05,0.11308405167940873,0.012075014084222808,9.365127931996714,7.990521702649125e-21,-0.002273771731394712,0.010014121263203292,-0.22705654062225564,0.8203809743453896,0.036546708763881615,0.01181800891344256,3.092459062398493,0.001986465348178477
-0.054,0.010532748838513295,0.01032854023728813,38772,0.006416702456011874,0.02552771973572806,0.25136214759641035,0.8015354626525004,0.0427971184660777,0.03420186408342221,1.2513095298458203,0.21082912152840955,-0.06673267876919313,0.03704062684096297,-1.801607706470937,0.07161491520014356,0.05448536392205948,0.036338698107912966,1.4993757828158123,0.13378431630932242,0.13999230140722435,0.036532819695177486,3.8319599356220517,0.00012732689315811106,0.044139267365502485,0.010357330728859672,4.2616450629033995,2.0340631029290685e-05,0.12651520008063386,0.012324206571615868,10.265585808340278,1.083178206839209e-24,0.005810152768812877,0.010219660526910822,0.5685269832117562,0.5696804823841747,0.07539491693781686,0.012061152999891028,6.251053853516164,4.119294725445363e-10
0.0,0.011252567873768493,0.011048476239818306,38766,0.10415969747226496,0.026193427660674652,3.9765585024461885,7.004662955024318e-05,0.047099941581840866,0.03509449748241021,1.3420890726658197,0.17957497840760298,-0.12101438479252262,0.03800766765876686,-3.18394661516699,0.0014539663160623487,0.06727991127671716,0.0372861356687367,1.8044216722927748,0.07117298782751857,0.15024979818996592,0.03748819673854742,4.007922793348735,6.13696018935833e-05,0.051227125885290194,0.010627849755743822,4.8200837481358345,1.4404074181873089e-06,0.09652296296865792,0.012646290490502312,7.632511924437379,2.3548875882420328e-14,0.009871364124532865,0.010486638545625877,0.9413277745374707,0.34654278065182065,0.10731474984662934,0.012376924382819633,8.670550657608652,4.464112464339709e-18
0.054,0.010590402203296656,0.010386010404960455,38735,0.16237809106718934,0.026989068205155183,6.016439316573868,1.7989192460847612e-09,0.06017013174476538,0.036162193566138846,1.6638960696539942,0.09614129145312628,-0.16829778726490235,0.03916834641567737,-4.296780504308963,1.737188847401304e-05,0.08637572261409522,0.03842914406162793,2.2476618910787205,0.024603361758498248,0.18805969642818293,0.038632720522007266,4.867886441521872,1.1324165738021335e-06,0.05791367290214412,0.01095378605471609,5.287091843208835,1.2494887080634868e-07,0.03741721128285582,0.013034270867869633,2.8706792778943853,0.004098127665515464,0.016967641360044278,0.010807450998143744,1.5699947529679839,0.11642450193705688,0.12123578437428237,0.012758097384944602,9.502653939399194,2.1589942535406216e-21
0.108,0.0142119817622679,0.014008127547670779,38695,0.26816978515559126,0.027901984607115758,9.611136588728558,7.590360280992734e-22,0.061948826797818705,0.03738910858672487,1.6568682469154628,0.0975542244681118,-0.20562409068705192,0.04049815654712546,-5.077369150069301,3.84469438246707e-07,0.10699207387820817,0.039737871153261654,2.6924460413483007,0.007096054532098364,0.20230866352702545,0.039953368444169135,5.063619699794066,4.1325536504192115e-07,0.09881102419330705,0.011328502551247975,8.722337638739534,2.8316502156281826e-18,-0.020269606417957574,0.013479652257167267,-1.5037187926847313,0.13266195145522136,0.03070548332302134,0.011175588174849191,2.7475496450490575,0.006007021437543353,0.16413631982099616,0.013197875440720347,12.436571367735041,1.9342088359466816e-35
0.162,0.023794433615178523,0.023590030115006266,38216,0.42675463918504164,0.02909023036102104,14.670032993511947,1.3602687847123912e-48,0.07345562036954063,0.03891537288205921,1.8875733400310086,0.05909082387789173,-0.21425121943006395,0.042229249271722495,-5.073526598862145,3.923359618918698e-07,0.1351702061562658,0.04145735489821858,3.2604638305584244,0.001113274993970282,0.21849171536350553,0.04160628335637122,5.251411511382875,1.5174462152735714e-07,0.17560868629399043,0.011832948271141432,14.840653594528968,1.1002893407221728e-49,-0.05676972294736918,0.014059765992311955,-4.03774308750313,5.407312468419781e-05,0.051814753847116785,0.011667940674627,4.440779679296166,8.98846014522479e-06,0.22969616244782537,0.013787438952116501,16.65981356258806,4.256551779274459e-62
0.216,0.03055822410071518,0.030321218501986547,32732,0.6001601046836039,0.032930803873572466,18.224884730653134,7.60450645826074e-74,0.07392810941232926,0.04330366760309049,1.7072020340155476,0.0877939936553363,-0.18587877288281907,0.0477256559756825,-3.8947347937455126,9.850147750214867e-05,0.15960357206645892,0.047176868831825924,3.3830895525391242,0.0007175923864320815,0.25507688242519444,0.04705029947188548,5.421365757249081,5.956317452341612e-08,0.22127370643296912,0.014180137397707848,15.604482539692244,1.0689668947869514e-54,-0.08309001773529816,0.016494701916700785,-5.03737613173658,4.744641139864502e-07,0.08393871587290941,0.013959191044490848,6.013150447284462,1.8387754555662422e-09,0.2681441932918285,0.016088164272232957,16.667171515312443,4.0985975376694864e-62
0.27,0.03236679724250724,0.03208304424144215,27290,0.6880975577741114,0.03953918930588555,17.402925296490224,1.8157411951787892e-67,0.09560556382566869,0.04954716446840903,1.9295869874980678,0.05366838930356418,-0.13655731436691584,0.055436248002536014,-2.463321730588059,0.013771759864332305,0.22073694100011793,0.05498064713214972,4.014811620342731,5.9652306795737616e-05,0.28068726454405324,0.05484441649194474,5.117882229365666,3.110799326239818e-07,0.24036009698342786,0.02071658080174669,11.60230538444656,4.74488489821547e-31,-0.10082030107101253,0.022888263440553856,-4.40489080060033,1.0623985141298197e-05,0.10060993785805344,0.020494269551090034,4.90917412827247,9.19885238790656e-07,0.2953376745350064,0.019268393871071324,15.327570969909056,8.308872576612431e-53
0.324,0.03190579643939884,0.031601794491350255,25485,0.7566862508614745,0.044343446781315084,17.0642181829744,6.293552233990851e-65,0.06403508068304288,0.052632491615572416,1.216645435499329,0.22375041901492562,-0.15182919120201457,0.059282525913504504,-2.561112045453988,0.010439476561069798,0.22027675101685756,0.059072575683794835,3.7289173269836833,0.0001927206919205496,0.26012361144809587,0.058917765720990715,4.415028442862715,1.0141186846493454e-05,0.18398230890515643,0.028351233378731674,6.489393475317901,8.77656301590238e-11,-0.11788843817027908,0.03048499523941837,-3.8670971487587575,0.0001104121335387054,0.111138755218684,0.02835744884295876,3.9192085238048517,8.90723461165652e-05,0.3158732673765368,0.020964971482623735,15.066715813963308,4.452076237838198e-51
0.378,0.03179024844255196,0.03147883936393425,24882,0.7314975108479627,0.04716826790050195,15.508254667968808,5.461917023171031e-54,0.035966335876091965,0.053493060416994954,0.6723551727219055,0.50136385899412,-0.1537583889384401,0.06050546170951628,-2.54123156148492,0.01105229272082434,0.2275776143410507,0.06043152729290247,3.7658756039379315,0.00016634847985462704,0.23955866023037303,0.06034219010607545,3.9700027428446534,7.207374829060938e-05,0.07661222413235026,0.033929176380243696,2.258004240178376,0.02395402456321333,-0.11036596780940595,0.03637458977869232,-3.0341501713390224,0.002414632679107199,0.12017097602459373,0.03435359667661515,3.498060979053042,0.00046947221202646124,0.32078815956091644,0.02159089313300886,14.85756784514324,1.0156605939624469e-49
0.432,0.030174414796524385,0.029858072764328836,24535,0.6938990205009562,0.04959017758883459,13.99267061018128,2.559018003260619e-44,0.010735052270776561,0.05368329202116741,0.1999700813158722,0.8415056380682103,-0.14891595909733038,0.06075495029217243,-2.4510917773973797,0.01424929204812635,0.20431585149302717,0.06084437737481309,3.3580071044922057,0.0007862599483040157,0.21979099208706238,0.06096440923733974,3.6052345103746837,0.0003124893449414248,-0.11687458310814657,0.039090065791123486,-2.9898794167464993,0.0027936443140956723,-0.11168546984267161,0.0421852165000162,-2.6475025876097784,0.008114058322429073,0.10537684356164741,0.04013299669548496,2.6256908837685304,0.008652698611741491,0.3071423585450354,0.02187137126497476,14.043123077376459,1.2642418831531454e-44
0.486,0.029000624566692168,0.028680690670338627,24289,0.6046326266882774,0.05215868922376979,11.592174490702767,5.449102308482417e-31,-0.008932562928959496,0.05352590359025818,-0.1668829917816696,0.8674635057717909,-0.14719365546169585,0.06066496293785482,-2.4263371859714318,0.01525932467065909,0.16627816447232813,0.06085024488088737,2.7325800380559344,0.006288585481183573,0.17390367056620906,0.06099706365758935,2.8510170840751887,0.004361636237970282,-0.31809771290487254,0.044429547309633166,-7.159598334145145,8.321658754383784e-13,-0.08311071736225896,0.04822291247155534,-1.723469469233789,0.08481639261891769,0.09644700737943768,0.046217061119255116,2.086826921568485,0.03691418746612284,0.30093508893433746,0.02194764812498644,13.711495975358561,1.2493915143082809e-42
0.54,0.025962715844298434,0.025639330291789886,24105,0.47624506822822205,0.05553218546193818,8.576018830640853,1.040286745825776e-17,-0.05550400157039947,0.05337076972535187,-1.0399700408299393,0.29836425449490206,-0.1646245162705713,0.060573228188207845,-2.717776833010524,0.006576912583443612,0.09378784209389301,0.06081480603345178,1.5421876383574107,0.12304113487841116,0.10321960538421693,0.06093261965305049,1.6939958592285702,0.09027899352637586,-0.47361537072964216,0.05027670898123573,-9.420174476941298,4.894737718282858e-21,-0.08853223756340332,0.05483761227218909,-1.6144436983136567,0.1064443131978253,0.05137821109437829,0.052820583042650346,0.9726929945641191,0.33071567204774255,0.290437948429608,0.021957980409765425,13.226988229775488,8.438089654924717e-40
0.594,0.02357937737073612,0.02325349647874475,23979,0.3013477149668029,0.05838489918589706,5.161398224005049,2.4706701141991665e-07,-0.09238116448703958,0.05301384091002711,-1.7425857644199947,0.08141882269440137,-0.1538216395512216,0.06020868347390056,-2.554808221606451,0.01063075409553655,0.04107938751881497,0.060473243111682506,0.6792985691696608,0.4969552620541362,0.06836203535322925,0.060545037891756345,1.1291104561772394,0.2588625405966302,-0.5992135673875573,0.055151801788693305,-10.864804919399791,1.9649917889311513e-27,-0.08333888690425233,0.060625738291681865,-1.3746453115885076,0.16925428386529187,0.010715168671147036,0.05855892847060023,0.1829809552701538,0.8548145093785686,0.27473361424397796,0.02185088822554768,12.573109679027334,3.860191748038928e-36
0.648,0.021569315190041793,0.021241092887187007,23857,0.2001410365349751,0.06235474575345528,3.209716183052268,0.0013304193179202925,-0.11892242590467428,0.053125582443546204,-2.2385152394526115,0.02519666313467511,-0.16369874978737067,0.060346219632440926,-2.712659563174517,0.006679351707258314,-0.011215980875069365,0.06065126405526352,-0.18492575628514052,0.8532888413390702,0.00800520606267998,0.06071851294122159,0.13184127335973134,0.8951109522655175,-0.7857887292558127,0.061523331605831684,-12.772207043178545,3.104987196766441e-37,-0.045561059627412144,0.06762876122713357,-0.6736935410423048,0.5005126982147072,-0.007787940479367527,0.06552714218312258,-0.11885060480134013,0.9053947169808487,0.2584444222880521,0.021931278113064293,11.784284570906916,5.770057610799175e-32
0.702,0.0182804827996782,0.017949603285960625,23745,0.0521198766030744,0.06788881053867264,0.7677241093123067,0.4426587465779027,-0.14825099905990038,0.05350500019626448,-2.770787749109301,0.005596436087791855,-0.17233156047901355,0.060747849533283924,-2.8368339258592616,0.004560188933014391,-0.08261512850605672,0.0610195836788799,-1.353911703836345,0.17577743958875114,-0.04368461816189928,0.06112405273137791,-0.7146878554319726,0.47480897236539554,-0.8711428856766547,0.06961923647192211,-12.512962362464176,8.227341657003157e-36,-0.00960590727354482,0.07582059112007455,-0.1266925927592976,0.8991847818448853,-0.025145650766314604,0.07364132104781851,-0.3414611580635068,0.7327594636367039,0.23931521938852174,0.022087065867392293,10.835084244568174,2.7196216564470592e-27
0.756,0.016501475987086622,0.016168284312990666,23623,-0.08223515196241703,0.07359415573702693,-1.1174141633782289,0.2638286505226801,-0.17189262918199022,0.05403688186284731,-3.1810242052507074,0.001469451281314874,-0.17735836309952746,0.06135425577418512,-2.8907263377506602,0.003847028977160642,-0.15692638848382043,0.061604539828353934,-2.5473185729664998,0.010861712159788123,-0.08864866546350314,0.06171632654873863,-1.4363892088343186,0.15090486958716515,-0.9361830611167508,0.07775784823993828,-12.039724379048659,2.7500960986413813e-33,0.08410069089527732,0.08344092706598207,1.0079069570832253,0.3135094589461687,0.014478337724268547,0.08116545330746626,0.1783805441142865,0.8584256580118226,0.22436748475207197,0.022305032695794088,10.059052044984425,9.356542564396909e-24
0.8099999999999999,0.01670079829298432,0.0163656302651336,23479,-0.1450058012358355,0.07944181758555464,-1.825308202190514,0.06796723560751829,-0.193133880143211,0.05502840986954019,-3.509712175966694,0.0004494324262621408,-0.1851364253522691,0.062446247961707876,-2.9647325723363718,0.0030325065537132483,-0.23405648235157261,0.06269417756216836,-3.7333049328142023,0.00018942982070239994,-0.13198589321323947,0.06280840527938404,-2.1014049413631897,0.03561606766606941,-1.047475727188971,0.08577770672527987,-12.21151470677247,3.4267252571285405e-34,0.15686383134457157,0.09262755515679065,1.6934899240193502,0.09037552104257417,0.028351675803084113,0.09034534456594591,0.31381446315022166,0.7536647478729772,0.2073391781272737,0.02270566108583329,9.131607194499988,7.279378124590249e-20
0.864,0.01838198895956622,0.018044721132374986,23293,-0.13812487595246623,0.08837889876264113,-1.562871656993913,0.11809637571101676,-0.22354887317355074,0.05626496759206794,-3.973144973517517,7.114339956075172e-05,-0.18221899209480036,0.06383908599482913,-2.8543483863406163,0.004316327782704941,-0.30914554784890286,0.06408215260954807,-4.8242066669096415,1.4145039645969028e-06,-0.17452602035933074,0.06418028192203216,-2.71930903281711,0.006546694500359815,-1.1960283786855939,0.09812315361754334,-12.1890535983727,4.515893339310758e-34,0.21146935808055148,0.10802031458201238,1.9576813759415352,0.05027933875380855,0.02158222508751827,0.10568739744242649,0.20420812329374702,0.8381926484066304,0.19422479303478818,0.02321645445057174,8.36582491302866,6.300657266406476e-17
0.918,0.01928397963075401,0.01893714579657535,22630,-0.18218086462294772,0.11432138265570227,-1.5935852103155146,0.11104294048628398,-0.22391203994810413,0.058168412646772624,-3.8493751120184214,0.00011874514842564317,-0.17838381904025113,0.06583887739120942,-2.709399462878271,0.006745588543009159,-0.40653135886905484,0.06608738923940251,-6.151421073639166,7.80797335716047e-10,-0.24832866988569696,0.0661466604829078,-3.7542132599402316,0.00017432184776279384,-1.247403525913797,0.13284133412727706,-9.390176138389599,6.538642503314912e-21,0.4945653178817756,0.14076218755073774,3.5134813296611314,0.00044313866215915605,0.2337489903201354,0.13805908148760218,1.6931083982412722,0.09044860510960621,0.19513738523023186,0.023966353693427946,8.142139089090655,4.0823763403475777e-16
0.972,0.023928439930967604,0.023583248627287223,22630,-0.1863307700635297,0.11698659688991261,-1.5927531445236562,0.11122955223252731,-0.2402317639312351,0.059524513122171024,-4.0358459285197625,5.4584829658894284e-05,-0.17740591998928928,0.06737380208430863,-2.6331588021007226,0.008465229885331426,-0.4560776115104923,0.06762810757582363,-6.7439061635599495,1.5790155419960534e-11,-0.2881488610717697,0.06768876063048444,-4.256967602713033,2.080531082627764e-05,-1.3318346738571458,0.135938310444243,-9.797346086653153,1.282050764547158e-22,0.5237262981024469,0.14404382548393765,3.635881623824602,0.0002776461120551548,0.19710713281256567,0.14127770096713496,1.3951751158409504,0.16297673585883107,0.19490174068734836,0.02452508964922211,7.947034790697709,1.998979768211993e-15
1.026,0.028352383114382262,0.028001211624204547,22144,-0.12807252696864094,0.13226377383800572,-0.9683114525788584,0.33289942661116523,-0.25216508810411153,0.061508304541116186,-4.099691740577044,4.151765647957448e-05,-0.17967649247858924,0.06953770429885349,-2.5838715023779075,0.009776164996242677,-0.4989377776341387,0.0697221408299047,-7.156088033087734,8.56014212939652e-13,-0.3310692836978243,0.0698067505894914,-4.742654269136873,2.1225002037944517e-06,-1.4641527874401612,0.15604054436239204,-9.383156111271825,7.000705465647352e-21,0.5014463383081691,0.1637413211343597,3.062430025813105,0.0021981120955492026,0.1093001313814128,0.1607393933935064,0.679983475574248,0.49652203532677475,0.1972054580271573,0.025305155778806907,7.793094014158058,6.825698967436718e-15
1.08,0.03293775283743294,0.03257951529449432,21605,-0.07467462420954736,0.14952163598346413,-0.49942353638911335,0.617486129322813,-0.2266411885409805,0.06383321870884258,-3.5505210786054997,0.0003852867411186394,-0.1454630814590874,0.07196325029977321,-2.0213522993074955,0.04325561973178273,-0.49078256573121637,0.0722622476672819,-6.791686967597985,1.1370968867821463e-11,-0.339012073736935,0.07233454023276134,-4.686724663570773,2.7930544389800892e-06,-1.612042391068807,0.1788706623893495,-9.012335335125325,2.180877340701094e-19,0.4774853142997876,0.19007348252202436,2.512109043114207,0.012008431048202855,0.012949249930608022,0.18670445641508487,0.06935694079962937,0.9447061447527128,0.19355343308057663,0.02626537640572399,7.3691475077583775,1.778973217695617e-13
1.134,0.036997545252030806,0.036629231457606104,20926,-0.19356789169768887,0.16304912057684823,-1.187175318780432,0.23517195603660426,-0.22671816932369626,0.06672840774909541,-3.39762594330403,0.000680999168626821,-0.1271886047647796,0.07484556377432446,-1.699347273918341,0.08926863950974771,-0.5187105104728069,0.07517483009829315,-6.900055640891755,5.346776865228761e-12,-0.35152687965493956,0.07521445609238761,-4.6736611273656115,2.9772101536332346e-06,-1.529659966793546,0.19498502634233514,-7.845012488845797,4.535797418465084e-15,0.7407396802028794,0.20991671125678218,3.528731351439496,0.0004184525167896637,0.21562208941845828,0.20629171479180905,1.0452290322762865,0.2959292070333564,0.19168268863323878,0.027291213640461446,7.023604415637038,2.2284747328654302e-12
1.188,0.04182006581601605,0.041441113894250536,20237,-0.22627311431550584,0.17572750020715067,-1.2876363349434272,0.1978873161420568,-0.23104009992592817,0.06960296566659228,-3.3194002254536366,0.0009037041988678955,-0.08786908500162013,0.07799194967761357,-1.1266430107829661,0.2599068115711639,-0.5382449812477486,0.07839207189119538,-6.866063981505784,6.79107831350329e-12,-0.3402927064563138,0.07835805243570396,-4.342791785637323,1.4136752140250101e-05,-1.5623096959089333,0.21088138235791334,-7.408476170064842,1.3277450953206047e-13,0.7779020930325754,0.22226484796859075,3.4998880846084317,0.0004664548772002908,0.19040471289756553,0.2184769215275207,0.8715095011698111,0.38348636373026834,0.18067102645912428,0.028439507001696906,6.3528185087155045,2.1591096604928674e-10
1.242,0.04706734696162207,0.04667561677179077,19470,-0.3107953973764074,0.1865896474884508,-1.6656626000413257,0.09579673012721382,-0.20774669087007555,0.07257925346521951,-2.862342624805713,0.004209707042885656,-0.06356852052639325,0.08118288430756543,-0.7830286034869213,0.43361984371872486,-0.547180805291966,0.08136723563429885,-6.72482973062086,1.806779969532913e-11,-0.33157129274204206,0.08141610108259072,-4.072551845803658,4.668484726896413e-05,-1.5302428216536441,0.224718098874939,-6.809610927267861,1.0071823162597022e-11,0.7174010303635407,0.2416809325891309,2.968380760029409,0.0029973777716091566,0.06553942308950798,0.23769846634753797,0.27572505660883423,0.7827621765016415,0.1660228587034375,0.029511946183762277,5.625615392141935,1.8738912590785924e-08
1.296,,,18630,,,,,,,,,,,,,,,,,,,,,,,,,,,,,,,,,,,,
1.35,,,16868,,,,,,,,,,,,,,,,,,,,,,,,,,,,,,,,,,,,
1.404,,,16868,,,,,,,,,,,,,,,,,,,,,,,,,,,,,,,,,,,,
1.458,,,15887,,,,,,,,,,,,,,,,,,,,,,,,,,,,,,,,,,,,
1.512,,,14903,,,,,,,,,,,,,,,,,,,,,,,,,,,,,,,,,,,,
1.566,,,13956,,,,,,,,,,,,,,,,,,,,,,,,,,,,,,,,,,,,
1.6199999999999999,,,12960,,,,,,,,,,,,,,,,,,,,,,,,,,,,,,,,,,,,
1.674,,,11916,,,,,,,,,,,,,,,,,,,,,,,,,,,,,,,,,,,,
1.728,,,10842,,,,,,,,,,,,,,,,,,,,,,,,,,,,,,,,,,,,
1.782,,,9812,,,,,,,,,,,,,,,,,,,,,,,,,,,,,,,,,,,,
1.836,,,7914,,,,,,,,,,,,,,,,,,,,,,,,,,,,,,,,,,,,
1.89,,,7914,,,,,,,,,,,,,,,,,,,,,,,,,,,,,,,,,,,,
1.944,,,7035,,,,,,,,,,,,,,,,,,,,,,,,,,,,,,,,,,,,
1.998,,,6251,,,,,,,,,,,,,,,,,,,,,,,,,,,,,,,,,,,,
2.052,,,5561,,,,,,,,,,,,,,,,,,,,,,,,,,,,,,,,,,,,
2.106,,,4884,,,,,,,,,,,,,,,,,,,,,,,,,,,,,,,,,,,,
2.16,,,4339,,,,,,,,,,,,,,,,,,,,,,,,,,,,,,,,,,,,
2.214,,,3797,,,,,,,,,,,,,,,,,,,,,,,,,,,,,,,,,,,,
2.268,,,3384,,,,,,,,,,,,,,,,,,,,,,,,,,,,,,,,,,,,
2.322,,,2959,,,,,,,,,,,,,,,,,,,,,,,,,,,,,,,,,,,,
2.376,,,2594,,,,,,,,,,,,,,,,,,,,,,,,,,,,,,,,,,,,
2.43,,,2005,,,,,,,,,,,,,,,,,,,,,,,,,,,,,,,,,,,,
2.484,,,2005,,,,,,,,,,,,,,,,,,,,,,,,,,,,,,,,,,,,
2.538,,,1760,,,,,,,,,,,,,,,,,,,,,,,,,,,,,,,,,,,,
2.592,,,1531,,,,,,,,,,,,,,,,,,,,,,,,,,,,,,,,,,,,
2.646,,,1347,,,,,,,,,,,,,,,,,,,,,,,,,,,,,,,,,,,,
2.7,,,996,,,,,,,,,,,,,,,,,,,,,,,,,,,,,,,,,,,,
2.754,,,996,,,,,,,,,,,,,,,,,,,,,,,,,,,,,,,,,,,,
2.808,,,850,,,,,,,,,,,,,,,,,,,,,,,,,,,,,,,,,,,,
2.862,,,725,,,,,,,,,,,,,,,,,,,,,,,,,,,,,,,,,,,,
2.916,,,611,,,,,,,,,,,,,,,,,,,,,,,,,,,,,,,,,,,,
2.9699999999999998,,,520,,,,,,,,,,,,,,,,,,,,,,,,,,,,,,,,,,,,
3.024,,,434,,,,,,,,,,,,,,,,,,,,,,,,,,,,,,,,,,,,
3.078,,,370,,,,,,,,,,,,,,,,,,,,,,,,,,,,,,,,,,,,
3.132,,,323,,,,,,,,,,,,,,,,,,,,,,,,,,,,,,,,,,,,
3.186,,,277,,,,,,,,,,,,,,,,,,,,,,,,,,,,,,,,,,,,
3.2399999999999998,,,232,,,,,,,,,,,,,,,,,,,,,,,,,,,,,,,,,,,,
3.294,,,199,,,,,,,,,,,,,,,,,,,,,,,,,,,,,,,,,,,,
3.348,,,176,,,,,,,,,,,,,,,,,,,,,,,,,,,,,,,,,,,,
3.402,,,126,,,,,,,,,,,,,,,,,,,,,,,,,,,,,,,,,,,,
3.456,,,126,,,,,,,,,,,,,,,,,,,,,,,,,,,,,,,,,,,,
3.51,,,106,,,,,,,,,,,,,,,,,,,,,,,,,,,,,,,,,,,,
3.564,,,91,,,,,,,,,,,,,,,,,,,,,,,,,,,,,,,,,,,,
3.618,,,74,,,,,,,,,,,,,,,,,,,,,,,,,,,,,,,,,,,,
3.672,,,54,,,,,,,,,,,,,,,,,,,,,,,,,,,,,,,,,,,,
3.726,,,54,,,,,,,,,,,,,,,,,,,,,,,,,,,,,,,,,,,,
3.78,,,45,,,,,,,,,,,,,,,,,,,,,,,,,,,,,,,,,,,,
3.834,,,42,,,,,,,,,,,,,,,,,,,,,,,,,,,,,,,,,,,,
3.888,,,37,,,,,,,,,,,,,,,,,,,,,,,,,,,,,,,,,,,,
3.942,,,27,,,,,,,,,,,,,,,,,,,,,,,,,,,,,,,,,,,,
3.996,,,27,,,,,,,,,,,,,,,,,,,,,,,,,,,,,,,,,,,,
4.05,,,26,,,,,,,,,,,,,,,,,,,,,,,,,,,,,,,,,,,,
4.104,,,20,,,,,,,,,,,,,,,,,,,,,,,,,,,,,,,,,,,,
4.158,,,14,,,,,,,,,,,,,,,,,,,,,,,,,,,,,,,,,,,,
4.212,,,14,,,,,,,,,,,,,,,,,,,,,,,,,,,,,,,,,,,,
4.266,,,12,,,,,,,,,,,,,,,,,,,,,,,,,,,,,,,,,,,,
4.32,,,11,,,,,,,,,,,,,,,,,,,,,,,,,,,,,,,,,,,,
4.374,,,11,,,,,,,,,,,,,,,,,,,,,,,,,,,,,,,,,,,,
4.428,,,10,,,,,,,,,,,,,,,,,,,,,,,,,,,,,,,,,,,,
4.482,,,9,,,,,,,,,,,,,,,,,,,,,,,,,,,,,,,,,,,,
4.536,,,7,,,,,,,,,,,,,,,,,,,,,,,,,,,,,,,,,,,,
4.59,,,5,,,,,,,,,,,,,,,,,,,,,,,,,,,,,,,,,,,,
4.644,,,5,,,,,,,,,,,,,,,,,,,,,,,,,,,,,,,,,,,,
4.6979999999999995,,,4,,,,,,,,,,,,,,,,,,,,,,,,,,,,,,,,,,,,
4.752,,,4,,,,,,,,,,,,,,,,,,,,,,,,,,,,,,,,,,,,
4.806,,,4,,,,,,,,,,,,,,,,,,,,,,,,,,,,,,,,,,,,
4.86,,,2,,,,,,,,,,,,,,,,,,,,,,,,,,,,,,,,,,,,
4.914,,,2,,,,,,,,,,,,,,,,,,,,,,,,,,,,,,,,,,,,
4.968,,,2,,,,,,,,,,,,,,,,,,,,,,,,,,,,,,,,,,,,
5.022,,,2,,,,,,,,,,,,,,,,,,,,,,,,,,,,,,,,,,,,
5.076,,,2,,,,,,,,,,,,,,,,,,,,,,,,,,,,,,,,,,,,
5.13,,,2,,,,,,,,,,,,,,,,,,,,,,,,,,,,,,,,,,,,
5.184,,,2,,,,,,,,,,,,,,,,,,,,,,,,,,,,,,,,,,,,
5.2379999999999995,,,2,,,,,,,,,,,,,,,,,,,,,,,,,,,,,,,,,,,,
5.292,,,2,,,,,,,,,,,,,,,,,,,,,,,,,,,,,,,,,,,,
5.346,,,2,,,,,,,,,,,,,,,,,,,,,,,,,,,,,,,,,,,,
5.4,,,2,,,,,,,,,,,,,,,,,,,,,,,,,,,,,,,,,,,,
