peth_time,r_squared,r_squared_adj,n_trials,Intercept_beta,Intercept_se,Intercept_tstat,Intercept_pvalue,C(word_l2)[T.LR]_beta,C(word_l2)[T.LR]_se,C(word_l2)[T.LR]_tstat,C(word_l2)[T.LR]_pvalue,C(word_l2)[T.Ll]_beta,C(word_l2)[T.Ll]_se,C(word_l2)[T.Ll]_tstat,C(word_l2)[T.Ll]_pvalue,C(word_l2)[T.Lr]_beta,C(word_l2)[T.Lr]_se,C(word_l2)[T.Lr]_tstat,C(word_l2)[T.Lr]_pvalue,C(word_l2)[T.RL]_beta,C(word_l2)[T.RL]_se,C(word_l2)[T.RL]_tstat,C(word_l2)[T.RL]_pvalue,C(word_l2)[T.RR]_beta,C(word_l2)[T.RR]_se,C(word_l2)[T.RR]_tstat,C(word_l2)[T.RR]_pvalue,C(word_l2)[T.Rl]_beta,C(word_l2)[T.Rl]_se,C(word_l2)[T.Rl]_tstat,C(word_l2)[T.Rl]_pvalue,C(word_l2)[T.Rr]_beta,C(word_l2)[T.Rr]_se,C(word_l2)[T.Rr]_tstat,C(word_l2)[T.Rr]_pvalue,C(word_l2)[T.lL]_beta,C(word_l2)[T.lL]_se,C(word_l2)[T.lL]_tstat,C(word_l2)[T.lL]_pvalue,C(word_l2)[T.lR]_beta,C(word_l2)[T.lR]_se,C(word_l2)[T.lR]_tstat,C(word_l2)[T.lR]_pvalue,C(word_l2)[T.ll]_beta,C(word_l2)[T.ll]_se,C(word_l2)[T.ll]_tstat,C(word_l2)[T.ll]_pvalue,C(word_l2)[T.lr]_beta,C(word_l2)[T.lr]_se,C(word_l2)[T.lr]_tstat,C(word_l2)[T.lr]_pvalue,C(word_l2)[T.rL]_beta,C(word_l2)[T.rL]_se,C(word_l2)[T.rL]_tstat,C(word_l2)[T.rL]_pvalue,C(word_l2)[T.rR]_beta,C(word_l2)[T.rR]_se,C(word_l2)[T.rR]_tstat,C(word_l2)[T.rR]_pvalue,C(word_l2)[T.rl]_beta,C(word_l2)[T.rl]_se,C(word_l2)[T.rl]_tstat,C(word_l2)[T.rl]_pvalue,C(word_l2)[T.rr]_beta,C(word_l2)[T.rr]_se,C(word_l2)[T.rr]_tstat,C(word_l2)[T.rr]_pvalue
-2.16,0.07560444153090262,0.07524670331168093,38776,0.6870751169282148,0.01924185530374625,35.70732167362501,8.843891902666475e-275,-1.0612616224445697,0.16020071154902038,-6.624574960891048,3.527959817999926e-11,0.0035565339987208566,0.0360030419162032,0.0987842640352074,0.9213100736927948,-1.0909172192653847,0.09343520014554543,-11.675655615507285,1.9164965688171006e-31,-1.0114821982318474,0.12468624778486619,-8.112219400306762,5.115284343310628e-16,-0.027059210915277986,0.02700820429681194,-1.0018885601539997,0.31640367288514165,-1.1432943987145445,0.08602152755464014,-13.290793958388308,3.2068037858592577e-40,0.09504548516051142,0.0356529362534948,2.6658529464370497,0.007682511784953271,-1.1108807385327182,0.04306276307755788,-25.796782629390837,1.6370983668427865e-145,-0.9507832855018183,0.04910412065574662,-19.362596719070844,3.948338071058892e-83,-0.8529752249040286,0.03816629547828701,-22.348913202469184,6.138855829622864e-110,-1.041342387996978,0.05658808116345634,-18.40215053394424,2.645446235006931e-75,-0.8622935439445346,0.048750610528490924,-17.68785117963992,9.786882546272762e-70,-1.0932397015534345,0.04049485103121975,-26.997005142964838,4.769312156819113e-159,-1.0335486065149275,0.06122548285154606,-16.881020097807664,1.0490306733683636e-63,-0.9353922403672496,0.03647987612449776,-25.64132172968358,8.393708475393454e-144
-2.106,0.07933652551119075,0.07898023159691503,38776,0.6495653819803062,0.017740152333052702,36.615547024929626,1.374865147049482e-288,-0.9704420345394966,0.14769807702429522,-6.570444613032208,5.079944770137035e-11,-0.001619773676561239,0.03319323620120854,-0.04879830537590862,0.9610802841106021,-0.9759067135699064,0.08614318409974377,-11.328890657674323,1.0512188313050553e-29,-0.9893613591136653,0.11495528859473494,-8.606488411347252,7.811696250305052e-18,-0.05156006857548187,0.024900387769487557,-2.070653238527577,0.038397817426520715,-1.0666741466792153,0.07930810094201772,-13.449750202177487,3.821427470869138e-41,0.06216112903631277,0.03287045403228212,1.8910943236520017,0.058619204030211015,-1.0586143583423167,0.03970199156051759,-26.66401146976909,3.1126864478659356e-155,-0.9231840034222477,0.04527186006039371,-20.39200514824659,5.9912116604137644e-92,-0.8356388700459929,0.0351876617449301,-23.748064764956805,8.839441124040444e-124,-1.003891508549822,0.05217174561537303,-19.24205327440708,3.9807793590398216e-82,-0.835538933913792,0.04494593912346764,-18.58986485116142,8.384791966182198e-77,-1.051974225974635,0.03733448852295705,-28.177009183553537,6.239499831382379e-173,-0.9953222803669465,0.056447227946863715,-17.63279290355742,2.575686659218336e-69,-0.8975641881423373,0.0336328565683313,-26.68712323970375,1.6976292461912357e-155
-2.052,0.08391690671967156,0.08356238539874272,38776,0.6069026164184409,0.01616636351289516,37.54107198779384,5.429459670332557e-303,-0.8918413937646613,0.13459528185006658,-6.626097003594336,3.49183393640081e-11,-0.0009662842544133216,0.030248552127612346,-0.031944810129647505,0.9745162280240278,-0.9061801271784892,0.07850113134147295,-11.543529522354094,8.937820106731378e-31,-1.0069796889932574,0.10475721675116323,-9.612509001505863,7.489277443882399e-22,-0.07423831161466464,0.022691390284376126,-3.2716510837055455,0.001070148582243164,-0.991512815592817,0.07227241149205033,-13.719105189978052,9.821512233680845e-43,0.041110444951405756,0.029954405054893992,1.3724340335275353,0.16993630290713646,-0.9911096829317716,0.03617989381959138,-27.393935644860477,1.1801940606317032e-163,-0.8709456126868566,0.04125564047596334,-21.110946349125115,2.2627530417579088e-98,-0.8104748669466277,0.03206604544637789,-25.275173650643513,8.161433342820865e-140,-0.95831950828886,0.0475434138831478,-20.156724770421782,6.798165292317909e-90,-0.792465780101236,0.04095863308595388,-19.3479547629972,5.231647242088277e-83,-1.0108567411671912,0.034022419971310114,-29.711488542543723,7.800489675708426e-192,-0.9419387833614741,0.0514396037391424,-18.311548202007554,1.3825883949883329e-74,-0.8517186611977097,0.030649172287414327,-27.789287528246124,2.628284804991517e-168
-1.998,0.09008554895872645,0.08973341488324615,38776,0.5629485501793903,0.014630259300199738,38.47837134176458,0.0,-0.7975986952887675,0.12180623505584487,-6.5480941507065715,5.900290788533642e-11,0.0060118062327829125,0.027374378952296854,0.21961434242067035,0.8261726769430859,-0.8153883588086489,0.0710420686735571,-11.477542448199406,1.916106967146703e-30,-0.9482679898394508,0.09480333925525314,-10.002474567760613,1.5873455826477785e-23,-0.09725583694822718,0.020535287572721595,-4.736034818300702,2.187104755728729e-06,-0.9041930828636604,0.0654051926728,-13.82448466113435,2.2998446794680247e-43,0.0030767748797126543,0.02710818130414725,0.11349986357225454,0.909634859067037,-0.9447964226838013,0.032742133233123256,-28.85567705551962,3.5713336036051007e-181,-0.8409689631524745,0.03733558986705396,-22.524592919169883,1.244060274926281e-111,-0.7884690905490004,0.02901917671455864,-27.17062232001341,4.693696615473406e-161,-0.9246430665510705,0.04302590824289843,-21.49037880458191,7.543988892245357e-102,-0.7474317596170303,0.03706680368477816,-20.16445135041332,5.824769826949387e-90,-0.971496803605078,0.0307896593939338,-31.552697325274178,8.9513654635903e-216,-0.884665958468714,0.0465518878381575,-19.00386857659452,3.672244727582398e-80,-0.8146506060907425,0.02773693277054517,-29.3706089577377,1.4929036025000272e-187
-1.944,0.09402326890901103,0.09367265871896047,38776,0.5168548488812059,0.013316790834223555,38.81226755870582,0.0,-0.8055805855681757,0.11087077277713113,-7.265941829300026,3.774163671142842e-13,0.006520959885560302,0.024916774969226424,0.2617096270931548,0.7935467084489384,-0.7575391415345989,0.06466408759709336,-11.714990030550593,1.2077798767262275e-31,-0.8377891963830766,0.08629213012177475,-9.708755540056726,2.933415300539915e-22,-0.10487011970235988,0.01869168028503981,-5.610523939161017,2.030889297981619e-08,-0.8267656053882738,0.0595332763708349,-13.887453467844125,9.609548719929763e-44,-0.023010586100238796,0.024674475887013842,-0.932566357462095,0.35104971919926453,-0.886006988639608,0.029802625557417802,-29.729158826380083,4.665249408561336e-192,-0.8038494076975726,0.0339836930248479,-23.653974484462918,7.994194441230397e-123,-0.7550647265330601,0.026413906859728192,-28.585878285361304,7.111503683709011e-178,-0.8656221755666905,0.039163148702043245,-22.102977014244228,1.3704484300553064e-107,-0.6955021502979007,0.03373903780069562,-20.614166723022585,6.544799373999077e-94,-0.8992417658148917,0.02802543998659033,-32.086624375751555,5.678756983384422e-223,-0.8360126451110075,0.04237257457702854,-19.730041269765923,3.159624410803542e-86,-0.7785763586962795,0.02524677960309481,-30.838640449843343,2.504446258813391e-206
-1.89,0.0923114783880562,0.09196020574037367,38776,0.4672549493888723,0.012276958346530378,38.059504333247524,0.0,-0.8036025079955635,0.10221350445291696,-7.861999373729822,3.877783081038579e-15,0.005594771850538013,0.022971165668601523,0.24355628840313098,0.8075757746352314,-0.6839266512532984,0.05961483662457738,-11.472423476731233,2.032516737265684e-30,-0.803157403870729,0.07955406826814349,-10.095742698709277,6.176430157576346e-24,-0.11444325842827766,0.017232153237426488,-6.641262809787375,3.1510830343946155e-11,-0.7367489858215441,0.05488466127731563,-13.423586274842325,5.432868545056407e-41,-0.0490477539417454,0.022747786344201416,-2.1561550297507543,0.031077694239151625,-0.8245184732651301,0.027475507961373886,-30.009216733108975,1.2993544946092341e-195,-0.7434480033101643,0.031330099640455814,-23.729512891499635,1.3654635010814928e-123,-0.6934543246894018,0.0243513950412606,-28.476985549058867,1.4966498485939809e-176,-0.7994073786665528,0.03610512107003398,-22.14110782556089,5.947756818585415e-108,-0.6434601238483919,0.031104548151844953,-20.68701080971097,1.4729910488805284e-94,-0.8231062592993891,0.025837092708125984,-31.857541736517252,7.18497900107618e-220,-0.7698784220081192,0.039063941124653286,-19.708160514358553,4.84879111848373e-86,-0.7281564827055247,0.02327540211675179,-31.28437820549856,3.355505857666509e-212
-1.836,0.08762407957047536,0.08727099291396245,38776,0.4186870122626224,0.011443113403135505,36.58855745918753,3.5748973237222874e-288,-0.7105775706820716,0.09527121374629244,-7.458470851167511,8.935890569553102e-14,0.002580197233411047,0.02141097544916801,0.12050815898307465,0.9040812414391017,-0.6355868666508018,0.05556582638379865,-11.438448917518846,3.004367912703676e-30,-0.778073551997238,0.07415079526847339,-10.493124843504553,1.0058726847491874e-25,-0.1262935189383827,0.016061753905991554,-7.862996760974599,3.847068025170457e-15,-0.674314596908733,0.051156922208382166,-13.181297228202778,1.3683635588487538e-39,-0.051306635917966734,0.021202767938082935,-2.4198083980258693,0.015533256014588355,-0.7508828651040018,0.025609385039545126,-29.320612890333543,6.281834231204233e-187,-0.6716242237856559,0.029202174756794808,-22.99911665412458,2.864115249340215e-116,-0.6421589477453337,0.022697460324971146,-28.292105748890652,2.573563185977825e-174,-0.7162235278180057,0.03365287909078055,-21.28268211126757,6.142566740801292e-100,-0.5796618220880125,0.028991942613818652,-19.993893814198014,1.741439940869909e-88,-0.7508871017443494,0.02408225014056249,-31.1801055699362,8.06866756432879e-211,-0.7011683050785698,0.03641073754959409,-19.25718489287747,2.9807756398164104e-82,-0.6789557844854515,0.02169454830811923,-31.296147531744225,2.3420915193625859e-212
-1.782,0.07760501411299281,0.07724805010916669,38776,0.36694724024677194,0.010795963111173135,33.98930104411017,1.507583138363395e-249,-0.6075605205205317,0.08988327502546944,-6.759439065258498,1.4048532665978162e-11,0.001530566885525643,0.020200105773671175,0.07577024114005305,0.9396022832241909,-0.5665542349618968,0.052423373844828584,-10.807282961964223,3.476504392945217e-27,-0.6780474910902612,0.06995729415416252,-9.69230584585034,3.445293373943298e-22,-0.12769286282396197,0.015153402449224378,-8.426679305313236,3.676878532922675e-17,-0.6197109833451098,0.048263809470901184,-12.840076034999699,1.167041632297424e-37,-0.06393967055789174,0.020003673165695124,-3.1963964831990817,0.0013926731958206126,-0.667057032874536,0.02416107980814043,-27.608742579865527,3.565780514918576e-166,-0.5834837522773786,0.027550684008252755,-21.17855774842458,5.488730431081427e-99,-0.5826752969685172,0.021413835182177005,-27.210226099689272,1.6292293474108897e-161,-0.6444855680445606,0.03174968458752539,-20.29895970361174,3.9167520422838087e-91,-0.5196217953792084,0.027352341268790645,-18.99734250435458,4.153687737430419e-80,-0.6666389951356702,0.022720310023347064,-29.341104696663095,3.48681484921179e-187,-0.6178499109626812,0.034351575973048984,-17.986071772876564,4.921900216713693e-72,-0.6123318795508002,0.020467641540967547,-29.917070724791184,1.9362652743009467e-194
-1.728,0.06600691202329378,0.06564545958986634,38776,0.3096138544698011,0.010263842216879267,30.165492407962947,1.3065119861289098e-197,-0.5898395442404606,0.08545302936826496,-6.902500105625415,5.1879740343946695e-12,0.007274848923788395,0.019204465251521537,0.37881028336428274,0.7048308253654842,-0.5144959339770347,0.049839484636894756,-10.323058870399475,5.971452169823439e-25,-0.563481329741618,0.06650917771060354,-8.472234195909813,2.4908341183662576e-17,-0.1257684095757176,0.014406508264811036,-8.729971708891895,2.6470599512941768e-18,-0.5611296093735306,0.04588494051838453,-12.229058227692486,2.5157710226913615e-34,-0.06931995151700011,0.019017714586133497,-3.6450200786767404,0.0002677202626097795,-0.6011086382682009,0.02297020732532253,-26.169055845026453,1.199712327461085e-149,-0.5092578648283479,0.02619274174206376,-19.442709352206318,8.434806772751361e-84,-0.5107607986869056,0.020358371300903764,-25.08849019097277,8.388643674159926e-138,-0.5677478527243083,0.030184778299657718,-18.809078108443362,1.4260828274494652e-78,-0.4399571857375352,0.026004175093424897,-16.918713404940018,5.561682122329662e-64,-0.5755115001564066,0.021600451464758152,-26.643494053602193,5.329530256244961e-155,-0.5345932179141685,0.03265842538157791,-16.369228205831497,5.047061282927395e-60,-0.5396971029468085,0.019458814481379483,-27.735353737158814,1.1431406002218717e-167
-1.674,0.052435883491197655,0.05206917911174391,38776,0.25578576698416033,0.009876643144044267,25.898046862045653,1.2443372960628104e-146,-0.5708339736048065,0.0822293502583191,-6.941973538785874,3.927319749859801e-12,0.004978800283073519,0.018479984985500648,0.26941581862646935,0.7876111486757886,-0.46367296914109324,0.04795931132224228,-9.66804894310594,4.365369477283343e-22,-0.4444009584994406,0.0640001473299325,-6.943748991833911,3.8783120781716846e-12,-0.12199917167120315,0.013863028881062223,-8.80032586802598,1.4193380345827546e-18,-0.5070391234824252,0.044153950695042375,-11.48343728026484,1.7902317492804684e-30,-0.06940637806616293,0.01830027940936492,-3.7926403479197783,0.00014928003847562214,-0.5234957683242514,0.022103666044654163,-23.683662577360572,3.994078669961588e-123,-0.44499376298765836,0.025204631724077012,-17.655237650728022,1.736726732319122e-69,-0.4446029934664574,0.019590360421003723,-22.694987938546458,2.755769545933596e-113,-0.48573042610305117,0.02904607040407677,-16.722758684592197,1.4835388586322147e-62,-0.35754013244163463,0.02502317867188457,-14.288357891292122,3.389788893796848e-46,-0.4853634080617337,0.02078558364009329,-23.350963651822447,9.070817811314533e-120,-0.4439842572136014,0.03142640020418359,-14.127747827589134,3.318296668163573e-45,-0.4658484647786195,0.01872473899907445,-24.87876946117359,1.4680017499425818e-135
-1.6199999999999999,0.038052488123082706,0.03768021741415206,38776,0.1995939231101133,0.009585623867933225,20.822215211032283,9.122831267074854e-96,-0.5543641309081346,0.07980642926803429,-6.946359284491631,3.807347413673654e-12,-0.003670672459826511,0.017935464770019713,-0.2046600133809901,0.8378388383719962,-0.378930058236882,0.04654617085941212,-8.140950184310562,4.037870047925789e-16,-0.3541453879464167,0.06211435716060882,-5.701506127330667,1.1961468122099304e-08,-0.11426489811487481,0.013454549140442458,-8.49265901979657,2.0903791316200806e-17,-0.426952326285429,0.04285293671880468,-9.963198767147137,2.3560595641222206e-23,-0.06957180282369743,0.017761054291207782,-3.917098708387903,8.977460437656634e-05,-0.45769101272747015,0.021452372604372848,-21.335216442873758,2.0265354964218613e-100,-0.3638614068078717,0.024461967078608943,-14.874576751681374,6.62076118376699e-50,-0.379749188386538,0.019013122545206543,-19.97300482777763,2.6350941401395856e-88,-0.40507156016132223,0.028190216217630636,-14.36922501885543,1.064584656170832e-46,-0.2727359867243616,0.02428586061382753,-11.230237670435907,3.2144539144448105e-29,-0.3908248018116943,0.02017312802979486,-19.373534993406206,3.1992481695522834e-83,-0.3420178350538015,0.030500408639558482,-11.213549270622247,3.8798094003969586e-29,-0.3850073342359773,0.0181730070078093,-21.18567026747594,4.727669516687389e-99
-1.566,0.025527010765997726,0.02514989273610846,38776,0.145465531833173,0.009344249947883743,15.567384503249253,1.77385875593253e-54,-0.46098344777232136,0.07779683751448986,-5.925477982141138,3.1401517966124285e-09,0.0011906524950877542,0.017483834964897547,0.06810019068918449,0.945706229836611,-0.32543362351668537,0.045374099862425285,-7.1722331573166915,7.5102504205827e-13,-0.26382103625370984,0.06055026638406947,-4.357058226305675,1.3216064415006271e-05,-0.10216898513047147,0.013115752488991203,-7.789792100470614,6.878438338253907e-15,-0.35465532559981106,0.0417738644055197,-8.489885497712043,2.1407794512887573e-17,-0.0680426924554704,0.017313816285883788,-3.929965025154311,8.510559055361418e-05,-0.39670948399412526,0.020912184157463126,-18.970255856920993,6.923164201152195e-80,-0.28334984151732534,0.023845994559007218,-11.882492081266417,1.662262581255e-32,-0.3005440807265589,0.018534356427909765,-16.215512089429108,6.128115075292395e-59,-0.3162585588859126,0.027480363307768953,-11.50852903012761,1.3400776210872713e-30,-0.20117128712103324,0.023674322600350396,-8.497446390210792,2.0061233948756253e-17,-0.30442137936403646,0.019665152017038837,-15.480245415864117,6.841880473716348e-54,-0.25410131253494656,0.029732383177901316,-8.546281373227025,1.3168539119690466e-17,-0.2963898409790632,0.017715395693095003,-16.730636228158772,1.3010154849942087e-62
-1.512,0.01410281945964098,0.01372128030308517,38776,0.08949345857099894,0.009187209692403938,9.741092406434664,2.1365856329440247e-22,-0.35119195308911577,0.07648937727884375,-4.591382040003249,4.4170196559697766e-06,0.00558934341655426,0.01719000015472361,0.325150864819415,0.7450686489793438,-0.26436375452736216,0.044611538899875784,-5.9259052937108665,3.132003484197802e-09,-0.13378229690760052,0.05953265348251411,-2.247208701135671,0.02463229410873005,-0.08965701044862434,0.012895328042602381,-6.952673879440979,3.64089919947237e-12,-0.25836878489494475,0.04107180930476684,-6.290659926319783,3.1948737351975155e-10,-0.06958809143693553,0.017022838824018983,-4.087925178422516,4.361250407708453e-05,-0.3320965865081953,0.020560732220598735,-16.15198247538504,1.708162415739295e-58,-0.18624850044396388,0.023445236756229844,-7.943980364987106,2.010457969191331e-15,-0.22363036425309307,0.018222866465116994,-12.27196416552665,1.4851908405242406e-34,-0.2219338768090935,0.027018525996203115,-8.214137101346003,2.2024582994201662e-16,-0.10015794008577394,0.023276449931039753,-4.302973193184873,1.6893375757397978e-05,-0.2046991632937352,0.01933465780786966,-10.58716245861966,3.7112208494576126e-26,-0.1491928201627659,0.02923269822979711,-5.103628101311993,3.347741798270079e-07,-0.19830354151353483,0.017417669253724715,-11.385193887013799,5.53090229840479e-30
-1.458,0.0066109283152840925,0.006226489820050141,38776,0.04064706921656322,0.009052123461029583,4.49033526680822,7.131601923528485e-06,-0.21672146944485465,0.07536469828895268,-2.875636396949827,0.004034335194607493,-0.0031975645503562744,0.016937243070040305,-0.18878896270977738,0.8502592111889309,-0.191884416250657,0.04395558297119186,-4.365416251592352,1.2720905085217599e-05,-0.03183623739779575,0.05865730154520963,-0.5427497781032126,0.5873052167902563,-0.07932357538151966,0.01270571864802728,-6.2431396112990125,4.333093771272074e-10,-0.1775072045866341,0.0404679005968493,-4.3863704805199175,1.1556132915059924e-05,-0.06195569781727657,0.016772539634055884,-3.6938769661022786,0.00022116404458239625,-0.2499316870073368,0.02025841280883279,-12.33718008245765,6.643141892318689e-35,-0.09776070173897303,0.023100504374677994,-4.231972607755485,2.3218282142264308e-05,-0.15179211927946434,0.017954922395260167,-8.454067132004715,2.91005261078253e-17,-0.13364860425958952,0.02662125294199876,-5.0203724276531,5.179961930705576e-07,-0.009734578966326124,0.022934199345036713,-0.4244568916434759,0.6712349934324797,-0.11448881770781594,0.019050366260639887,-6.009796144673722,1.8741156765285243e-09,-0.060321984863533865,0.028802868589571075,-2.094304762594904,0.03623931756132911,-0.10765345376720142,0.01716156458456101,-6.272939348668085,3.5802833070285186e-10
-1.404,0.0041654160851999356,0.003780021241196696,38775,0.0034763632508645996,0.008994489175292211,0.3864992422709387,0.699129085359741,-0.13118014018908736,0.07488485611996389,-1.7517579252464566,0.07982335013332462,-0.007873395589192506,0.01682940473674799,-0.467835655054423,0.639904751214476,-0.11717944231159073,0.04367572061191192,-2.682942391559116,0.007300852092210228,0.05882833834573521,0.0582838342927933,1.0093422826337497,0.3128168095038751,-0.07206294700684494,0.012624822157588443,-5.708036604977428,1.1511939715207338e-08,-0.0895138751578729,0.040210244086041555,-2.226146028020418,0.02601012820369049,-0.0744633591322063,0.016665749956921924,-4.468047302082485,7.915997812441846e-06,-0.17839748090624352,0.020129428802211823,-8.862520772901474,8.147832150268595e-19,-0.009305015693860679,0.022953424954529365,-0.4053868088223816,0.6851954432602652,-0.09478701907902443,0.01784304764953067,-5.312266208150693,1.0886666408171833e-07,-0.05826017595328684,0.026451757142994577,-2.2025068368176943,0.02763539189584901,0.06758791290872845,0.02278817877827956,2.9659198993624507,0.003019630010454928,-0.04257183111771186,0.01892907380840838,-2.2490181795794606,0.024516930615431046,0.029516780225207012,0.028619482584584535,1.0313526856389008,0.30238189549380357,-0.01938761544892839,0.017052298010669518,-1.136950306451229,0.25556608910236767
-1.35,0.005741507507794785,0.005356722622029353,38775,-0.03164887410698814,0.008958927540038625,-3.5326632530004467,0.0004118742323587262,-0.07534321553357536,0.07458878283692845,-1.010114559695877,0.3124467131519723,-0.01501772394859961,0.01676286608834679,-0.8958923772015117,0.37031580966446676,-0.05616565736668798,0.04350303931611305,-1.2910743306591186,0.19668560428216356,0.16024077091512923,0.05805339669751615,2.7602307535949095,0.005778768273705549,-0.06288089349787253,0.01257490722501586,-5.000505560214439,5.742938670050002e-07,-0.0062619023267982505,0.040051264292328144,-0.15634718247827506,0.8757601816355429,-0.08465276805928501,0.016599858352669004,-5.099607855730536,3.4195818330670724e-07,-0.10741259092909428,0.020049842803387827,-5.357278457611884,8.49657207545281e-08,0.07365853043937726,0.022862673683373715,3.2217811205932363,0.0012750158500509376,-0.02857940947529728,0.017772501347238373,-1.608069056623713,0.10782820027401749,0.00229183969499213,0.0263471744678695,0.08698616611762446,0.930682957614901,0.12844208580489266,0.022698080843198066,5.658720078238813,1.535800755556781e-08,0.03615049672131608,0.01885423366959183,1.917367597900291,0.055198589750525814,0.10952656814804951,0.028506329343640613,3.8421841980326183,0.00012213850177952897,0.06775870537572486,0.016984878106073194,3.989354822128322,6.637489371582792e-05
-1.296,0.010547009097780169,0.01016408397423385,38775,-0.06763923177764689,0.008977785212718395,-7.5340666071878895,5.025230538317076e-14,-0.014575066770124167,0.07474578498322723,-0.19499516626114471,0.8453977538238584,-0.00866578512124811,0.016798150294012715,-0.5158773418247612,0.6059430228284624,0.022294592951986634,0.04359460899031034,0.5114071090061157,0.6090689313065535,0.25192947806039634,0.05817559346135624,4.330501213154674,1.4914347061731952e-05,-0.04754526280113691,0.012601376183869254,-3.7730214626874297,0.0001615223115045043,0.09353919092539056,0.04013556831522154,2.3305809498134233,0.019780570259586763,-0.07916975881056124,0.016634799442877202,-4.759285441488185,1.949792879265081e-06,-0.01670618400923223,0.020092045775917448,-0.8314824779692892,0.4057062450667599,0.14560070468574254,0.02291079739181746,6.355112927572897,2.105833506937706e-10,0.046719506578933215,0.01780991073710219,2.6232308105624362,0.00871343408581165,0.09081949771672396,0.0264026327121662,3.4397894598925656,0.00058277945395913,0.20043015994824886,0.022745858099693005,8.811721196438574,1.2824655014720112e-18,0.12140551517148532,0.018893920000972467,6.425639314934995,1.3283729737586672e-10,0.20205831537222516,0.028566332399325756,7.073302674899711,1.5384770155847825e-12,0.1410306371005804,0.017020629625482037,8.285864871264202,1.2097545780778668e-16
-1.242,0.018295210978562904,0.017915284462519665,38775,-0.09635409662928827,0.00897266861463472,-10.738622005066759,7.313717235081236e-27,0.026155681259716942,0.07470318604249224,0.350128055379582,0.7262444992529894,-0.0031729518549059076,0.0167885767319852,-0.18899468999423127,0.8500979681227829,0.14872930844579085,0.04356976365401265,3.4135899755355528,0.0006417855487907457,0.3404312565114235,0.058142438164925286,5.855125227906083,4.8048552339517226e-09,-0.038419008687530544,0.012594194437402126,-3.050533234061729,0.002285896826369855,0.16299164585411102,0.04011269434719232,4.0633432509756,4.847003366220216e-05,-0.06033847713437476,0.016625318977379854,-3.6293124490706217,0.00028454245373560664,0.07985935476267828,0.0200805949647788,3.9769416644651683,6.993394281015011e-05,0.2203590672155082,0.022897740124434362,9.623616392622138,6.724571288986096e-22,0.11891815199915029,0.017799760554959406,6.680884927186117,2.4071008189613918e-11,0.15743043133406992,0.02638758538626808,5.966079466141515,2.4512601605204798e-09,0.25868319878741686,0.022732894834120602,11.379245831866083,5.920041033317724e-30,0.19809789685726364,0.018883152022837597,10.490721920666676,1.0317143432827367e-25,0.2793146783264575,0.028550051942826865,9.78333345542773,1.4100510358728332e-22,0.21178864075608067,0.017010929268560897,12.450151159437377,1.6323583254216957e-35
-1.188,0.02733723330451654,0.026960806113401348,38775,-0.1323896298351127,0.008997101573352059,-14.714697700782784,7.031164233487715e-49,0.1622229353096622,0.07490660599914291,2.1656692777072073,0.030342546644890108,0.005049201836533287,0.01683429274132789,0.2999354896649496,0.7642279714690937,0.23757409706997573,0.04368840597575697,5.437920925789955,5.423103516214644e-08,0.46891050142731705,0.05830076249990541,8.042956581023754,9.016765002359326e-16,-0.009433818642149771,0.012628488965148899,-0.7470267161957757,0.45505196584887597,0.24293540306648667,0.04022192292200312,6.039875406692468,1.556344114116939e-09,-0.02034059321547417,0.016670590428904807,-1.2201483386098921,0.22241607053855691,0.18822142582159881,0.020135275279952125,9.347844675806506,9.406614051565104e-21,0.29272646651331274,0.022960091645838836,12.74935967280274,3.733183299336107e-37,0.20740194097220094,0.017848230060910898,11.62030858322632,3.660507584955351e-31,0.23528938766855764,0.026459439904927263,8.892455339719499,6.229293101256214e-19,0.29498239818109184,0.02279479747478001,12.940777320239766,3.179846684135585e-38,0.2815529504768086,0.018934571649889764,14.869781882731305,7.109569903079126e-50,0.3259021358817974,0.028627794950003036,11.384115907319046,5.599505449766728e-30,0.289608083873514,0.01705725075332903,16.978590985243724,2.0239544852393425e-64
-1.134,0.03655558305687634,0.03618272343061801,38775,-0.15968455045781313,0.00904826369038394,-17.64808762453709,1.9691872106780944e-69,0.24406075419813306,0.07533256323785412,3.2397776434015473,0.001197237461266626,0.01754423867387515,0.016930021132116734,1.0362797858883488,0.30007809885862397,0.2976777767100909,0.04393684057674984,6.775129317505222,1.260683471274773e-11,0.508738249197218,0.05863229042695501,8.67675892400983,4.227572494869002e-18,0.022197257282814797,0.012700301006516134,1.7477741095605583,0.08051106844363409,0.33074743220487707,0.040450645328992264,8.176567506274612,3.008336833817766e-16,0.0029455876847187014,0.016765387924693936,0.17569457372233604,0.8605348163703572,0.2970894628227789,0.02024977474424552,14.671247783000862,1.330498281106453e-48,0.33412875911338175,0.023090654459459434,14.47030268024737,2.480678155853111e-47,0.2736832024682989,0.017949724217417133,15.247209324962009,2.438741264333085e-52,0.2984231382021966,0.026609901800903123,11.214740303628941,3.828110083159316e-29,0.317047487346786,0.022924420341279252,13.830120135072248,2.127410230824625e-43,0.36181867689094316,0.01904224329978749,19.000843083177127,3.888184701625704e-80,0.37116321553802506,0.02879058722078665,12.89182511949764,5.990255462142654e-38,0.3557724971782973,0.01715424699730484,20.739616098228844,5.0013601358973026e-95
-1.08,0.04414751007041495,0.04377758857220948,38775,-0.18134952618073089,0.009145053312675167,-19.830341057648948,4.41031866763176e-87,0.35402034925673076,0.0761383985441097,4.649695239539798,3.3352064013911603e-06,0.026711085739638703,0.017111122214803078,1.5610364653073754,0.11852331168782491,0.3618354688461576,0.04440683463855122,8.148193218258227,3.8036634459200585e-16,0.5070900726170328,0.05925948227709148,8.557112771352434,1.1990892317928384e-17,0.04178830133967982,0.012836156611466283,3.255515073908584,0.001132839893912005,0.4086702190999094,0.040883347427074404,9.996006805188205,1.694188739516729e-23,0.015331827087663745,0.016944727919672373,0.9048140023460576,0.3655695563138488,0.3726525456737325,0.020466387358117604,18.208027589486964,9.0585193558327e-74,0.3601899959796737,0.023337656072151547,15.433854833840092,1.3994982955787802e-53,0.34013501266891916,0.01814173310295413,18.748760702114666,4.395582044694581e-78,0.3654382471196417,0.02689454893682305,13.587818408037949,5.902664586610517e-42,0.3274616823245725,0.02316964374125994,14.133220431932525,3.07142773647043e-45,0.41246169671265254,0.019245938903676974,21.431102882377484,2.6593598010214015e-101,0.3747140536718292,0.029098561231933565,12.877408291259695,7.215259677533703e-38,0.3977126257335746,0.017337746632635327,22.939118569477127,1.118383104846679e-115
-1.026,0.04935596217799665,0.0489880563866365,38775,-0.19830349502763922,0.009318751017204726,-21.28005079881647,6.493159785281218e-100,0.37688027365669285,0.07758454266175398,4.857672169310595,1.1923672964879496e-06,0.01172172826375678,0.01743612443720856,0.6722668392261929,0.501417843895543,0.39430770305382756,0.04525028136088461,8.713928205420537,3.0492555321749452e-18,0.4623051251318019,0.060385034604804454,7.655955290203961,1.9632275083109224e-14,0.05562437853779535,0.013079961744379323,4.2526407664531645,2.117587977420277e-05,0.45845909191168976,0.041659870357971335,11.00481321646664,3.9875098476514984e-28,0.03456500827257188,0.017266569711392232,2.0018456966450255,0.045308285550520654,0.4387164891591494,0.020855118225240114,21.036394252044488,1.0733669818283414e-97,0.36342377686513927,0.023780922737772242,15.282156242318468,1.4318392290260488e-52,0.38279703234216367,0.01848631036111002,20.70705429394178,9.763501004237901e-95,0.43073958111238964,0.0274053738882981,15.717340068705006,1.7080607632211077e-55,0.33026809922706835,0.023609719243832074,13.988650005372229,2.3447153843790104e-44,0.4386020917013682,0.019611489031684585,22.36454819890304,4.344429902402158e-110,0.42154518206007496,0.029651248364341447,14.216776874967081,9.39912548308841e-46,0.4229768505767184,0.017667053274033447,23.941561958065652,9.293157746794764e-126
-0.972,0.05453630579995139,0.05417040483725888,38775,-0.21948552463912854,0.0095153397008959,-23.06649384450912,6.178555140360644e-117,0.43461158723702153,0.07922126877327863,5.486046789793604,4.135937026845395e-08,-0.006420876941649109,0.017803957502547235,-0.360643241297923,0.7183681251689873,0.39875792808050026,0.046204882812620786,8.63021186954683,6.352695579123114e-18,0.4118210156984209,0.0616589193180764,6.6790177358442335,2.437930030644159e-11,0.0722985119569178,0.013355897055593353,5.413227704285105,6.226550729357169e-08,0.4924981962900451,0.04253872837889045,11.577642657847852,6.015767601490227e-31,0.04354618682398262,0.01763082584455402,2.4698892274200297,0.013519763475616073,0.4986802598317978,0.021295078498087233,23.417629565281494,1.944612722811633e-120,0.4026905058395803,0.024282605880647165,16.583496343797187,1.4959768264178905e-61,0.43106160315761105,0.01887629818388664,22.83613020722346,1.1496382218785032e-114,0.46251853492723916,0.027983518574084657,16.52824800079195,3.7222582743557915e-61,0.3385878541084241,0.024107790672062524,14.0447483850438,1.0680913670289249e-44,0.458825951026787,0.020025213661395664,22.91241226111387,2.0484839368845877e-115,0.44561440207653513,0.030276772093324442,14.718028748341577,6.6951322744685215e-49,0.44829123195322607,0.01803975802185124,24.850179886571585,2.958838052096216e-135
-0.918,0.0536817782339688,0.05331554656322157,38775,-0.23267237369610116,0.009827075078006564,-23.676665930520098,4.704284066702457e-123,0.4776218281503277,0.08181666451032187,5.837708381402809,5.33445441184638e-09,-0.019953666390562758,0.01838723919091368,-1.0851909948733984,0.2778438213376763,0.41740727648652687,0.04771861716375386,8.747262626117786,2.272141770400236e-18,0.3974980551182663,0.06367894877262618,6.242220746099058,4.358608165800563e-10,0.0867743954387166,0.013793454277526757,6.290983657378369,3.188224877639678e-10,0.5036018015492076,0.04393235456038695,11.46311884688504,2.262379168167503e-30,0.06174666655925842,0.01820843550602591,3.391102247023032,0.0006968159218854318,0.5437009260642545,0.021992734024308482,24.721843380786762,6.81147672257642e-134,0.4083849158629436,0.025078136837962384,16.284499861438874,2.0042058200856676e-59,0.4511423906063109,0.019494711200949318,23.141783735905868,1.1073897265648517e-117,0.47930449457071467,0.02890029642855834,16.584760497372663,1.4650466383310962e-61,0.32540133961219075,0.02489759444709252,13.069589526155621,5.940079265873875e-39,0.4624584976679526,0.020681266700875597,22.361226918870166,4.6756484836900735e-110,0.439336261102341,0.03126868002965566,14.050361597792687,9.871109697747818e-45,0.4544652049033603,0.018630764853630192,24.393266109781212,1.9480350216694226e-130
-0.864,0.0510128372918659,0.05064557272258852,38775,-0.24224366579689088,0.010190133189687107,-23.772374834320402,4.997565010811912e-124,0.5510285789743771,0.0848393547294693,6.494964285518959,8.405645649530115e-11,-0.019637569496535695,0.019066549798259294,-1.0299487691437772,0.3030404823567182,0.41502091607567826,0.04948156604752219,8.387384418615436,5.1364329489248815e-17,0.3787012057105692,0.06603154694773664,5.735155743213282,9.814572614325532e-09,0.10452002242885071,0.014303048986410024,7.307534395509652,2.7732412017276573e-13,0.515667208779967,0.04555542119636605,11.319557480484928,1.1689484558261375e-29,0.07354417984378109,0.01888114026904027,3.8951132609492203,9.83174829134641e-05,0.5741189433906624,0.02280524847262361,25.1748602555179,9.878276207406235e-139,0.4189109036941353,0.026004640495722552,16.109082675572502,3.4056416579075e-58,0.46509876637039615,0.02021493700366191,23.007678247334834,2.3576054379441862e-116,0.4839913681131608,0.029968008536695477,16.15026796059935,1.7560032713422527e-58,0.32227109901399986,0.025817428024591048,12.482695747501932,1.086937254159104e-35,0.47587627401657373,0.02144532941292162,22.19020584173635,2.0262932824680225e-108,0.4292907752533627,0.03242389130424101,13.239952330990324,6.299296187080418e-40,0.4483655809754489,0.01931907243785344,23.208442455908468,2.406215444817401e-118
-0.8099999999999999,0.04677295317619612,0.046404047742558574,38775,-0.2498993538607358,0.01062221300312462,-23.526110217073,1.5723159277323415e-121,0.6212776978083095,0.08843669461515077,7.0251121495655005,2.1741540715989156e-12,-0.009484830540269173,0.019875005500101,-0.47722404606232555,0.6332052807849671,0.42471087727149537,0.05157967265991141,8.234074692016954,1.865517564970275e-16,0.32505452600447193,0.06883140225434274,4.7224742684065175,2.33807081362627e-06,0.12665570503479864,0.0149095237618222,8.49495309562585,2.04957926515e-17,0.5059863045014561,0.04748705226783368,10.655247700944289,1.793253453527968e-26,0.07867744262440791,0.019681734276309076,3.997485258151871,6.413742403889514e-05,0.6021601405621987,0.02377223166332614,25.330400153013915,2.0599237032574931e-140,0.4170146424154263,0.02710728361183735,15.383859496468402,3.019201548652794e-53,0.4706254393603635,0.021072086370270093,22.334069398289547,8.522833867462216e-110,0.5086873302230899,0.03123870552333877,16.283879940000848,2.0244776830277764e-59,0.3218953785046421,0.02691213299818171,11.96097605962302,6.5016230294711e-33,0.4823759737804443,0.022354649611132465,21.57832854334806,1.1562927593633267e-102,0.4289726284353751,0.03379872209838933,12.691977737697298,7.757042899057078e-37,0.427995742330258,0.0201382355497921,21.252891856986768,1.1506581198678208e-99
-0.756,0.04225744304131751,0.041886790074151636,38775,-0.2598839147743722,0.011131955327024375,-23.345756171287153,1.0229032869481283e-119,0.6563985343774876,0.09268062440811194,7.08237065265214,1.4411786868557783e-12,-0.0028931447317569604,0.02082877393688171,-0.13890134582689198,0.8895288291051942,0.45646962476676467,0.05405489530889404,8.444556633738562,3.1565367387260513e-17,0.3503822184891874,0.07213450669520517,4.857345458390409,1.1943345190581314e-06,0.1516707772919555,0.01562500699383367,9.706925401813363,2.9864241550065905e-22,0.49711333134065916,0.04976587687538337,9.989039931627442,1.8172490982070358e-23,0.09359176329805952,0.020626227948713504,4.5375123134861415,5.7092398371939476e-06,0.6318667313303126,0.02491302149768388,25.362910371552328,9.146826437838399e-141,0.4168014201011539,0.028408117038811853,14.671912944166971,1.317589299097748e-48,0.47293803281744395,0.022083300725756858,21.416093485781893,3.656721194654433e-101,0.5086088145725092,0.03273779901208756,15.535828000676494,2.894690468706478e-54,0.29800641824083074,0.028203601471988162,10.566254048682787,4.635787213767578e-26,0.49219032846897504,0.023427412042030003,21.009163435805878,1.8928595325294477e-97,0.41280249206526387,0.03542066652204257,11.654283575052816,2.461408446633579e-31,0.4128437006565343,0.021104635958574345,19.561754178887178,8.413884759416028e-85
-0.702,0.03865393615998425,0.038281888610831816,38775,-0.2785808847582886,0.011763724141836431,-23.681351364534756,4.21611842135579e-123,0.6726131493748568,0.09794050252639805,6.867568901778571,6.628809999834207e-12,4.305432970944253e-05,0.02201086364507042,0.0019560490857470298,0.9984393096962396,0.5046310150355711,0.057122657992165454,8.834165509328763,1.0498834632988955e-18,0.3707706770209822,0.07622833661664304,4.8639481520580805,1.15517740907177e-06,0.16811484166638146,0.016511768740528808,10.181516245060818,2.5731623942649794e-24,0.50804557396426,0.05259022606903468,9.660456171026029,4.700524800892911e-22,0.10388196739431346,0.02179682261985519,4.765922501919393,1.8867226988045198e-06,0.6500333557193259,0.026326903390182115,24.690839863898983,1.4497084583178157e-133,0.4357643782116757,0.03002035513224748,14.515630354538452,1.2866717117751982e-47,0.4809740554127136,0.023336588249538086,20.610298740743893,7.083361085004116e-94,0.5181378523953238,0.03459575836188944,14.976918470042923,1.4400305088635561e-50,0.28947115128930945,0.029804232749418232,9.712417485229839,2.8301422011097785e-22,0.5064645649918649,0.024756981547575555,20.45744405547141,1.591741167240753e-92,0.3838822039237898,0.03743088591756593,10.255760570808127,1.1988767149397433e-24,0.3999284746421433,0.022302381588600373,17.932097209141222,1.291007960371829e-71
-0.648,0.034947373635195955,0.0345738819845568,38774,-0.31113318907314014,0.012468773245023105,-24.952991201225714,2.3715507468045664e-136,0.632710385683798,0.10381048575949578,6.094860081375956,1.1056424157335845e-09,0.007826105969579856,0.02333006660205772,0.3354515056930695,0.7372863359882124,0.5421326816957142,0.06054625738157,8.954024660502581,3.57609005704171e-19,0.3168811125199485,0.08079701909514399,3.9219406367801692,8.798983951470107e-05,0.18231038840378358,0.017501387980334005,10.416910282124052,2.24248551170891e-25,0.4992765029920887,0.055742177889668475,8.956889054107572,3.484621358832841e-19,0.12203289068072565,0.023103197204574436,5.282078043144743,1.284149482630159e-07,0.6730501421915938,0.027910387009065677,24.114683252975954,1.531304055375495e-127,0.43270169193942165,0.03181960035494606,13.598589772110767,5.098297426816764e-42,0.4997631267155839,0.024735247417199763,20.204492734043622,2.6127770505556224e-90,0.5345440712766008,0.036669226603161714,14.577456924889466,5.238231648567883e-48,0.2713866526558524,0.0315905248553718,8.590761118984844,8.956492965079464e-18,0.5069184083373901,0.026240770815959633,19.317969426000335,9.30422735498935e-83,0.355963991011769,0.03967427519032852,8.9721611624689,3.0345870668667533e-19,0.3990885597572954,0.02363905643309501,16.882592623221875,1.0216800783808422e-63
-0.594,0.031164297711546718,0.030789341946689697,38774,-0.351353489570713,0.013320259836034154,-26.377375058422402,5.500180742947932e-152,0.7212854058857296,0.11089965442858167,6.503946379294001,7.919016806430965e-11,0.002431336361318068,0.024923265747529073,0.09755288034671436,0.9222878464315124,0.571370177007406,0.06468093248418191,8.833672537840078,1.0545147123109122e-18,0.29590788993795686,0.08631460907783449,3.4282480462967855,0.0006081214267099314,0.20012781755050996,0.01869654943659712,10.703997453068773,1.0623226923981218e-26,0.47844676584953183,0.05954878469004078,8.03453451384289,9.657089168531734e-16,0.134357820862804,0.024680903546858843,5.443796683039339,5.247267839853212e-08,0.6964613514373992,0.029816374055356244,23.35835169442027,7.649944790083392e-120,0.42396136087614905,0.033992545720231415,12.472186236520058,1.2396183440753545e-35,0.4941967073123817,0.026424405691811342,18.702282771321826,1.0439393400481652e-77,0.5483422331489763,0.03917335063699966,13.997838434352897,2.061830157664794e-44,0.2581095588709739,0.0337478267638083,7.648183116424393,2.0853902451499366e-14,0.5125641502374294,0.02803274056699365,18.28448235421311,2.262481063643949e-74,0.3186115094960796,0.04238361256208088,7.517327812238686,5.711077818005751e-14,0.39180028926350197,0.025253356347079575,15.514780842539837,4.010709305300138e-54
-0.54,0.02469648237226496,0.024319023453734157,38774,-0.3641467682092209,0.01430992432839268,-25.447148416201486,1.110940582767362e-141,0.7590656604344205,0.11913924221093795,6.371248014910842,1.895963866486174e-10,-0.012610516756453026,0.02677500673813791,-0.4709808994554163,0.6376570256407134,0.5782016650444329,0.06948657614280385,8.321055621680857,8.999793191539492e-17,0.23131238722329323,0.09272758486266518,2.494536955382587,0.012616289650272075,0.2219971808663643,0.020085659809427128,11.052521200332725,2.350001692960853e-28,0.44518273770052585,0.0639731216396406,6.958902837479651,3.483708855486251e-12,0.1468561009737116,0.026514637586608936,5.538680304190936,3.0673373532742976e-08,0.6882490198967003,0.03203166167411876,21.486522519460742,8.189786309247934e-102,0.3918343244886102,0.03651811323304975,10.729862246387663,8.038999313354819e-27,0.45856561617386604,0.028387677907726932,16.153685330107525,1.6619886726149075e-58,0.5144659494672383,0.04208383997049387,12.224786279672779,2.651067608167844e-34,0.21694228548281763,0.03625521222426729,5.983754394840037,2.199619280973281e-09,0.48148835405210655,0.030115508343610233,15.988053349737545,2.362732337300064e-57,0.2655714767860698,0.0455326169303816,5.8325546539994155,5.501770683077188e-09,0.3555316401197375,0.027129622305643825,13.104924061024454,3.7384548608988915e-39
-0.486,0.01575062445238662,0.015369703335889051,38774,-0.31616934545353415,0.015478149182282724,-20.42681858987648,2.961524878212265e-92,0.5726874582866115,0.12886545883028724,4.444072628033144,8.85162169551771e-06,-0.035867765844889106,0.028960848369215173,-1.2384915451239285,0.21554135613446024,0.4910007215677639,0.07515927876504505,6.532802464785195,6.534812031021368e-11,0.14856954015262577,0.10029762274629185,1.4812867552049593,0.1385383056764236,0.2174365869574942,0.021725400625498145,10.008404020052843,1.4952790137728998e-23,0.3671083726964858,0.06919572023382572,5.305362404726124,1.1306566129942614e-07,0.13247649720991453,0.02867922336007143,4.619249815333373,3.863667219488257e-06,0.6200864372454007,0.034646642887181944,17.897446493288133,2.394102619724741e-71,0.2993488761342855,0.03949935663567028,7.578575997968422,3.571365228545962e-14,0.36467698695964207,0.03070517380183393,11.876727658771987,1.7804993396760036e-32,0.4331951397342428,0.04551945476987585,9.516703175032873,1.8867628455143204e-21,0.13191355494033624,0.03921499307505844,3.363855112452794,0.0007693632222246104,0.4064794088372986,0.03257405980252561,12.47862290735349,1.1437555328342093e-35,0.19515326153982396,0.04924978087479088,3.962520402597682,7.4295397218124e-05,0.2604339075934003,0.029344413825625446,8.875076160695789,7.280855350414982e-19
-0.432,0.009258927451780918,0.008875484045732462,38773,-0.22441048322024648,0.016578580704202518,-13.536169785834591,1.1897343673054836e-41,0.46011353937954597,0.13802725274472746,3.3334977711285494,0.0008584167275454801,-0.06394724402903056,0.03102331091542878,-2.06126432486056,0.039284484213288014,0.37524938821501774,0.0805027884148746,4.661321621322653,3.1523003101118786e-06,0.05928311929793116,0.10742836327247093,0.5518386159116209,0.5810621093921393,0.18883564340948622,0.023269985536331205,8.11498757120665,5.000222997065514e-16,0.2629277953257574,0.07411524587159556,3.547553438347611,0.0003892859150148822,0.10582157957536913,0.030718195916669837,3.444915185202753,0.0005718430563136566,0.5356603106571455,0.03710987395652385,14.43444166058606,4.1640579365899833e-47,0.15846259211181082,0.04230759530977019,3.7454880371141464,0.00018030397160276662,0.2538565340267437,0.03288818294198872,7.718776512357639,1.2026080820112801e-14,0.29304926818989163,0.04875569718488877,6.010564613169323,1.8652624718158185e-09,0.02155986586548581,0.04200301469209253,0.5132932962915318,0.6077490983918249,0.28594499412320074,0.03488993890287927,8.195628972557568,2.568596177390544e-16,0.12191590486082507,0.052751233838189374,2.3111479294454678,0.020829905571098664,0.12527896860937193,0.031430678635833,3.985881757785078,6.73530207643963e-05
-0.378,0.0060518324294736026,0.005667147791510008,38773,-0.13302095591621105,0.017629507252930315,-7.545358699353368,4.609000810405285e-14,0.3190733010394098,0.14677688619921403,2.173866126348703,0.029721222198711404,-0.08217387922524973,0.032989897902105894,-2.490880070896012,0.012746864124166219,0.23940047682452054,0.08560591027441726,2.796541454405441,0.0051678221472600365,-0.052776266005425,0.1142383140797071,-0.46198393621777023,0.6440954332645155,0.15131710536109888,0.024745084401847674,6.11503694648139,9.745513328308133e-10,0.13193698600762438,0.07881345743395225,1.6740413414573398,0.09413054368187719,0.06605568944364598,0.03266544147368346,2.0221887861782917,0.04316370787137677,0.4516734634397528,0.0394622919624251,11.44569767690695,2.7643130943653653e-30,0.00333955381305234,0.04498950010712105,0.07422962702632357,0.94082805500152,0.1737912543735198,0.03497298532705605,4.969299953900996,6.748092935184267e-07,0.1519624297929349,0.05184635117316076,2.931014938455324,0.003380537726089528,-0.09189375477351867,0.04466561193452921,-2.057371449611312,0.03965718419454668,0.17756259799963722,0.037101633844125466,4.785843091051685,1.70897645923299e-06,0.0459468589627566,0.056095167381586625,0.8190876524211739,0.41274144261190304,0.02511563330583095,0.033423088915836965,0.7514456060322519,0.45238908749226747
-0.324,0.005189335720520494,0.004804307338742375,38772,-0.05780388194118623,0.018588618456672715,-3.1096384099721246,0.0018745224217326228,0.13141987397111154,0.15476209837684762,0.8491735079160179,0.3957899973805987,-0.10177331865631807,0.03478467187023529,-2.9258093632731357,0.003437606776613204,0.092343999666703,0.09026319232280446,1.0230526673204403,0.3062893303210344,-0.2115381709946802,0.12045330610169273,-1.756184017199902,0.07906489044094475,0.10426450282375403,0.026091309644934904,3.9961391069533705,6.450289043414497e-05,0.006129268599232449,0.08310120461522445,0.0737566757017809,0.9412043815044066,0.016028961778355163,0.0344425637972571,0.46538236446938536,0.6416602760236502,0.35671848421890934,0.041609188401658545,8.573069985779643,1.0442890977490362e-17,-0.14660749522118421,0.04743709736463488,-3.090566315520023,0.0019991672808917036,0.04909410552350648,0.03688069874075285,1.3311598532502293,0.18314424848259547,-0.020897076313019874,0.054666986802347745,-0.38226135251563603,0.7022696141352098,-0.25810932243377466,0.04709558846273208,-5.480541402259429,4.2666292984798694e-08,0.049113387821824186,0.03912010164283133,1.255451436967933,0.20932249604157493,-0.07883549104931872,0.059146954521149764,-1.3328748992668547,0.18258069640133792,-0.09612813009772458,0.03524143009708123,-2.7277023047281537,0.006380585015829975
-0.27,0.005625465879630753,0.005240606296293748,38772,-0.06885575951393066,0.01939754936284728,-3.549714359578443,0.00038610569739524266,0.05345511928357009,0.16149696384160847,0.33099767334324204,0.7406480324674485,-0.11431105890260215,0.03629841514290296,-3.1492024776445966,0.0016384100055627801,0.06290614225468352,0.094191224205867,0.6678556604933182,0.5042297097527234,-0.29705158498097495,0.12569513740204888,-2.3632702992385837,0.018119359641188566,0.07605215478780351,0.027226739198430418,2.793289135123012,0.005220062077283196,-0.06123416320936551,0.08671756442756223,-0.7061333377336287,0.4801094660526587,-0.01856170673487505,0.035941419368930264,-0.5164433419933552,0.6055477476177835,0.2657323800741933,0.04341991783038914,6.120057184636357,9.44366762877397e-10,-0.24685071368998268,0.049501443041905506,-4.986737729666,6.167215089839724e-07,-0.031825145862745874,0.03848565594196965,-0.8269352589633191,0.4082788485782226,-0.12146655089089009,0.05704595946645028,-2.129275272551541,0.03323777733225782,-0.36137382781589716,0.049145072513458114,-7.353205709828526,1.9732563599484283e-13,-0.03484585029540319,0.04082251214446907,-0.8535939721711704,0.39333527517623046,-0.14497250071546292,0.06172088434975865,-2.3488403032907907,0.018836975844450092,-0.20434911319177865,0.03677505036314711,-5.556732381706274,2.766752162433761e-08
-0.216,0.005915411867630338,0.005530664504074023,38772,-0.10295334421886387,0.02012408494863013,-5.115926735633862,3.1369053724983574e-07,0.14444887505582582,0.16754583573939297,0.8621454207940267,0.38861283391807444,-0.13300008261454388,0.03765797298268603,-3.5317908023273903,0.00041323502177783607,0.15736001465928579,0.09771915832650832,1.6103292062084684,0.10733415040514667,-0.17864262133712314,0.13040305119951884,-1.3699266979865137,0.17071772085833206,0.11409031177011639,0.028246517240618368,4.039093060508536,5.376153376216373e-05,-0.00628935510009733,0.08996557247695601,-0.0699084652821867,0.9442668759786648,0.030854419943319483,0.03728760592510871,0.8274711979441605,0.4079751352954044,0.3177383264114677,0.04504621169078608,7.053608161159956,1.7725326783588176e-12,-0.20994972904152143,0.051355520546480966,-4.088162807180577,4.356789229901778e-05,0.0018124163354367243,0.03992713692809829,0.04539309539525876,0.9637942182636571,-0.09401717363329065,0.059182616979325836,-1.5885943953126223,0.11216015161202521,-0.3273660763207631,0.050985802153012176,-6.420730134603222,1.3718841088301713e-10,-0.03252365402548775,0.042351520124766624,-0.767945375506565,0.44252431692939687,-0.11932392662287827,0.06403264126437053,-1.8634859388390292,0.06240148632560962,-0.1961501320234032,0.03815246058430408,-5.141218391143541,2.742870719176908e-07
-0.162,0.006596141906510367,0.006211648089676336,38771,-0.02335768539825863,0.020757319248182585,-1.12527466186674,0.2604796321076884,0.08666636448149301,0.17281791495213897,0.5014894694539904,0.6160295357625125,-0.12961472858908965,0.038847281082886105,-3.336519956507085,0.0008491405517689016,0.17062594721440003,0.1007940371561335,1.6928178692762792,0.09049817772066321,-0.1897696248159414,0.13450637738798915,-1.41085968190596,0.15829401925086,0.1395768031890575,0.029135335967305484,4.790636474749597,1.668673052076265e-06,-0.07850606872817298,0.09279647318204681,-0.8460027201051152,0.3975564502165718,0.04912205165876002,0.038460915970281596,1.277194014222547,0.2015414112570266,0.2620991370834868,0.046463657819649375,5.640949279129843,1.7029177368786393e-08,-0.21255578052089444,0.052971498473681405,-4.012644283161096,6.015506298168922e-05,-0.07016582344093875,0.04118350374677089,-1.7037361335833476,0.08843841121927823,-0.08323296418906635,0.061044886151068734,-1.3634715278703025,0.17274187186735845,-0.3924186493135608,0.05259014634036118,-7.461828434053864,8.711393681548605e-14,-0.070607347839688,0.04368417377086603,-1.6163141418226308,0.10603455015602084,-0.18826506016554673,0.06604752367236871,-2.850448430124993,0.004368066625597626,-0.23252502083965798,0.039352984569170815,-5.908701039712714,3.476907903837827e-09
-0.108,0.00908926339480598,0.008705734532747478,38771,0.016590281626849165,0.021257069054746294,0.7804595066291548,0.4351252201444388,0.04958539242318161,0.1769786506683195,0.2801772543520571,0.7793430118952949,-0.13851940709680802,0.039782561837331226,-3.481912694893971,0.0004983941885186362,0.2150763564651302,0.1032207378282814,2.083654515461151,0.037198140004602157,-0.20274635597151208,0.1377447308226273,-1.4718991772729717,0.14105622587127337,0.20126704595369777,0.029836793527395013,6.745599045986694,1.5453426560300138e-11,-0.12830106141527592,0.09503062581842747,-1.350102246621183,0.176991072469985,0.09992229649373961,0.03938689466177829,2.5369427407717393,0.011186411668851459,0.16229450001501738,0.04758230920858753,3.410815967412672,0.000648348392551412,-0.1717885268797647,0.05424683156458282,-3.166793744907373,0.0015424902290326872,-0.1892574462018117,0.04217503101409211,-4.487428738074297,7.229510442556623e-06,-0.05543907765127764,0.06251459279675571,-0.8868181839001714,0.37518229897859856,-0.4607280031837791,0.05385629805997949,-8.554765547952602,1.2236981972852896e-17,-0.11187293137089623,0.04473590675867934,-2.500741339040623,0.01239746070053403,-0.259017788026765,0.06763767299678923,-3.8294899358684416,0.00012861115478108947,-0.28723641439797754,0.04030044055763472,-7.127376535430008,1.0408324237846125e-12
-0.054,0.011105038185342364,0.01072226976929147,38769,0.03711225288487842,0.021699937970720885,1.710246957155036,0.08722822009681211,0.1986513007461941,0.18066581671056656,1.0995511179873112,0.27153458051404017,-0.12343550142490733,0.040615933622905345,-3.0390905837825164,0.0023745159698633353,0.3830667899175614,0.10537123450073407,3.635401936141241,0.0002779066830990715,-0.08828036483748505,0.14061449896714293,-0.6278183650045457,0.5301266333330997,0.27720991356828084,0.030458412075642125,9.101259543007108,9.342450952197195e-20,-0.05953398630411627,0.09701049002890769,-0.6136860692732923,0.5394263977247715,0.17256302356233813,0.04020747963034535,4.291813989556847,1.7764898420127286e-05,0.09669585594182108,0.04857363711201556,1.9907065167640416,0.04652017298999284,-0.0360336242689143,0.055377007856879074,-0.6506964833138437,0.5152462915392533,-0.27636476777191243,0.04305960509607322,-6.418190950783133,1.3949334891526503e-10,0.06609993333247018,0.06381701929180957,1.0357728089778333,0.3003146087969551,-0.42053824955495855,0.05497833799310585,-7.649162650345906,2.069597770247113e-14,-0.09374007869673154,0.045667932828697494,-2.052645541201851,0.0401136676157892,-0.212394830078307,0.06904683353730082,-3.0760980510940596,0.0020987493360198973,-0.28227729752555175,0.04114005830440739,-6.861373297939906,6.9224668984258005e-12
0.0,0.012476836436519312,0.012094539808304217,38763,0.07602162538325938,0.02225720818699556,3.41559573620187,0.0006370790522555317,0.4186608612051498,0.1853054465049837,2.2593014350168605,0.023870172446878186,-0.12747251140688076,0.04166364297020141,-3.059562302270385,0.002218120633691164,0.6632843451042842,0.10807724456955337,6.137132268184595,8.483728238427565e-10,0.1519509949291263,0.14422558174336983,1.0535647912968922,0.29208878578489,0.34282902142565613,0.031241539969732002,10.973499442018607,5.635211732146192e-28,0.12335573213532298,0.09950179008850397,1.2397337980110872,0.21508137993594864,0.22764658962814543,0.04124003699983831,5.520038442958671,3.4109319868676284e-08,0.07206047486140726,0.049821043500689687,1.4463863018126009,0.14807697064752368,0.18656159701819258,0.05679912976279989,3.2845854821596143,0.0010222308468661179,-0.3059023271382342,0.044183587081935725,-6.923438030754661,4.476643709292598e-12,0.30028480967091603,0.06548360495882784,4.585648726268462,4.539925974293386e-06,-0.2703896984567185,0.05639022176644016,-4.7949749085334705,1.6329848033788758e-06,-0.02464097542189153,0.04684071861446314,-0.5260588682404004,0.5988503166869923,-0.051326899084407906,0.07082000652564528,-0.7247514029220182,0.4686089304502492,-0.23217476992937153,0.04219656497369006,-5.502219672955242,3.774079341829479e-08
0.054,0.015206609680534222,0.014825074415539818,38733,0.0685706690934774,0.022892957696010185,2.9952734812168016,0.002743722903285925,0.7131188467535412,0.1913828411840167,3.7261378415208584,0.0001947123334698117,-0.12982500689318058,0.042854679119097225,-3.0294243140261194,0.0024518179934567095,0.9866920324745176,0.11115101815468637,8.87703998447734,7.154063765142257e-19,0.5483917841086333,0.14832708786301596,3.697178930763394,0.00021830945783592323,0.3869161701667143,0.03213770122732144,12.039323143553986,2.5321951629851046e-33,0.4068550316669244,0.10256351401435371,3.9668593220195754,7.295696566187673e-05,0.2776410471581806,0.04242798150679355,6.543819368680663,6.071416194267147e-11,0.09379698541743133,0.05123898787873431,1.830578418906667,0.06717117452941326,0.4742329343151538,0.05848368601014703,8.108807201941298,5.260892562270698e-16,-0.2707278677822016,0.04546012319409261,-5.955282316907178,2.6185760822403237e-09,0.6043491838952376,0.06737515768807295,8.969911234838152,3.09722734338874e-19,-0.0158111137132989,0.058028039516740654,-0.2724736841874093,0.785259276096572,0.06224855509148693,0.048198022931934835,1.2915167740260682,0.19653225249927156,0.20309893135966356,0.07287217679529047,2.7870572870383814,0.005321497694414337,-0.17252896347259777,0.043403022390646646,-3.975044915530532,7.049355825172076e-05
0.108,0.0238393067035918,0.023460724848756942,38693,0.10071856589077827,0.023602946705493084,4.267203038141766,1.9840934393529987e-05,1.1296838574412456,0.19730610843374305,5.7255391959676825,1.0386747600275504e-08,-0.18250322967100185,0.04418672214986425,-4.130273095433998,3.6309303442444844e-05,1.2618317870379785,0.11459132535263712,11.011582099734738,3.7005677913619124e-28,0.9095270404002552,0.15330212368662288,5.9329056801554305,3.00146384905995e-09,0.4777368726609792,0.03313635478663284,14.41730316255841,5.334290000202666e-47,0.6183258442896111,0.10622115912692622,5.821117462583502,5.891615878107772e-09,0.3185937224817354,0.04375605976790975,7.281133725742572,3.3731851934624765e-13,0.13202638002794437,0.052867934774631746,2.4972865043954044,0.012518902936058314,0.823928200428995,0.0604183202246786,13.637059047074457,3.019891296583154e-42,-0.3116984071852403,0.04688715229002194,-6.647842574384132,3.013661924271216e-11,0.8589099378566185,0.06949032306475654,12.360137354034443,5.001319772326939e-35,0.23295063158919277,0.05985885574310603,3.8916652965926732,9.972530724014454e-05,0.22865767535436804,0.04970694101501692,4.6001156113245525,4.235938937670808e-06,0.38592924465784595,0.07516668252912993,5.134312592660768,2.8454686181152415e-07,-0.11346024330999176,0.04478384745783665,-2.533508167577896,0.01129662565404326
0.162,0.037584662932353075,0.037206731363788825,38214,0.21425790771776057,0.024383874069183985,8.786869022939094,1.6005667835712266e-18,1.4419616161335505,0.20736535753074917,6.95372473639783,3.6147341339668994e-12,-0.298159201787873,0.04580956452141716,-6.508667019711043,7.675781144120307e-11,1.3708860646243086,0.12119365336081608,11.31153345582318,1.2825702215975737e-29,1.1812885799573962,0.15875494014466793,7.440956349962581,1.0205611890630577e-13,0.6026286677023474,0.03423982308069629,17.600227264085866,4.6003925322562686e-69,0.6773473386950752,0.11010162828280375,6.152019268554877,7.726051537068475e-10,0.34265292897307487,0.0457836084444526,7.484183545488814,7.353885151703382e-14,0.16747644408668286,0.054644664842873086,3.064826997626386,0.002179477776126281,1.1842734570538902,0.0625028298961434,18.94751740075953,1.0754639897285346e-79,-0.4475604551998547,0.048738024948204596,-9.182983013273333,4.3973980248716135e-20,1.0627606520251291,0.07310283819267176,14.537884961786153,9.354319353199689e-48,0.4107885995503407,0.061868345672954315,6.639721736246724,3.1847787404481375e-11,0.4486902680546412,0.051397964399866956,8.72972837141781,2.6542466395296795e-18,0.3971117977192826,0.07792690732110101,5.095952237434076,3.486435273984755e-07,-0.11826769261614717,0.04731934361769912,-2.4993519261731865,0.012446230997810543
0.216,0.04447311685072919,0.04403500273649297,32731,0.33920733508603845,0.025245010628485012,13.436608923558799,4.741909021799193e-41,1.7077737204784347,0.2156135936802463,7.9205289950829965,2.4394568327343274e-15,-0.3225592999170802,0.05360501651808066,-6.017334213641793,1.791947617988736e-09,1.5777401815203724,0.16517939577268548,9.55167667335221,1.3616744215116763e-21,1.4159052175339988,0.16517939577259186,8.57192394312499,1.0616869440493729e-17,0.7039975461455832,0.035477751518795675,19.843352974965562,4.099091745478861e-87,0.7881210087659266,0.13310288562969658,5.921141416562114,3.229007983381578e-09,0.44061082486611963,0.057597205432085456,7.6498646342426575,2.0670251474909907e-14,0.24545097126961254,0.056614509298779515,4.335478207083991,1.4587775471929873e-05,1.5138199298818567,0.06493433751377084,23.313088080105782,3.070386601305662e-119,-0.48161810338149164,0.06040600794187648,-7.973016588762354,1.59851352254431e-15,0.9371460953243289,0.09594580241655482,9.767452788144388,1.6671323553498473e-22,0.5368868288195099,0.06406492603391943,8.380355087513143,5.485058749391531e-17,0.6461379188878846,0.05333297317693628,12.115167792057495,1.0367423257857538e-33,0.42669369876825053,0.09268091180768934,4.603900527582526,4.162084444745078e-06,-0.13881886104582764,0.06373632194214256,-2.178018072204452,0.029411808512202566
0.27,0.0454983032654408,0.04497333258194347,27289,0.39717816108043397,0.026187939426893802,15.166453328227512,9.593399743614281e-52,1.9771536028259877,0.22463973864278053,8.801441876541862,1.428938660393315e-18,-0.20776665271195943,0.08465034484448092,-2.454409997899796,0.014117801417497423,1.2127858323118206,0.28496974546140486,4.2558406695003885,2.089599596103043e-05,1.5743618455363808,0.17132807084887827,9.189164611122385,4.23237800904262e-20,0.77938068765912,0.03682060674857984,21.16697025067846,1.198300034541236e-98,0.8011088087187297,0.20458476059247097,3.91577948620779,9.033177438600718e-05,0.4254143419181432,0.08358660222143949,5.089503946949848,3.6138378959119316e-07,0.3049833333308978,0.05875887819309921,5.1904213066939695,2.1132124575383704e-07,1.7929008471513126,0.0675546865804528,26.53999208502131,2.967991340901074e-153,-0.5147442532154967,0.09697806545227472,-5.30784204464065,1.1179710053631517e-07,0.9879970962127527,0.1485747304146991,6.649832669762032,2.9896737480729905e-11,0.6138155266561548,0.06648906822714087,9.231826268932355,2.8477614261949483e-20,0.7864890744698531,0.05539430466952784,14.198013300499053,1.3703752143362353e-45,0.545111633761494,0.14276492617258338,3.818246178354256,0.00013470099957626325,-0.08791343783806191,0.09913054019284448,-0.8868451404283556,0.3751701007592849
0.324,0.04519066280476358,0.04462830454899436,25484,0.386053859244464,0.02679840649859085,14.405851305552963,7.26863257171492e-47,2.0880086974898022,0.2298479131408692,9.08430565654126,1.117414970482198e-19,-0.07543419877877164,0.1356851842821553,-0.5559501516533105,0.5782498162789643,1.5566588024083448,0.3660979215709798,4.252028516656128,2.1259737561357174e-05,1.6290998595592558,0.17530045219550663,9.2931868637873,1.6135562981275696e-20,0.7825362327297882,0.03768685932798523,20.76416678607915,5.594274029171465e-95,0.6887132705115766,0.31025256431196396,2.219847149495481,0.026437916609769647,0.6235215203284323,0.1053697017891246,5.917464980362952,3.3112145095956297e-09,0.32642334083925206,0.060171338739355054,5.424897429210012,5.851587928917908e-08,1.9226154223000866,0.06916373787215024,27.798026559149502,1.4548860269399399e-167,-0.43032326539173393,0.15116423326366635,-2.846726742834384,0.0044206563170392675,1.2676837239263077,0.19175614303410804,6.610915842736899,3.89500751437169e-11,0.6044521293947367,0.06807104265313395,8.879724855616091,7.134453891866817e-19,0.841681134911137,0.05669925275923448,14.84466009605487,1.2153464543487726e-49,0.7468570040371049,0.21667131926744823,3.4469583079208648,0.0005678511645623336,0.00653457053776977,0.12715787349221613,0.05138942920565417,0.9590156109386218
0.378,0.044359763162893584,0.04378326593576487,24881,0.2740226167792572,0.026930375789042563,10.1752243981219,2.854255321707435e-24,2.1270944148443873,0.23097980380028785,9.209006068268799,3.543834810627352e-20,0.15047493504752874,0.17527002144621798,0.8585320741442501,0.3906070032705534,2.1714007940466518,0.4554908487601892,4.767166672957396,1.8789126393858762e-06,1.569933465409168,0.1761637227893197,8.911786380029593,5.358227515154395e-19,0.7708424558612124,0.03787933345696685,20.34994772906801,2.5789828945766957e-91,0.5799682593457851,0.43297132840834207,1.339507309820774,0.18041781912419314,0.9300965728492199,0.11898144061620125,7.8171567601827485,5.616182990518599e-15,0.3110639913708072,0.06046765370417031,5.14430397601741,2.7055227296340096e-07,1.951611301745121,0.06954627641975086,28.062053099234962,1.2975329009784327e-170,0.02361932803868002,0.20299534535342825,0.11635403756454225,0.9073729002716892,1.3552783026543853,0.22219702968808225,6.099443833956332,1.0800801408781085e-09,0.5574076773718951,0.0684457862265565,8.143783687820722,4.0093497935135387e-16,0.8413563801333019,0.05698810908805383,14.763718143960524,4.0541478643340294e-49,0.574829861022984,0.3067486074653264,1.873944484289013,0.06094979492042015,0.1821606931846041,0.14311745498124548,1.2728055652504089,0.20309894649387972
0.432,0.04227695684502364,0.04169102627779442,24534,0.10864195438832325,0.026859909332177998,4.0447625137055425,5.2536427892478285e-05,2.000015659581916,0.23036118310627607,8.682086246532334,4.1233192804598675e-18,0.4554713287916985,0.20315082800252499,2.2420353058370868,0.024967994904164063,2.9720781228683144,0.5122944021682199,5.801504194247249,6.653058220068472e-09,1.5011426687093772,0.176142983088959,8.522296161813282,1.6528992060387878e-17,0.7236998233453004,0.03778133792944572,19.154954880019453,3.451367437859673e-81,1.4817631314430841,0.666062431024385,2.2246610263908364,0.026113069098262658,1.2385674433202973,0.13269092101780375,9.334229002405621,1.1008998162311356e-20,0.2718845404137491,0.06030640449325707,4.508385845555572,6.562500708610946e-06,1.8913354837747354,0.06938155578801597,27.259917456354,3.210267894770494e-161,0.6337687392667276,0.26475291816863616,2.393812100922885,0.01668175685914443,1.3062073048031075,0.2601425213476285,5.021121875949001,5.173052424115369e-07,0.4646156633931274,0.06832236537135729,6.800345111996191,1.0676640317959971e-11,0.7801394334930062,0.05683622766333401,13.72609452749249,1.0195166973342981e-42,0.988045596536064,0.35871361705172744,2.7544134082693197,0.005884078547239632,0.5967680267338713,0.16082678479242415,3.710625860637005,0.00020720420743568067
0.486,0.04062058046729711,0.040027687780539,24288,-0.10324741539476706,0.026675541554760603,-3.8704899461109985,0.00010890096448934802,1.9374571959724627,0.22876583391732774,8.469172003510927,2.6094812582147443e-17,0.9362812244003068,0.23860806099226023,3.923929562592092,8.735622108174745e-05,3.741492177555588,0.5473363515774229,6.8358189014353075,8.346958628710064e-12,1.3139767899130486,0.17492322384787168,7.511734354128964,6.036076333659539e-14,0.6768774579882674,0.03752539446362283,18.037850571948905,2.915834232580449e-72,2.2740915058930926,0.7947640256518813,2.8613417725190033,0.0042221241153759595,1.585819422197281,0.14692929767635618,10.793078353170884,4.2764906192194166e-27,0.2024187517104012,0.05992595632246876,3.377814291709616,0.000731791703343875,1.7657489998504516,0.06894332446886789,25.61160218851638,8.927200167014927e-143,1.2582609396023736,0.3347441299097108,3.7588737999431365,0.00017107973865877963,1.2409120627485763,0.29234309760945376,4.244711343950841,2.196876473599314e-05,0.312919732422716,0.06788916180402706,4.609273764875886,4.061344291508161e-06,0.6818921825164932,0.056452908097460064,12.078955814628316,1.7024922839030486e-33,1.4800652406758654,0.4593738584581014,3.221918734435036,0.0012750315476650173,0.8614802041201101,0.1786388220254813,4.822469127104003,1.426507674721417e-06
0.54,0.03658894540302493,0.03598901324514725,24104,-0.3208898570793237,0.026514346591169555,-12.102499149882659,1.2826506569740904e-33,1.802352071116069,0.22731317004077586,7.928938172798169,2.305644690479686e-15,1.0481028392995204,0.2728971789352218,3.8406510590873895,0.0001230225669985359,4.220735294897377,0.5925452253879476,7.123060171709261,1.0852408088713796e-12,1.139249556302813,0.17426153086847104,6.537584919776097,6.377127308812132e-11,0.601224229224405,0.03729285533545502,16.121700090172762,3.621967080669407e-58,3.3771526057698997,1.1842002975817794,2.8518423890504705,0.004350361679761045,1.7723691822748384,0.16401723182719233,10.805993751572379,3.7218952963553596e-27,0.11813443653543013,0.059560981291411304,1.9834199164288302,0.04733188000457516,1.5853263183718167,0.06859155690956194,23.11255772284148,6.480403583773359e-117,1.6637697315815094,0.3955241851566739,4.20649303890851,2.6030154714259744e-05,1.586584990572843,0.3263222419795091,4.862019153056904,1.169262144553706e-06,0.14285560075023562,0.0675002340519182,2.1163719319900047,0.03432341506025777,0.5547658872632575,0.056107618018404484,9.887532332619834,5.215876321531108e-23,1.9105626912847988,0.6333782149781293,3.0164641695969463,0.002560082153426367,1.0872263531012853,0.19841520155678427,5.479551690449147,4.306746040374103e-08
0.594,0.03306109519706357,0.032455799997495816,23978,-0.5469174673836639,0.026279547568944017,-20.81152523455108,2.375158485408628e-95,1.5554715431443928,0.22726421010850562,6.844331284726902,7.868709619959376e-12,0.8146908212371126,0.33616529056953237,2.4234828642090345,0.0153798343339411,4.075786505812885,0.6777287612335791,6.013890421876557,1.837461312945882e-09,0.9276398262176231,0.172654869877406,5.372798501868473,7.824678175062395e-08,0.5447246703536223,0.0369568507682875,14.739477499555994,5.892477208453146e-49,4.112080586153672,1.3546930469113432,3.035433447841992,0.0024044793500410033,1.983801908951217,0.17265486987729195,11.489985254172852,1.7804804772194886e-30,0.04224476742996026,0.05906381505969401,0.7152393963590863,0.4744680978862451,1.3902246892599497,0.06802437473156137,20.43715498666576,4.7660465851099165e-92,2.647709906310661,0.46082968196680707,5.7455281417861706,9.274436206532906e-09,1.8887710006267238,0.35070042828970177,5.385710561683357,7.283812990555461e-08,-0.02776976843358294,0.06699818449379057,-0.4144853870802523,0.6785223770241716,0.4277841598720563,0.05559450425278072,7.694720289742658,1.4725798455104345e-14,2.364766490413359,0.6777287612333425,3.489252080891353,0.0004852437791571223,1.1108198095441713,0.21755576794113185,5.105908338154228,3.317279488416948e-07
0.648,0.02972772922322875,0.02911723911997155,23856,-0.7405563084476667,0.026322273984873072,-28.134207130935984,2.3531103391968694e-171,1.3545622673669642,0.22743633978394254,5.95578643524494,2.6245116999020157e-09,1.079105872078351,0.37213682132203674,2.8997557087868047,0.003737945186156106,4.928057803066818,0.7428759444283285,6.633756066578718,3.3426108741153645e-11,0.7294743538676005,0.17278712788541464,4.2218095919237575,2.432462380634208e-05,0.4752907458955308,0.03700198012454468,12.845008410245974,1.2231322012933821e-37,5.557446117555263,1.660286690793172,3.3472810137990647,0.0008173462019111798,2.268884008109642,0.1928582543221951,11.764515945058658,7.284976058424746e-32,-0.06287425325665645,0.059178514653017156,-1.0624506820644048,0.28804189790445506,1.1537636962978715,0.06812550343879223,16.935855708346836,5.794895887856521e-64,2.6378329318912552,0.5539850371508266,4.761559888797295,1.932302672608051e-06,2.032819978854905,0.3632137726683789,5.596759076399089,2.2079566194368555e-08,-0.19041031471174663,0.06725402581944041,-2.8312106582726937,0.004641098678228324,0.27338816130672106,0.05564689498159789,4.912909541442141,9.032918732446877e-07,3.2655149630937323,0.7428759444285479,4.395774271040243,1.1085546447276593e-05,1.3323958446428485,0.24750998467669144,5.383200384353315,7.386395348065002e-08
0.702,0.025017858188527087,0.02440150905976901,23744,-0.9043475948426153,0.026478467874741465,-34.15407564820989,1.2753145129958738e-249,1.1499007013362799,0.23063326841358867,4.9858405478354175,6.212773218662101e-07,1.435193529556665,0.44655963265793364,3.2138899815336166,0.001311248547589289,6.469021770320278,0.8919409701853385,7.252746523097897,4.209294502575365e-13,0.4725551161512266,0.17405996209907412,2.714898420363038,0.0066344040078596825,0.40523002152324983,0.03720070972983803,10.893072322171909,1.4454909919928019e-27,3.3572420745758027,2.3589625271541657,1.4231858437471467,0.15469543579207054,2.260440583380319,0.21263380263476023,10.630673746935072,2.4593728949043333e-26,-0.16645136180018916,0.05948477732434109,-2.798217784234312,0.005142687893937368,0.9036135052986791,0.06850184785844979,13.191082190452432,1.361509957512234e-39,3.736237370912466,0.6814455472486313,5.482811335399727,4.228849066090667e-08,1.7536390997686333,0.41146963880993287,4.261891849033067,2.0348538480693502e-05,-0.32379370530412643,0.06770431931809827,-4.782467478667525,1.741953591225063e-06,0.1267257920159024,0.055953596272033515,2.2648373019634116,0.02353164489097508,3.049896372097109,0.8343868983669595,3.655254388661049,0.00025748138785902473,1.404845362664858,0.27734514552050565,5.0653324399398585,4.107423687646858e-07
0.756,0.021593689859238374,0.020972005839578367,23623,-1.0345647405775589,0.026739363635812977,-38.69070164377172,0.0,0.9319645228824748,0.2324709043266719,4.008951251692397,6.117637284427551e-05,1.713575664782413,0.49647382688109243,3.4514924493548813,0.0005584709587090813,6.0868917072090944,0.8990267833924597,6.770534337409092,1.3131723304150363e-11,0.25403681761713415,0.17636911363430113,1.4403702121215844,0.1497759482959002,0.3398800310337937,0.03753560671099368,9.054869784061527,1.4704890790914483e-19,3.238342236723595,2.3776993374669613,1.3619645620011418,0.17322206500770038,2.44908918331717,0.2404441073889106,10.185690179364002,2.579373258259615e-24,-0.2660413418373617,0.06012754362944918,-4.4246168357867255,9.704581526020625e-06,0.6659519264706764,0.06921349906549315,9.62170581551614,7.102142672796581e-22,2.9493464732950874,0.7173565155911584,4.111409611808702,3.945804042475412e-05,1.4183606834430522,0.4670417943161631,3.0369031223850076,0.0023928303735279034,-0.47589271669867905,0.0685054331713884,-6.946787935901087,3.8340258044846505e-12,-0.021795647088816567,0.05643152491300246,-0.3862317582666387,0.6993285161995267,1.7127758221027345,0.9709985502254452,1.7639324195747401,0.07775629006955848,1.4802403210902195,0.30810276315678464,4.804372105994284,1.5619075126159617e-06
0.8099999999999999,0.020958803945460347,0.020332898565039392,23479,-1.123759197437866,0.02721928444619377,-41.285405560872775,0.0,0.6840424478228273,0.23711373810575678,2.88487058273162,0.0039193108832944095,1.7516264967367956,0.5695490283280737,3.0754621808042435,0.002104182011017627,5.6814373216147525,0.9126726794064101,6.225054666159046,4.89543297012301e-10,-0.06052127671698143,0.18048502474259875,-0.33532575239023127,0.7373823674824331,0.27152891382541233,0.0381638427796728,7.114821098939143,1.152783593192694e-12,3.035120109732059,2.4137842905878975,1.2574114934656526,0.20861718485392192,2.653114947543485,0.2616879511399232,10.138468110535506,4.1810712437731505e-24,-0.3869566756073063,0.06135178356122845,-6.3071789138962435,2.8923622133107106e-10,0.37920515716585323,0.07044393982011528,5.383077069996178,7.392568578891498e-08,4.579471840104012,0.8050039142102113,5.688757233679948,1.2949000304235038e-08,1.1930426269668424,0.5153072022783982,2.3152065829700805,0.02061021209371325,-0.6420211888197761,0.0700358227885128,-9.167039998351811,5.250182018947016e-20,-0.1643731400961254,0.05736194003323231,-2.865543599133794,0.004166638166051198,1.7235329320475805,1.2071223291167905,1.4278030407312818,0.15336186671574972,1.3256231548921273,0.345877095514564,3.8326422075448145,0.00012710485019607764
0.864,0.0216685591475948,0.021038109707684827,23293,-1.1771215151262258,0.027841859959684995,-42.278839015450025,0.0,0.43280999239536605,0.24156113468903995,1.7917203152424312,0.07319076342889876,1.9385568190361844,0.6825079049919143,2.8403433936184967,0.0045104083531159085,5.211572819629682,0.929744243627927,5.6053832603402425,2.1014753040013725e-08,-0.3013734976961973,0.1848674296511599,-1.6302141392071139,0.10306977674778853,0.21268875824576838,0.03897033616170117,5.457709098614147,4.8723842822289754e-08,2.9723389397881403,2.458926492375902,1.2087953621241279,0.22675375255456667,2.8141016506645293,0.2951950001359535,9.53302613312719,1.6721902890960776e-21,-0.505836024746899,0.06277241129097391,-8.058253846616747,8.10827095886341e-16,0.12672714485652878,0.07207237136432584,1.7583318330948632,0.07870420446269755,4.349539648852452,1.0041742329513268,4.331459129427072,1.4874398672751445e-05,1.7381603999113036,0.5969886293907014,2.911546911178702,0.00359985152228879,-0.8211164325686419,0.07213972115294798,-11.382306715987175,6.1475067065418634e-30,-0.31853135859692144,0.0585382242201742,-5.441425031939132,5.33891241285302e-08,2.722356919279337,1.4198438685578465,1.9173635774787474,0.05520398362462057,1.412866295460557,0.40517682442493846,3.4870363019055137,0.0004893056226345745
0.918,0.022040713174905302,0.021435299510719985,22630,-1.1958640720239584,0.028718258559685995,-41.64124609222245,0.0,0.27626363470741483,0.2476750276202586,1.1154278950197152,0.264678953751168,2.2821343174054656,0.721299146013846,3.163922111952227,0.0015586448339369387,2.697508636611552,1.019666699321594,2.6454807619060836,0.008163133405022062,-0.5166447082129447,0.18984607693690408,-2.721387328876188,0.006505828740757456,0.14933249413050462,0.039984771047742125,3.7347342555044385,0.00018837468731714194,2.6377673733641087e-15,3.424068333863497e-16,7.703606108782948,1.3770041447825713e-14,3.429880233352714,0.45673167860472547,7.509617558892985,6.149461670426528e-14,-0.6523430715686253,0.06510310681592368,-10.020152700440212,1.3922623775693667e-23,-0.12468913819690837,0.0743107006122653,-1.6779432459869432,0.09337199663519638,4.091088254058166,1.2486664476032363,3.2763659677977577,0.0010531053600605271,1.725718878787251,0.6930475749492081,2.490043888998133,0.012779855850566178,-1.0103361767236665,0.0756649757829026,-13.35275887251343,1.6254310172419227e-40,-0.4612383945403047,0.06018705780861695,-7.663414882431242,1.8831940648152118e-14,2.8190903712956707,1.76564748927163,1.5966326168869698,0.1103615959945977,1.2262733477554961,0.5734954074568279,2.1382444075592857,0.032507596526635554
0.972,0.027376151602517496,0.026774040884959938,22630,-1.217667712831357,0.029377146934339543,-41.44948845961623,0.0,0.1804111697437794,0.25335748207869385,0.7120814758008329,0.4764216701624352,2.2596552460768065,0.7378480471586809,3.0624940389533175,0.0021975862930509594,2.819721208032518,1.0430611030180448,2.7033135449819734,0.006870324508030514,-0.7368916609706121,0.19420175096941325,-3.7944645570506337,0.00014834789831095425,0.12261064800968018,0.04090214912454251,2.99765784033363,0.0027235839903814725,2.6741398272658958e-15,3.5026273737340074e-16,7.634668327322255,2.353527622845378e-14,3.5243199484000476,0.46721055888721924,7.543322558450117,4.7540525453934394e-14,-0.7606268479900616,0.06659677956581164,-11.42137582251109,3.955452731711629e-30,-0.3596164869828132,0.07601562490786705,-4.730823267172741,2.24961338802656e-06,4.607221805813661,1.277314835333147,3.606958659187587,0.0003104741950567339,1.7842144639849251,0.7089482950178297,2.5167060510950985,0.011852621229070168,-1.207853361149819,0.07740097146690907,-15.605144719226267,1.2944766416839708e-54,-0.5894162470259998,0.06156794072713651,-9.573427989710405,1.136817748177897e-21,2.3940117137076387,1.806157069683668,1.3254726036240736,0.18502783976971968,1.3174248905058965,0.5866532197978919,2.2456620811861616,0.02473527753412643
1.026,0.03303521614772398,0.03242346202535362,22144,-1.2199345062527753,0.03028653404198527,-40.279766069026536,0.0,0.12272413023268025,0.2659588875905728,0.46144022989600725,0.6444873297078354,3.2375114715357842,0.8679791647839572,3.7299414581473407,0.000192002323819223,3.330989820861653,1.3015283423493265,2.559291036912068,0.010495176782128085,-0.9393973614836857,0.20129825542372248,-4.666694003414499,3.078768675328325e-06,0.10077394170997014,0.042057178595608105,2.396117501816768,0.016578028185288956,-7.517509197913195e-16,6.317191907585312e-16,-1.1900080459621012,0.23405599625749762,3.303215159554078,0.5686867814879121,5.808496464277834,6.38994687420136e-09,-0.8800588015589059,0.06890372855643173,-12.772295781325436,3.1696062765567084e-37,-0.5749040998559068,0.07817100420396261,-7.354441787083554,1.9839858018893705e-13,4.935322510981932,1.3015283423507864,3.7919439403585185,0.00014986964278230046,1.8684788978341096,0.7518445260890296,2.485193192206408,0.012955444023499404,-1.4162624942654132,0.08059603856214491,-17.57235863613049,1.1744112767983433e-68,-0.715834600151369,0.0633550376524379,-11.298779492143886,1.602987676573993e-29,2.3501050724770103,1.8403898439562938,1.2769604658461815,0.2016296037319888,1.5095786011359085,0.6726065773964074,2.244370857893385,0.02481839136311607
1.08,0.03963568692117647,0.039012940261468065,21605,-1.2091422095956612,0.031379835062514815,-38.53245905170667,0.0,0.06173993219898762,0.273169079265452,0.2260136189828127,0.8211929674180458,3.796547190391273,1.3297610077324487,2.855059795192271,0.004306972686621075,3.6355464487084728,1.3297610077338542,2.7339848495814154,0.006262391794871222,-1.0798862271535021,0.20997398791431876,-5.14295240986782,2.728167348845111e-07,0.082947689302048,0.04342042651633115,1.9103379666445697,0.05610294614301286,8.260142676373484e-15,2.1239792724255907e-15,3.8889940140236754,0.00010096204152157123,3.4539516917093005,0.6456122663285526,5.349885483668276,8.890603023771918e-08,-1.0119559491709595,0.07164661759606475,-14.12426689667681,4.275255109257887e-45,-0.7784174007008415,0.08091075165080211,-9.620691747622946,7.234265616650891e-22,5.904101171228334,1.535368865201424,3.845395920838723,0.00012070334851749401,2.4901384605183505,0.8413658844421376,2.9596380202287635,0.00308335145228147,-1.623284732883385,0.08454484862057152,-19.200279607436734,1.759560714534372e-81,-0.8456248678326541,0.06545942366722728,-12.918306035377183,4.90987338185901e-38,2.060183157056714,1.8803042257361,1.0956648019286321,0.27323771336175995,1.4568462282761638,0.7380806500221226,1.9738306758651611,0.04841372811495688
1.134,0.04468662822322089,0.04404704201477194,20926,-1.2000771969589004,0.03269231571767751,-36.70823466047681,6.122910185286846e-286,0.04270972639035596,0.2850253809510454,0.14984534446667955,0.8808880786497217,3.8938045750475525,1.3583057218219339,2.866662867196556,0.004152387967788459,4.033802699287723,1.3583057218221108,2.9697310660493605,0.0029839889303851846,-1.2188750128706745,0.21851876221909994,-5.577896380579704,2.4645632875992712e-08,0.06538818650117806,0.04501441884189502,1.4526053692005267,0.1463483590119053,6.581940689395428e-16,1.0334374103598253e-15,0.6368978540368215,0.5241983527547922,3.798380883674374,0.7019845391602466,5.410918149590888,6.33914545037752e-08,-1.1123001124884615,0.07455169508612325,-14.919850061135639,4.432163167941062e-50,-0.9453859655823188,0.08393959764575978,-11.262693557002951,2.4361538943818466e-29,0.47555949944094134,1.9206561588064932,0.24760262125025895,0.8044443134146242,2.405408681574488,0.9058649441441037,2.6553723014938075,0.007928096226152603,-1.7999997071210398,0.08922985763530628,-20.172616597438342,1.2145334046183057e-89,-0.9630735205770147,0.06795742250086544,-14.171719366854298,2.224404753560902e-45,2.686404370487645,2.7160212394608507,0.9890954943419055,0.32262786633616236,1.2837071539437386,0.7846723326639514,1.6359786123534787,0.10185911338092701
1.188,0.050271993278804605,0.049614482048753406,20237,-1.196188018118046,0.034087869852856834,-35.0913102895984,6.300432189839526e-262,-0.037199292787593874,0.2930171360797499,-0.12695261883069328,0.8989791619470584,4.656744230077596,1.6032174247079332,2.904624262629843,0.003680923713701554,4.442050025246584,1.3885316268925167,3.1990989180330955,0.001380704209548797,-1.3915544614895627,0.22997764454874525,-6.0508249148304225,1.4664217824894694e-09,0.05334599982313192,0.046726608885319314,1.1416621299024399,0.25360800634594327,1.2885327300180593e-16,8.58578559064159e-16,0.15007744095339923,0.8807050146593762,3.741483570756125,0.7427603028202427,5.037269165503061,4.762851573466472e-07,-1.2350315459626613,0.07795791940309048,-15.842284599423277,3.4620365954752848e-56,-1.126145624715223,0.08721424384431212,-12.912404844391336,5.414781499522331e-38,0.5047779598673381,1.9633843675882525,0.25709584338159336,0.7971074019584401,2.0214599278188263,0.9821359533569812,2.058228212610884,0.039581016153796986,-1.9253283317225027,0.09425954069181942,-20.42581915413044,8.32130621247682e-92,-1.1009829923609313,0.07063222047509451,-15.587546093770998,1.8357722239405312e-54,2.465346902431334,2.7764355506494414,0.8879539457901913,0.3745760859475491,1.148343972618109,0.8785813686138164,1.3070433924975113,0.19121283689034185
1.242,0.0567085733280438,0.056029771992993416,19470,-1.1844966298957569,0.03546936071574965,-33.394924689742105,8.116143616518071e-238,-0.124729957401001,0.29794355804216416,-0.4186361947901205,0.6754866542917972,5.050441964152773,2.8222112437603935,1.789533641508501,0.07354446321372454,4.426295347683794,1.4114399146846912,3.13601401067973,0.0017151609718602035,-1.4800888867965898,0.241124579623503,-6.138274617658771,8.503772693012757e-10,0.021575134231496776,0.04836687225269312,0.44607255393272716,0.6555498019101453,3.71317629241611e-15,1.0938366110117083e-15,3.3946352270854505,0.0006885728577653411,3.345577660402081,0.7834820311620696,4.270139616909761,1.9627670604200256e-05,-1.3632058909180103,0.08134600548298013,-16.758117166591926,1.3577086831056944e-62,-1.3220885859862177,0.09039324419155474,-14.625966772301528,3.4578317683559594e-48,0.5109390310862865,1.9957623079874518,0.25601196547374566,0.7979443047578096,2.0208478255922504,0.9983538221280318,2.02417998589391,0.04296527350029078,-2.111634558740966,0.09947565287956923,-21.227652170299685,7.0083460146435805e-99,-1.2423902973897714,0.07314626988244266,-16.98501235109438,3.0800139895596306e-64,2.381435721306667,2.8222112437625593,0.8438190892230121,0.39878088172776616,1.1214027285136359,0.9413312623216243,1.1912944713510285,0.233552536669063
1.296,,,18630,,,,,,,,,,,,,,,,,,,,,,,,,,,,,,,,,,,,,,,,,,,,,,,,,,,,,,,,,,,,,,,,
1.35,,,16868,,,,,,,,,,,,,,,,,,,,,,,,,,,,,,,,,,,,,,,,,,,,,,,,,,,,,,,,,,,,,,,,
1.404,,,16868,,,,,,,,,,,,,,,,,,,,,,,,,,,,,,,,,,,,,,,,,,,,,,,,,,,,,,,,,,,,,,,,
1.458,,,15887,,,,,,,,,,,,,,,,,,,,,,,,,,,,,,,,,,,,,,,,,,,,,,,,,,,,,,,,,,,,,,,,
1.512,,,14903,,,,,,,,,,,,,,,,,,,,,,,,,,,,,,,,,,,,,,,,,,,,,,,,,,,,,,,,,,,,,,,,
1.566,,,13956,,,,,,,,,,,,,,,,,,,,,,,,,,,,,,,,,,,,,,,,,,,,,,,,,,,,,,,,,,,,,,,,
1.6199999999999999,,,12960,,,,,,,,,,,,,,,,,,,,,,,,,,,,,,,,,,,,,,,,,,,,,,,,,,,,,,,,,,,,,,,,
1.674,,,11916,,,,,,,,,,,,,,,,,,,,,,,,,,,,,,,,,,,,,,,,,,,,,,,,,,,,,,,,,,,,,,,,
1.728,,,10842,,,,,,,,,,,,,,,,,,,,,,,,,,,,,,,,,,,,,,,,,,,,,,,,,,,,,,,,,,,,,,,,
1.782,,,9812,,,,,,,,,,,,,,,,,,,,,,,,,,,,,,,,,,,,,,,,,,,,,,,,,,,,,,,,,,,,,,,,
1.836,,,7914,,,,,,,,,,,,,,,,,,,,,,,,,,,,,,,,,,,,,,,,,,,,,,,,,,,,,,,,,,,,,,,,
1.89,,,7914,,,,,,,,,,,,,,,,,,,,,,,,,,,,,,,,,,,,,,,,,,,,,,,,,,,,,,,,,,,,,,,,
1.944,,,7035,,,,,,,,,,,,,,,,,,,,,,,,,,,,,,,,,,,,,,,,,,,,,,,,,,,,,,,,,,,,,,,,
1.998,,,6251,,,,,,,,,,,,,,,,,,,,,,,,,,,,,,,,,,,,,,,,,,,,,,,,,,,,,,,,,,,,,,,,
2.052,,,5561,,,,,,,,,,,,,,,,,,,,,,,,,,,,,,,,,,,,,,,,,,,,,,,,,,,,,,,,,,,,,,,,
2.106,,,4884,,,,,,,,,,,,,,,,,,,,,,,,,,,,,,,,,,,,,,,,,,,,,,,,,,,,,,,,,,,,,,,,
2.16,,,4339,,,,,,,,,,,,,,,,,,,,,,,,,,,,,,,,,,,,,,,,,,,,,,,,,,,,,,,,,,,,,,,,
2.214,,,3797,,,,,,,,,,,,,,,,,,,,,,,,,,,,,,,,,,,,,,,,,,,,,,,,,,,,,,,,,,,,,,,,
2.268,,,3384,,,,,,,,,,,,,,,,,,,,,,,,,,,,,,,,,,,,,,,,,,,,,,,,,,,,,,,,,,,,,,,,
2.322,,,2959,,,,,,,,,,,,,,,,,,,,,,,,,,,,,,,,,,,,,,,,,,,,,,,,,,,,,,,,,,,,,,,,
2.376,,,2594,,,,,,,,,,,,,,,,,,,,,,,,,,,,,,,,,,,,,,,,,,,,,,,,,,,,,,,,,,,,,,,,
2.43,,,2005,,,,,,,,,,,,,,,,,,,,,,,,,,,,,,,,,,,,,,,,,,,,,,,,,,,,,,,,,,,,,,,,
2.484,,,2005,,,,,,,,,,,,,,,,,,,,,,,,,,,,,,,,,,,,,,,,,,,,,,,,,,,,,,,,,,,,,,,,
2.538,,,1760,,,,,,,,,,,,,,,,,,,,,,,,,,,,,,,,,,,,,,,,,,,,,,,,,,,,,,,,,,,,,,,,
2.592,,,1531,,,,,,,,,,,,,,,,,,,,,,,,,,,,,,,,,,,,,,,,,,,,,,,,,,,,,,,,,,,,,,,,
2.646,,,1347,,,,,,,,,,,,,,,,,,,,,,,,,,,,,,,,,,,,,,,,,,,,,,,,,,,,,,,,,,,,,,,,
2.7,,,996,,,,,,,,,,,,,,,,,,,,,,,,,,,,,,,,,,,,,,,,,,,,,,,,,,,,,,,,,,,,,,,,
2.754,,,996,,,,,,,,,,,,,,,,,,,,,,,,,,,,,,,,,,,,,,,,,,,,,,,,,,,,,,,,,,,,,,,,
2.808,,,850,,,,,,,,,,,,,,,,,,,,,,,,,,,,,,,,,,,,,,,,,,,,,,,,,,,,,,,,,,,,,,,,
2.862,,,725,,,,,,,,,,,,,,,,,,,,,,,,,,,,,,,,,,,,,,,,,,,,,,,,,,,,,,,,,,,,,,,,
2.916,,,611,,,,,,,,,,,,,,,,,,,,,,,,,,,,,,,,,,,,,,,,,,,,,,,,,,,,,,,,,,,,,,,,
2.9699999999999998,,,520,,,,,,,,,,,,,,,,,,,,,,,,,,,,,,,,,,,,,,,,,,,,,,,,,,,,,,,,,,,,,,,,
3.024,,,434,,,,,,,,,,,,,,,,,,,,,,,,,,,,,,,,,,,,,,,,,,,,,,,,,,,,,,,,,,,,,,,,
3.078,,,370,,,,,,,,,,,,,,,,,,,,,,,,,,,,,,,,,,,,,,,,,,,,,,,,,,,,,,,,,,,,,,,,
3.132,,,323,,,,,,,,,,,,,,,,,,,,,,,,,,,,,,,,,,,,,,,,,,,,,,,,,,,,,,,,,,,,,,,,
3.186,,,277,,,,,,,,,,,,,,,,,,,,,,,,,,,,,,,,,,,,,,,,,,,,,,,,,,,,,,,,,,,,,,,,
3.2399999999999998,,,232,,,,,,,,,,,,,,,,,,,,,,,,,,,,,,,,,,,,,,,,,,,,,,,,,,,,,,,,,,,,,,,,
3.294,,,199,,,,,,,,,,,,,,,,,,,,,,,,,,,,,,,,,,,,,,,,,,,,,,,,,,,,,,,,,,,,,,,,
3.348,,,176,,,,,,,,,,,,,,,,,,,,,,,,,,,,,,,,,,,,,,,,,,,,,,,,,,,,,,,,,,,,,,,,
3.402,,,126,,,,,,,,,,,,,,,,,,,,,,,,,,,,,,,,,,,,,,,,,,,,,,,,,,,,,,,,,,,,,,,,
3.456,,,126,,,,,,,,,,,,,,,,,,,,,,,,,,,,,,,,,,,,,,,,,,,,,,,,,,,,,,,,,,,,,,,,
3.51,,,106,,,,,,,,,,,,,,,,,,,,,,,,,,,,,,,,,,,,,,,,,,,,,,,,,,,,,,,,,,,,,,,,
3.564,,,91,,,,,,,,,,,,,,,,,,,,,,,,,,,,,,,,,,,,,,,,,,,,,,,,,,,,,,,,,,,,,,,,
3.618,,,74,,,,,,,,,,,,,,,,,,,,,,,,,,,,,,,,,,,,,,,,,,,,,,,,,,,,,,,,,,,,,,,,
3.672,,,54,,,,,,,,,,,,,,,,,,,,,,,,,,,,,,,,,,,,,,,,,,,,,,,,,,,,,,,,,,,,,,,,
3.726,,,54,,,,,,,,,,,,,,,,,,,,,,,,,,,,,,,,,,,,,,,,,,,,,,,,,,,,,,,,,,,,,,,,
3.78,,,45,,,,,,,,,,,,,,,,,,,,,,,,,,,,,,,,,,,,,,,,,,,,,,,,,,,,,,,,,,,,,,,,
3.834,,,42,,,,,,,,,,,,,,,,,,,,,,,,,,,,,,,,,,,,,,,,,,,,,,,,,,,,,,,,,,,,,,,,
3.888,,,37,,,,,,,,,,,,,,,,,,,,,,,,,,,,,,,,,,,,,,,,,,,,,,,,,,,,,,,,,,,,,,,,
3.942,,,27,,,,,,,,,,,,,,,,,,,,,,,,,,,,,,,,,,,,,,,,,,,,,,,,,,,,,,,,,,,,,,,,
3.996,,,27,,,,,,,,,,,,,,,,,,,,,,,,,,,,,,,,,,,,,,,,,,,,,,,,,,,,,,,,,,,,,,,,
4.05,,,26,,,,,,,,,,,,,,,,,,,,,,,,,,,,,,,,,,,,,,,,,,,,,,,,,,,,,,,,,,,,,,,,
4.104,,,20,,,,,,,,,,,,,,,,,,,,,,,,,,,,,,,,,,,,,,,,,,,,,,,,,,,,,,,,,,,,,,,,
4.158,,,14,,,,,,,,,,,,,,,,,,,,,,,,,,,,,,,,,,,,,,,,,,,,,,,,,,,,,,,,,,,,,,,,
4.212,,,14,,,,,,,,,,,,,,,,,,,,,,,,,,,,,,,,,,,,,,,,,,,,,,,,,,,,,,,,,,,,,,,,
4.266,,,12,,,,,,,,,,,,,,,,,,,,,,,,,,,,,,,,,,,,,,,,,,,,,,,,,,,,,,,,,,,,,,,,
4.32,,,11,,,,,,,,,,,,,,,,,,,,,,,,,,,,,,,,,,,,,,,,,,,,,,,,,,,,,,,,,,,,,,,,
4.374,,,11,,,,,,,,,,,,,,,,,,,,,,,,,,,,,,,,,,,,,,,,,,,,,,,,,,,,,,,,,,,,,,,,
4.428,,,10,,,,,,,,,,,,,,,,,,,,,,,,,,,,,,,,,,,,,,,,,,,,,,,,,,,,,,,,,,,,,,,,
4.482,,,9,,,,,,,,,,,,,,,,,,,,,,,,,,,,,,,,,,,,,,,,,,,,,,,,,,,,,,,,,,,,,,,,
4.536,,,7,,,,,,,,,,,,,,,,,,,,,,,,,,,,,,,,,,,,,,,,,,,,,,,,,,,,,,,,,,,,,,,,
4.59,,,5,,,,,,,,,,,,,,,,,,,,,,,,,,,,,,,,,,,,,,,,,,,,,,,,,,,,,,,,,,,,,,,,
4.644,,,5,,,,,,,,,,,,,,,,,,,,,,,,,,,,,,,,,,,,,,,,,,,,,,,,,,,,,,,,,,,,,,,,
4.6979999999999995,,,4,,,,,,,,,,,,,,,,,,,,,,,,,,,,,,,,,,,,,,,,,,,,,,,,,,,,,,,,,,,,,,,,
4.752,,,4,,,,,,,,,,,,,,,,,,,,,,,,,,,,,,,,,,,,,,,,,,,,,,,,,,,,,,,,,,,,,,,,
4.806,,,4,,,,,,,,,,,,,,,,,,,,,,,,,,,,,,,,,,,,,,,,,,,,,,,,,,,,,,,,,,,,,,,,
4.86,,,2,,,,,,,,,,,,,,,,,,,,,,,,,,,,,,,,,,,,,,,,,,,,,,,,,,,,,,,,,,,,,,,,
4.914,,,2,,,,,,,,,,,,,,,,,,,,,,,,,,,,,,,,,,,,,,,,,,,,,,,,,,,,,,,,,,,,,,,,
4.968,,,2,,,,,,,,,,,,,,,,,,,,,,,,,,,,,,,,,,,,,,,,,,,,,,,,,,,,,,,,,,,,,,,,
5.022,,,2,,,,,,,,,,,,,,,,,,,,,,,,,,,,,,,,,,,,,,,,,,,,,,,,,,,,,,,,,,,,,,,,
5.076,,,2,,,,,,,,,,,,,,,,,,,,,,,,,,,,,,,,,,,,,,,,,,,,,,,,,,,,,,,,,,,,,,,,
5.13,,,2,,,,,,,,,,,,,,,,,,,,,,,,,,,,,,,,,,,,,,,,,,,,,,,,,,,,,,,,,,,,,,,,
5.184,,,2,,,,,,,,,,,,,,,,,,,,,,,,,,,,,,,,,,,,,,,,,,,,,,,,,,,,,,,,,,,,,,,,
5.2379999999999995,,,2,,,,,,,,,,,,,,,,,,,,,,,,,,,,,,,,,,,,,,,,,,,,,,,,,,,,,,,,,,,,,,,,
5.292,,,2,,,,,,,,,,,,,,,,,,,,,,,,,,,,,,,,,,,,,,,,,,,,,,,,,,,,,,,,,,,,,,,,
5.346,,,2,,,,,,,,,,,,,,,,,,,,,,,,,,,,,,,,,,,,,,,,,,,,,,,,,,,,,,,,,,,,,,,,
5.4,,,2,,,,,,,,,,,,,,,,,,,,,,,,,,,,,,,,,,,,,,,,,,,,,,,,,,,,,,,,,,,,,,,,
